snapshot

[SYSTEM] --> ML SNAPSHOT REQUESTED

[SNAPSHOT] Get ready to speak your keyword...
[SNAPSHOT] 3...
[SNAPSHOT] 2...
[SNAPSHOT] 1...
[SNAPSHOT] >>> SPEAK NOW <<<
[SNAPSHOT] Capture complete: 32000 samples (2000 ms)
[SNAPSHOT] *** ORACLE INPUT: set_a_timer ***
[SNAPSHOT] --- BEGIN PCM ---
PCM,-2,-93,-79,44,-271,-5,-141,-312,-17,-199,-67,-245,11,-217,-100,-85
PCM,-407,194,-361,-14,-152,-425,198,-222,-198,63,-160,-170,94,-155,-211,-56
PCM,-164,-183,58,-221,-69,-229,-203,29,-464,68,-139,-199,-199,112,-265,-361
PCM,17,-371,66,-278,110,-185,-139,-31,-229,-82,-266,58,-319,97,-85,-121
PCM,42,-173,-87,-131,-133,-149,60,-219,169,-173,-165,223,-475,153,-93,-296
PCM,216,-288,88,159,-407,190,-33,-367,203,-394,-28,-77,-196,288,-289,-36
PCM,166,-191,130,164,-504,634,-248,-310,611,-498,171,-48,-219,260,-33,-173
PCM,481,-327,104,189,-266,383,-359,190,21,21,32,123,-144,252,234,-196
PCM,469,-144,47,27,300,-9,143,3,22,141,-49,417,-310,309,86,-85
PCM,401,-139,79,355,-407,432,313,-400,640,-235,461,99,-341,650,-407,349
PCM,365,-265,515,-162,-41,510,-400,285,125,-61,461,-93,96,11,287,-462
PCM,492,75,-390,817,-664,667,30,-325,329,-51,-190,171,260,-511,784,-632
PCM,246,295,-529,251,-41,83,-190,518,-493,342,-129,-351,453,-597,293,-198
PCM,-155,84,-18,-193,110,-199,-245,373,-757,456,-387,-252,450,-602,216,-144
PCM,-115,-268,215,-429,63,88,-638,531,-566,148,16,-442,272,-356,-147,42
PCM,-387,92,-167,-188,212,-596,198,-296,-227,146,-332,89,-131,-168,-30,94
PCM,-416,136,-110,-237,130,-170,104,-113,-129,189,-168,-188,510,-553,127,9
PCM,-247,171,-247,120,-240,313,-350,371,-358,35,106,-190,497,-624,773,-604
PCM,472,-43,-147,353,-252,212,89,393,-747,1146,-1048,660,352,-863,1138,-684
PCM,389,218,24,-346,844,-643,210,764,-726,848,-185,27,231,184,-128,499
PCM,-102,-15,476,-314,433,1,-90,427,92,34,179,84,133,66,384,-85
PCM,342,141,11,309,17,125,3,291,-222,786,-261,-22,756,-655,704,52
PCM,-133,526,-208,262,437,-351,432,68,-268,590,-431,544,-58,-279,910,-806
PCM,500,304,-583,867,-359,197,185,-292,536,-307,409,112,-268,547,-268,182
PCM,76,-165,415,-123,238,115,-90,123,-108,3,88,-237,104,260,-304,308
PCM,-172,-201,267,-276,61,195,-332,125,154,-570,459,-248,-302,489,-379,-76
PCM,275,-354,13,373,-637,500,-328,-180,448,-552,40,24,52,-473,587,-632
PCM,65,213,-606,603,-793,316,-126,-361,287,-250,-353,172,-261,-61,29,-534
PCM,417,-506,119,60,-346,244,-346,181,65,-429,419,-615,225,86,-485,476
PCM,-442,260,-263,88,-442,287,-457,140,376,-635,755,-984,699,-363,-301,311
PCM,-126,-255,481,-232,-188,686,-1183,1208,-911,176,303,-522,370,-85,-314,66
PCM,314,-1000,1396,-907,370,592,-894,541,176,-653,518,401,-873,1466,-1052,596
PCM,159,-867,888,-442,-38,508,-102,-172,746,-907,810,-441,-14,551,-752,1048
PCM,-532,213,352,-85,-110,500,-302,200,412,-612,882,-614,260,-15,-61,362
PCM,-312,375,-227,145,-36,57,84,252,-206,203,92,-350,533,-377,342,-10
PCM,182,70,-66,357,-638,965,-699,177,446,-862,1074,-681,229,-48,-45,-126
PCM,76,202,-558,963,-1145,817,-366,-428,508,-620,580,-529,549,-550,371,-338
PCM,-167,273,-721,557,-509,223,-51,-107,-167,200,-557,192,-188,-482,707,-1256
PCM,988,-663,-304,561,-915,482,-292,-304,189,-268,-266,112,-640,494,-849,373
PCM,-219,-467,494,-1083,962,-1212,458,47,-679,440,-100,-542,112,42,-994,901
PCM,-999,386,-196,-216,-74,-79,-322,-43,243,-1023,1184,-1043,288,101,-221,-198
PCM,202,-319,-274,686,-927,854,-850,510,-297,-229,102,-219,146,-309,539,-747
PCM,882,-932,701,-333,-126,619,-1004,1304,-1406,1489,-731,-211,1120,-1348,1048,-385
PCM,-10,0,396,-650,1056,-778,404,709,-1227,1833,-1635,1376,-661,316,608,-946
PCM,1316,-1271,1278,-692,601,-152,13,686,-721,1205,-871,618,-85,-31,176,383
PCM,-209,1,794,-992,1371,-687,335,324,-597,955,-782,768,-270,252,159,184
PCM,65,-118,1016,-1132,1575,-1030,459,745,-1630,1885,-1411,1014,-155,-128,766,-739
PCM,867,-469,55,-111,154,-385,879,-822,694,145,-757,1343,-1292,1322,-560,14
PCM,587,-715,675,-456,213,-115,-77,324,-462,455,3,-416,600,-770,350,-41
PCM,-289,344,-178,42,135,-219,-178,505,-513,353,-377,340,-558,182,355,-961
PCM,1201,-1297,869,-304,-460,826,-1096,521,-245,-7,-291,489,-305,48,195,-513
PCM,321,-438,316,-472,339,-548,-79,61,-542,428,-389,177,-190,283,-640,578
PCM,-579,-526,882,-1051,851,-367,42,208,-260,45,-208,132,-390,631,-645,355
PCM,-152,-346,360,-576,410,-707,546,-400,368,-120,-475,725,-1129,1084,-792,207
PCM,94,-224,363,-469,497,-793,698,-328,290,39,-180,150,61,-120,-147,331
PCM,-806,1102,-1049,789,-72,-637,1099,-1390,1042,-390,-22,486,-304,221,159,-278
PCM,30,420,-521,1050,-751,517,-257,-550,846,-1114,888,-702,517,146,-392,763
PCM,-1072,686,-149,-294,1001,-695,332,621,-715,732,-620,159,167,-108,784,-730
PCM,337,37,-304,273,-30,-589,846,-764,57,544,-1189,1024,-527,104,518,-144
PCM,-54,396,-214,-146,189,-312,445,-588,698,-317,123,-43,-327,438,-637,528
PCM,-467,-116,58,-211,-80,215,-216,91,-17,-266,440,-447,520,-372,412,-283
PCM,264,270,-813,787,-888,468,-196,-133,-25,127,-193,-152,339,-1224,813,-715
PCM,213,265,-506,322,-97,-51,-268,280,-315,128,-90,-84,125,-195,-154,110
PCM,-346,231,-66,106,-20,-336,636,-522,141,-25,-345,358,287,-266,477,-620
PCM,208,357,-695,895,-270,327,75,-157,-245,197,-752,83,262,-646,939,-413
PCM,349,-330,200,-387,30,239,-454,732,-230,539,-183,510,-315,128,471,-102
PCM,564,-10,415,-302,590,-599,675,70,-562,1743,-1317,701,365,-808,570,-124
PCM,-154,283,433,-685,1203,-883,433,66,-323,477,-516,1004,-1295,1763,-1648,766
PCM,221,-1229,1743,-1253,1120,-521,616,-778,761,-762,265,464,-938,1612,-1134,1311
PCM,-710,760,-542,-2,287,-279,613,-655,696,-1227,893,-886,318,-168,-204,592
PCM,-491,637,-757,453,-806,184,-62,136,-84,-97,71,-85,482,-579,652,-712
PCM,441,-180,94,179,-279,-27,-237,132,-880,1035,-785,399,39,-602,510,-418
PCM,164,-175,140,-389,384,-555,61,-72,-438,345,-363,70,-421,14,-239,-154
PCM,-637,-18,52,-597,228,-354,298,-359,-25,14,-692,-80,-129,290,-382,296
PCM,-175,40,200,-137,42,-336,241,-674,649,-260,1,-144,-345,443,-705,174
PCM,-142,282,-451,613,-348,-45,430,-553,587,-366,83,-180,159,-439,409,-462
PCM,-431,526,-496,368,-120,-38,-214,410,91,507,-25,203,547,158,1068,244
PCM,826,278,313,484,195,151,446,169,267,587,47,520,-224,117,50,-142
PCM,91,117,256,-80,114,-93,-286,127,-213,319,856,-74,575,231,-581,-180
PCM,-152,-92,482,342,637,484,-40,254,-278,107,-270,32,125,161,212,-454
PCM,-366,-632,-168,-558,435,-85,-97,335,-320,567,-842,-195,-273,55,557,-160
PCM,921,37,-405,146,-240,-562,86,-542,238,39,-465,424,-646,-93,-447,-397
PCM,-137,-359,503,218,-195,280,-377,-454,370,-459,339,13,-297,821,-266,-320
PCM,61,301,1430,1485,1402,1409,1076,797,1182,1229,769,941,1221,1800,1342,1040
PCM,220,-307,-151,-372,96,-168,-250,-319,-226,-449,-653,-1186,-1172,-191,-294,1
PCM,-151,-10,-36,-501,-118,-46,78,-134,-56,461,202,-74,-186,-261,-139,-165
PCM,76,381,61,-115,34,270,-2,-110,120,399,355,-59,737,523,73,1151
PCM,2793,3393,3062,2968,3020,2762,2405,3203,2991,2819,2753,3707,3987,2506,1511,233
PCM,32,-258,-82,-193,-193,-917,-1114,-762,-1519,-2121,-3005,-1798,-1105,-752,-679,-425
PCM,-496,-966,-516,-314,-149,-873,-113,567,572,-274,-449,3,-418,-658,-392,386
PCM,-385,-271,84,200,-372,-565,288,375,208,73,1020,746,314,424,2351,5641
PCM,6624,6655,6471,6094,5302,5497,6621,6290,4910,5506,7885,7978,5271,1973,-493,-2093
PCM,-2372,-1698,-1558,-2559,-3624,-3130,-2545,-3735,-5999,-6867,-5456,-2910,-963,335,649,-137
PCM,-7,802,1423,755,102,1003,2537,3080,2443,1285,-356,-1127,-1090,-381,-230,-1163
PCM,-1493,-746,-288,-518,-1162,-1630,-1217,-726,709,1614,1229,593,380,3286,8826,12207
PCM,11013,8674,8526,8769,7968,8290,8303,6047,5475,9506,11604,6200,-1416,-5327,-6870,-7881
PCM,-6648,-4843,-5529,-7152,-5722,-3339,-4755,-8775,-10145,-6756,-1945,1908,4861,6261,4933,3482
PCM,4387,5364,3415,1329,2415,4736,5259,3850,1898,-1379,-4104,-4627,-3682,-3238,-3812,-3491
PCM,-2497,-1514,-1446,-1772,-1980,-1814,-870,1187,3402,3638,2859,2567,2790,4995,11096,16558
PCM,15355,10245,8776,9350,7309,5724,6280,5112,2891,6191,10382,5460,-6102,-13129,-13839,-13452
PCM,-11401,-7444,-5541,-6947,-6165,-2586,-2085,-6488,-9378,-5518,2213,9051,12789,13655,11380,7836
PCM,6481,6952,5585,2053,815,3250,5217,3586,-663,-5454,-9388,-10515,-8390,-5888,-5316,-5407
PCM,-3975,-1465,68,-198,-1030,-1017,962,4178,6735,7123,5510,3964,3393,3403,5502,11405
PCM,16655,15554,9924,6869,5362,1820,-113,1626,2253,256,3057,7471,2633,-9943,-17577,-17735
PCM,-16913,-13353,-5754,-578,-2210,-2793,800,1533,-2778,-4926,182,7759,14283,18798,19861,15190
PCM,7830,3736,3194,2030,-1178,-2285,-586,233,-2222,-5963,-9908,-14266,-15814,-12064,-6146,-3300
PCM,-2497,-382,2232,3214,3348,4028,4167,4564,7197,10565,10623,7099,3729,1774,525,-677
PCM,1242,7427,13132,12996,7578,3348,254,-2838,-3111,605,2578,1418,4175,8409,4261,-8044
PCM,-16251,-17564,-15927,-10588,-1682,3248,879,-467,1777,2213,-1757,-3375,756,7903,15149,19861
PCM,19551,12639,4175,-645,-1237,-1719,-3349,-3941,-3106,-2599,-3920,-6788,-11402,-15245,-14935,-9832
PCM,-3668,771,3108,3977,4581,5510,6363,5765,5170,6050,8211,9418,8554,5713,1578,-2202
PCM,-4244,-4143,-1289,5791,12740,13447,7348,1842,-361,-2241,-2374,525,3552,3806,6288,9769
PCM,5202,-8046,-18503,-19580,-15845,-9313,-1085,4320,3106,1056,2309,2617,-948,-3655,841,10030
PCM,18243,21350,18822,11215,1632,-4339,-4918,-4223,-6099,-7289,-4934,-2432,-4424,-9207,-13209,-15414
PCM,-14097,-7664,929,5563,6169,6836,8567,8934,7363,6132,5708,6213,7551,8898,7440,2319
PCM,-3277,-6413,-6849,-6907,-6886,-4088,4741,14446,16301,9547,2718,48,-1563,171,5866,9165
PCM,6376,6316,10172,5484,-9714,-21452,-22419,-19198,-12032,-570,6768,3842,-341,1237,2129,-1119
PCM,-2396,3343,12217,20049,23730,20955,11408,-454,-8043,-9064,-7248,-7548,-7744,-5197,-3235,-6072
PCM,-10988,-14030,-15675,-14053,-6244,4206,9963,10785,11212,11307,9392,6774,5704,5638,5907,7109
PCM,7720,5445,-407,-6439,-9660,-10409,-10060,-9235,-4185,6610,17468,19282,11409,3633,655,84
PCM,1890,7463,10641,7926,7223,10495,5039,-12767,-26273,-26547,-20989,-13288,-847,8151,4997,-756
PCM,1151,3814,-537,-2688,5005,16094,23012,25765,23284,11625,-3584,-11616,-10716,-9033,-9923,-8977
PCM,-5384,-4417,-7886,-11794,-14721,-17003,-14588,-4034,8045,13468,13701,13864,12952,9364,6794,6525
PCM,5700,4551,6145,7753,4101,-3257,-9204,-12586,-13925,-12110,-8207,-2869,6677,18155,21477,13464
PCM,5020,2263,1241,2583,9005,13332,9356,6774,9169,3230,-14767,-28217,-28499,-23664,-15030,-831
PCM,8658,4767,-894,1303,3410,32,-364,7547,17160,24530,28462,24773,11080,-4552,-12557,-12846
PCM,-10957,-10075,-8817,-6891,-6089,-8253,-12361,-16422,-17981,-13859,-3148,8948,15758,16640,15115,13021
PCM,9999,7406,5956,5276,5145,6223,6721,3343,-3799,-10993,-14679,-14866,-12441,-6082,5969,17736
PCM,20283,13177,5869,2614,331,1060,6708,11563,10322,9981,11843,4395,-14248,-28457,-29134,-23339
PCM,-13903,-806,7717,4493,-353,1583,3009,-930,-1604,7221,18018,25496,28665,24424,10190,-5591
PCM,-12480,-11833,-10504,-10275,-8202,-6169,-6715,-9616,-13051,-16678,-18278,-13136,-1592,9924,15555,16328
PCM,14799,12210,9244,7523,6996,6125,5845,6703,6649,2314,-5148,-11680,-15061,-14896,-11856,-4941
PCM,6262,17173,19799,12895,5553,2772,1533,2164,7521,12240,10684,9456,11227,4167,-14744,-28664
PCM,-28346,-22289,-14376,-2062,6567,3224,-1881,841,3322,-591,-1186,7965,18948,25607,28022,23643
PCM,10299,-4430,-10990,-10391,-9287,-9494,-8424,-6614,-7186,-10562,-14199,-16884,-17747,-13270,-2274,9294
PCM,14582,14635,13686,12220,9472,7709,7817,7577,6725,6936,6985,2720,-4914,-11229,-13704,-13567
PCM,-8912,3201,15895,18206,10097,3773,2403,479,-327,4478,9443,8810,10191,14454,7691,-12392
PCM,-27098,-26965,-21005,-13069,-1157,6476,2705,-1868,1009,2611,-2142,-2969,5946,17145,24840,28182
PCM,23284,9306,-4662,-9925,-8703,-7376,-7364,-7253,-6544,-6661,-9113,-14061,-18613,-18893,-12808,-1826
PCM,8838,13931,12892,10532,9679,9337,8307,7683,8033,8516,8828,7794,3555,-4053,-11115,-14026
PCM,-12616,-9373,-4032,5719,15583,17207,9792,3548,2253,1332,1883,7352,12289,10852,10113,11646
PCM,3883,-14188,-26102,-25174,-20139,-12851,-1654,4750,383,-3673,-646,769,-2881,-1902,7637,18003
PCM,24708,27300,22428,9123,-3786,-7999,-6180,-5304,-6175,-5684,-4944,-6751,-10613,-14604,-18422,-19820
PCM,-13914,-1899,8002,11142,10605,9759,8407,7384,7973,8754,8303,8570,10387,9991,4550,-3602
PCM,-9745,-12105,-11022,-5427,5210,14953,15461,7815,1888,675,-751,-1333,2831,7910,9385,12031
PCM,14802,6187,-12864,-25172,-23716,-17362,-9758,-234,4189,107,-2695,182,-142,-5617,-5250,4778
PCM,16816,24664,26620,20065,6602,-3928,-5844,-3647,-3760,-4733,-3719,-2519,-4384,-9015,-14586,-19723
PCM,-20151,-12575,-630,6791,8011,7397,7348,6497,5576,6411,7458,8319,10278,12815,10881,3891
PCM,-3438,-7555,-9150,-8949,-3939,6215,15234,15332,7743,857,-1778,-2713,-1260,3447,7135,7924
PCM,11008,14122,5695,-12554,-24265,-22897,-16181,-7679,1578,4437,-963,-3701,-444,-803,-6255,-5875
PCM,4189,15854,23796,25600,18538,4992,-4464,-4906,-2093,-1473,-2253,-1887,-1762,-3297,-7661,-14260
PCM,-19846,-19694,-12011,-1209,6318,7505,5015,3351,3888,4754,5086,6018,8288,10902,12639,11600
PCM,5951,-2354,-7632,-7446,-2721,6305,15692,16911,7960,238,-971,-1917,-4203,-2338,2397,4905
PCM,9571,14627,7409,-12038,-24406,-22033,-14814,-6925,1944,4741,-557,-1659,2562,277,-8078,-8158
PCM,2501,14221,22811,25253,17258,3030,-4665,-3616,-1548,-1795,-1715,-588,-45,-775,-5229,-13464
PCM,-20304,-19278,-10871,-837,5455,6150,3684,1771,2128,2811,3059,3974,6872,10945,13601,12310
PCM,6081,-1860,-6541,-5981,-3161,619,7684,15552,16022,7758,287,-1914,-2905,-2608,1903,6460
PCM,7091,9173,12183,5013,-11732,-22144,-19953,-13296,-5847,1986,3574,-2300,-4724,-855,-1134,-7385
PCM,-8382,600,12354,20908,23056,15632,2557,-4838,-2176,2487,1996,-880,-852,1392,1741,-2509
PCM,-10504,-18148,-19291,-11306,-286,5044,2937,-617,-904,1099,2503,2236,1740,3488,8218,12907
PCM,13008,7055,-790,-4826,-3456,-288,2821,8234,14162,14471,8319,2681,75,-2354,-2734,1171
PCM,5015,5969,8855,11744,4719,-10117,-18712,-16804,-11505,-5363,782,1428,-2731,-2822,490,-2222
PCM,-9422,-9894,-1114,9756,17587,19001,12003,2072,-1914,260,1709,393,-92,1785,3964,3946
PCM,-250,-8233,-15276,-15581,-9034,-1504,1883,1197,-408,-837,-245,-85,-889,-946,2157,7319
PCM,10651,9927,6166,1534,-1949,-2173,-36,3044,8087,14104,15179,8862,2506,1169,1094,-199
PCM,451,3408,6040,9286,11683,6040,-7266,-15892,-13609,-7465,-3856,-1879,-1139,-2026,-1465,138
PCM,-2829,-10130,-12003,-3651,7585,13248,12279,7769,2656,200,1197,2048,119,-994,2479,6952
PCM,6531,1066,-5476,-10319,-11187,-6849,-1313,91,-1470,-1449,-62,-411,-1972,-2819,-2842,-981
PCM,3907,8528,8307,4266,1107,150,194,903,1630,1285,2012,7073,12664,11783,5010,525
PCM,1407,3746,5236,5868,5181,4352,7014,10552,7484,-1933,-8535,-7845,-4089,-1096,-4,-1711
PCM,-4521,-3716,-317,-1339,-7703,-11187,-6753,1317,6866,7539,4113,-137,-725,2182,3294,451
PCM,-1861,512,5393,7725,5170,-1067,-6806,-7687,-3685,88,-377,-2705,-2703,-232,1330,0
PCM,-3264,-5719,-4397,774,5848,6266,2664,-320,19,2015,2609,1094,-948,-826,3139,9079
PCM,11426,7466,1885,1016,4595,7190,6530,4348,3338,5351,9751,11739,7011,-741,-4148,-1796
PCM,1321,1674,-314,-2618,-2742,-159,1482,-1685,-7196,-9108,-5702,-532,2544,2390,159,-1525
PCM,-849,960,1047,-1077,-2576,-813,3067,5386,3941,63,-3112,-3589,-1783,-87,-317,-1475
PCM,-1255,422,1340,228,-1856,-3311,-2943,-677,1825,2521,1508,753,789,737,316,24
PCM,-2,324,1177,2669,4742,6412,6344,4449,3168,3981,5626,6399,6031,5501,5742,7463
PCM,9188,8210,4253,526,-160,1391,2686,2082,132,-1255,-656,812,339,-2830,-6028,-6055
PCM,-2745,857,1616,-539,-2607,-2152,-155,569,-987,-2861,-2600,150,2989,3087,324,-2517
PCM,-2887,-1313,8,-136,-1098,-1446,-542,905,1249,-336,-2411,-2752,-850,1371,1948,1004
PCM,39,141,913,1288,632,-369,-441,751,2053,2092,1485,1841,3178,4064,3994,3819
PCM,4005,4349,4889,5324,5156,4902,5598,6771,6755,5269,3578,2699,2624,2836,2552,1537
PCM,725,1022,1761,1301,-625,-2488,-2799,-1710,-504,-252,-933,-1638,-1503,-699,-413,-1372
PCM,-2625,-2608,-1154,272,380,-661,-1768,-1928,-1160,-452,-752,-1644,-1750,-687,420,401
PCM,-591,-1454,-1291,-307,588,627,99,-116,344,1014,1063,450,-98,122,866,1387
PCM,1639,2103,2725,3139,3301,3411,3550,3681,3969,4308,4532,4801,5324,5796,5647,4883
PCM,4059,3623,3454,3305,3007,2591,2281,2203,2182,1745,732,-330,-754,-493,-116,-144
PCM,-542,-865,-867,-710,-811,-1341,-1954,-2091,-1563,-981,-920,-1295,-1630,-1641,-1462,-1328
PCM,-1486,-1729,-1638,-1134,-663,-619,-839,-971,-813,-500,-291,-281,-229,42,335,428
PCM,380,393,466,497,547,658,779,1182,2045,2857,3046,2876,3002,3431,3777,3896
PCM,3914,4044,4511,5276,5740,5450,4664,4039,3912,3909,3596,3053,2710,2743,2845,2646
PCM,1975,999,252,110,259,159,-160,-323,-346,-418,-544,-767,-1198,-1703,-1793,-1418
PCM,-1096,-1167,-1476,-1636,-1558,-1426,-1454,-1666,-1852,-1741,-1323,-977,-919,-1033,-1082,-959
PCM,-743,-506,-367,-389,-400,-133,309,469,257,110,301,569,631,611,1122,2426
PCM,3684,3940,3424,3340,4057,4641,4424,4046,4483,5616,6567,6616,5819,4842,4269,4056
PCM,3733,3144,2607,2493,2741,2810,2100,864,-66,-398,-508,-637,-695,-692,-604,-503
PCM,-602,-1002,-1364,-1511,-1607,-1623,-1384,-1004,-927,-1077,-1181,-1251,-1387,-1418,-1312,-1362
PCM,-1457,-1242,-743,-535,-778,-1010,-883,-586,-411,-302,-261,-248,-62,311,526,368
PCM,176,247,455,631,1492,3602,5479,5486,4299,4106,5153,5713,5240,4809,5419,6840
PCM,8299,8583,6902,4321,2859,2937,3095,2436,1508,1135,1374,1674,1143,-734,-2988,-3799
PCM,-2762,-1318,-865,-1295,-1618,-1309,-643,-491,-1253,-2189,-2083,-778,530,777,161,-413
PCM,-542,-379,-358,-656,-1069,-1082,-630,-250,-186,-348,-612,-1038,-1247,-811,-137,24
PCM,-317,-475,-80,574,804,410,-129,-214,340,1055,2227,4661,7120,7231,5365,4638
PCM,5696,6146,5329,5062,6192,7980,9721,9801,6814,2518,435,882,1192,383,-500,-640
PCM,-190,252,-697,-3770,-6961,-7265,-4482,-1465,-581,-1529,-2013,-754,1019,913,-1237,-2594
PCM,-901,2516,4343,3327,1283,572,1303,1873,941,-836,-1573,-526,1022,1136,-253,-1746
PCM,-2140,-1514,-707,-655,-1463,-1865,-925,644,1073,52,-964,-733,499,1334,1017,1068
PCM,4149,9038,10436,6469,2433,3098,6040,6936,5745,5111,6494,9451,10994,7458,50,-4941
PCM,-4088,-902,304,-868,-2470,-3091,-2450,-2297,-5200,-9887,-11438,-7229,-888,2461,1627,-648
PCM,-1173,513,2226,1647,-82,389,4186,8130,8498,5339,1637,120,761,1803,1435,-314
PCM,-1467,-664,848,515,-2029,-4735,-5288,-3443,-1056,-364,-1597,-2506,-1496,396,1061,159
PCM,-888,-710,828,3441,7063,10108,9646,5698,3056,4615,6980,6310,4155,4214,7138,10627
PCM,10764,4975,-3629,-7884,-5489,-1684,-1305,-3401,-4603,-3758,-2336,-3261,-7853,-12859,-12735,-6252
PCM,1409,4519,2651,167,601,2991,3826,2012,587,2814,7888,11467,10341,5581,1221,-5
PCM,882,1102,-260,-1548,-1341,-265,-141,-2015,-5065,-7098,-6435,-3902,-1897,-1545,-1791,-1349
PCM,-397,283,349,37,29,2110,7539,13220,13409,7577,2903,4299,7910,8224,5886,4772
PCM,6569,10222,11292,5070,-5732,-11345,-7927,-2450,-1596,-4301,-6472,-6293,-4352,-4265,-8997,-14663
PCM,-13506,-4756,3868,6311,3596,698,1130,4243,5936,4250,2643,5047,10059,12819,10741,5173
PCM,-5,-1521,267,1520,-149,-2780,-3471,-2370,-2051,-4001,-7056,-8444,-6704,-3357,-1274,-1307
PCM,-1874,-1485,-180,1105,1694,1604,1795,3059,5662,9604,13166,12706,7505,3265,4586,7994
PCM,8092,5701,4706,6102,8568,8803,3046,-6532,-11533,-8599,-3655,-2137,-3678,-6113,-7442,-6250
PCM,-5360,-8711,-13214,-11792,-4019,3894,7275,5608,1732,443,3439,6412,5814,4475,6306,10307
PCM,12502,10312,4357,-1318,-2577,-278,932,-831,-3044,-3535,-3147,-3633,-5580,-7945,-8685,-6529
PCM,-2877,-560,-531,-1235,-933,365,1643,2151,2239,2878,4274,6569,10387,14138,13300,7290
PCM,2821,4516,8112,8371,6310,4982,5724,8397,9009,2147,-8657,-12763,-8034,-2778,-1984,-3823
PCM,-6506,-8315,-7191,-6133,-9736,-14020,-11119,-2052,5484,7549,5062,968,-206,3317,7006,6900
PCM,5908,7975,11449,12279,9074,3199,-2018,-3194,-622,1497,383,-2527,-4598,-5149,-5430,-6616
PCM,-8351,-8599,-6092,-2241,156,3,-1216,-1493,-203,1730,3191,3775,4114,4881,6924,10984
PCM,14797,13419,6492,1963,4887,9560,9227,5933,4589,5944,8533,8386,1001,-9835,-13174,-7216
PCM,-1555,-1569,-4412,-7366,-9134,-7909,-6726,-10114,-14128,-10851,-1167,6765,8112,3827,-1059,-904
PCM,4308,8249,7704,6659,8743,12135,12704,8515,1580,-3008,-2310,1025,2387,420,-3058,-5666
PCM,-6284,-6118,-7144,-8985,-8910,-5720,-1485,593,-487,-2545,-2569,-85,2739,4142,4326,4564
PCM,6776,12179,17141,15190,6709,1285,4625,10697,11943,8542,4984,4750,8201,9126,619,-11861
PCM,-15090,-7579,-379,-56,-4611,-10107,-12174,-9013,-6761,-10703,-14552,-9975,419,8029,8379,2708
PCM,-2784,-1354,5589,10136,9666,8611,9929,12153,12181,7755,707,-3116,-1256,2281,3149,701
PCM,-3590,-7278,-8291,-7883,-8304,-8726,-7442,-5047,-2647,-795,-839,-2625,-3156,-813,2554,5261
PCM,6890,6647,6416,10491,16671,16007,7280,1239,4475,10998,13223,10152,4883,2616,6130,8345
PCM,619,-11242,-14018,-7030,-149,866,-4008,-11474,-14230,-9484,-5608,-8811,-12511,-9041,-320,7218
PCM,8228,1580,-5034,-2281,6887,11910,10439,8064,8179,10356,11652,7870,349,-3068,469,4602
PCM,4152,58,-4924,-8092,-7645,-6105,-7080,-8675,-7354,-4283,-2391,-1941,-2641,-3874,-3220,190
PCM,3599,4951,5245,6593,11005,16368,15723,7463,1741,5886,12972,14314,10666,6574,5006,7313
PCM,8105,153,-10939,-12358,-4536,1206,167,-5567,-12740,-15202,-10045,-5764,-9181,-13014,-8879,-30
PCM,6042,5597,-1041,-6603,-2442,8107,13365,10669,7146,7184,9666,11303,8312,1482,-1879,1816
PCM,6681,6109,450,-6024,-9157,-7297,-4132,-4575,-7677,-8450,-5673,-2590,-1976,-3877,-5710,-4291
PCM,300,4312,5057,3785,4424,9681,15939,15306,7229,2051,6389,13738,15461,11201,5907,4551
PCM,7870,8829,965,-9210,-10288,-3246,1931,238,-6709,-13792,-14447,-8786,-5704,-9292,-12415,-8972
PCM,-1475,4142,3240,-3429,-7162,-1185,8503,11925,8934,5956,6478,9518,11034,7538,1948,913
PCM,4807,7463,5245,-115,-4996,-6554,-4947,-3579,-4702,-6570,-6785,-5454,-4093,-3931,-4877,-5211
PCM,-3512,-447,2123,3147,4294,8461,13623,13008,6324,3278,8458,14332,14546,11471,8767,7903
PCM,9498,8989,1211,-7695,-7190,-61,2749,-1173,-7550,-13030,-14026,-9589,-6702,-10096,-13288,-9520
PCM,-2153,1931,212,-5203,-7712,-1803,8068,11982,8524,4940,5848,9314,11118,8608,3654,1914
PCM,5391,8958,7084,742,-5014,-6472,-4022,-1569,-2651,-6351,-8315,-6536,-3585,-3207,-5671,-7366
PCM,-5087,-227,2968,2568,587,1459,7792,14913,14050,5675,1601,7658,15379,15968,10685,5561
PCM,5320,9907,11426,3278,-7245,-8048,-475,4259,841,-7588,-14260,-13227,-6555,-4014,-9311,-14212
PCM,-11070,-2615,2705,-89,-7146,-8675,-863,8288,9896,5386,2407,4786,9638,11268,7521,2744
PCM,2526,6504,9041,6355,329,-3996,-3812,-1167,-193,-2630,-6180,-7291,-5206,-3042,-3592,-5730
PCM,-6379,-4331,-950,1309,903,-606,892,7146,13107,12129,5479,2188,6936,13590,14699,10548
PCM,6619,6841,10286,11012,4485,-4352,-6055,-186,4452,2105,-5177,-11406,-11689,-6953,-4391,-8201
PCM,-12854,-11161,-4141,989,-526,-6415,-9170,-3980,4682,8379,5377,1668,2462,6931,10048,8033
PCM,3102,1440,5028,8745,7497,2221,-2499,-3360,-836,1136,-754,-4720,-6113,-4091,-2130,-2767
PCM,-4949,-6035,-4428,-1025,1094,296,-1377,-969,2523,7877,11155,8714,3539,3242,8666,12351
PCM,10610,7344,6474,8301,10907,9986,3260,-3434,-2851,2503,4551,1109,-4213,-7659,-7322,-4623
PCM,-4262,-8031,-11239,-9174,-3432,167,-1967,-7149,-8679,-3755,2707,4563,1903,-305,1577,6058
PCM,7996,5021,1162,1505,5210,7525,6132,2325,-907,-1158,818,1642,-340,-2957,-3672,-2470
PCM,-1264,-1868,-3877,-4777,-3225,-1031,-314,-739,-894,-387,357,1921,5351,8603,7864,4038
PCM,3036,6716,9966,9369,7120,6221,7587,10084,10082,5236,-478,-1220,2410,5124,3707,-953
PCM,-5131,-5283,-2491,-2011,-5723,-9507,-8811,-4016,45,-1237,-6676,-9409,-5650,378,2434,6
PCM,-2404,-1057,3199,5853,4016,246,-566,2725,6492,6512,2620,-1023,-741,2095,3219,1032
PCM,-2090,-2974,-1064,991,141,-3037,-4760,-2988,24,958,-659,-2406,-1899,339,1723,1038
PCM,587,2981,6438,7039,4597,2978,4266,6523,7530,7198,6704,7133,8360,8479,6047,2795
PCM,1758,3358,5191,4936,2342,-560,-1338,-374,-699,-3417,-5702,-4932,-2287,-922,-2374,-5241
PCM,-6606,-5091,-2548,-1618,-2346,-2731,-1576,321,1263,313,-1268,-1087,1211,3256,3097,1498
PCM,391,655,1555,1741,709,-496,-408,684,1117,55,-1446,-1897,-1199,-291,-64,-519
PCM,-990,-822,-120,290,83,-185,55,709,1764,3030,3573,3009,2456,2989,4077,4741
PCM,4837,4829,5103,5747,6354,6306,5491,4480,4033,4439,5192,5202,4072,2692,2120,2231
PCM,1978,911,-397,-1031,-718,-159,-358,-1623,-3014,-3363,-2621,-1837,-1883,-2520,-2871,-2444
PCM,-1630,-1217,-1534,-2106,-2082,-1061,138,283,-578,-1188,-800,24,437,143,-429,-581
PCM,-108,414,335,-261,-757,-638,9,517,337,-226,-464,-108,438,686,474,164
PCM,301,815,1335,1606,1585,1456,1573,2151,2743,2813,2542,2547,3030,3632,3910,3811
PCM,3584,3514,3702,3941,3976,3742,3472,3415,3553,3578,3242,2674,2244,2139,2174,2028
PCM,1621,1161,852,714,585,298,-110,-454,-588,-589,-674,-911,-1191,-1388,-1429,-1395
PCM,-1413,-1537,-1697,-1733,-1643,-1542,-1540,-1623,-1656,-1550,-1349,-1233,-1229,-1198,-1108,-971
PCM,-780,-589,-519,-516,-376,-115,66,120,164,283,446,621,737,745,786,973
PCM,1210,1347,1376,1407,1506,1679,1849,1922,1940,2022,2201,2397,2496,2479,2456,2514
PCM,2640,2753,2770,2713,2697,2767,2828,2787,2655,2523,2456,2449,2425,2284,2085,1921
PCM,1826,1733,1554,1322,1100,931,795,642,445,215,0,-162,-281,-426,-630,-831
PCM,-956,-1028,-1116,-1229,-1344,-1424,-1463,-1472,-1472,-1498,-1522,-1509,-1444,-1359,-1294,-1253
PCM,-1196,-1096,-964,-829,-739,-659,-555,-415,-258,-137,-71,39,223,393,521,629
PCM,750,879,1014,1159,1290,1397,1498,1626,1776,1891,1958,2012,2079,2167,2249,2294
PCM,2312,2333,2368,2397,2394,2363,2314,2263,2229,2187,2112,2015,1909,1811,1718,1608
PCM,1459,1296,1153,1024,882,719,554,397,246,96,-48,-195,-346,-488,-614,-718
PCM,-818,-917,-1021,-1105,-1147,-1193,-1243,-1281,-1297,-1295,-1289,-1269,-1233,-1199,-1158,-1100
PCM,-1030,-948,-868,-798,-716,-610,-503,-382,-250,-129,0,135,269,402,538,667
PCM,797,934,1078,1211,1324,1430,1536,1637,1720,1787,1851,1921,1970,2002,2037,2056
PCM,2054,2033,2014,1986,1945,1890,1816,1749,1678,1590,1480,1368,1262,1146,1012,877
PCM,755,627,494,358,231,104,-23,-142,-260,-374,-478,-566,-656,-741,-809,-865
PCM,-915,-964,-997,-1015,-1026,-1033,-1028,-1012,-990,-953,-917,-871,-818,-761,-697,-632
PCM,-558,-485,-385,-270,-175,-80,22,127,225,332,435,534,639,742,843,939
PCM,1020,1092,1159,1224,1283,1335,1386,1418,1441,1471,1492,1497,1479,1458,1443,1420
PCM,1384,1338,1290,1232,1172,1113,1040,958,867,787,714,621,525,437,352,270
PCM,182,99,14,-72,-141,-201,-268,-338,-392,-439,-480,-511,-552,-578,-597,-609
PCM,-610,-615,-610,-606,-591,-570,-540,-509,-490,-456,-413,-367,-327,-289,-206,-103
PCM,-41,11,79,145,220,290,350,428,500,575,660,720,766,821,872,905
PCM,950,998,1029,1051,1079,1105,1113,1123,1113,1094,1084,1078,1066,1029,983,960
PCM,929,874,838,779,712,657,601,556,492,420,353,304,257,192,128,65
PCM,19,-23,-62,-116,-165,-195,-221,-247,-281,-299,-315,-335,-340,-340,-341,-351
PCM,-346,-328,-312,-301,-299,-283,-244,-209,-209,-195,-157,-124,-89,-72,-66,-31
PCM,14,35,47,63,81,114,138,145,154,163,174,192,203,200,194,195
PCM,195,208,200,176,174,172,159,151,136,120,112,96,79,70,63,37
PCM,13,14,6,-7,-2,-12,-45,-38,-45,-66,-46,-28,-48,-53,-20,-22
PCM,-53,-79,-66,-62,-77,-15,13,-5,13,3,-10,-17,4,45,4,-5
PCM,66,89,66,120,141,102,132,145,164,136,48,75,163,123,97,197
PCM,202,169,135,122,120,78,58,73,117,132,125,120,89,32,60,76
PCM,39,75,57,76,107,86,65,32,35,34,66,96,106,89,125,179
PCM,117,110,104,101,135,176,174,174,216,212,231,138,96,174,181,167
PCM,181,241,252,251,218,192,198,145,101,130,200,174,132,138,154,148
PCM,60,21,70,70,0,-9,-22,-53,-46,-69,-72,-128,-146,-97,-136,-173
PCM,-182,-162,-173,-237,-245,-230,-239,-281,-278,-338,-356,-503,-521,-61,-172,-394
PCM,-281,-433,-279,-38,-410,-376,-61,-72,-90,-488,-299,8,-261,-133,92,-49
PCM,-195,-4,154,52,-92,47,179,189,146,143,174,-90,-36,433,318,-12
PCM,254,353,44,13,280,300,-123,-118,419,205,-141,16,39,79,57,-154
PCM,-309,-49,136,-120,-245,-128,32,8,-279,-359,-224,-23,1,-292,-433,-175
PCM,-79,-416,-398,-501,-449,-152,-137,-261,-420,-226,-279,-213,-261,-358,-188,-199
PCM,-155,-58,-227,-534,-133,-5,-76,-182,-367,-301,-299,-84,-312,-255,-469,-596
PCM,-4,-66,-307,-330,88,9,-146,35,-111,-361,-252,229,133,104,167,-51
PCM,37,515,153,-436,-15,190,115,145,376,202,-28,169,148,-129,-354,-371
PCM,26,572,-226,-155,471,146,538,-28,-257,512,-232,-516,1224,1130,-762,-560
PCM,1392,280,-2111,1089,970,-2437,298,2151,-726,-1692,988,702,-1186,-40,1086,-888
PCM,-986,1471,40,-1323,1084,760,-2109,800,1984,-945,-534,534,531,-638,184,282
PCM,-1754,-578,1376,-400,-1651,213,166,-137,-503,-162,704,-739,-677,590,228,-889
PCM,283,252,-1468,231,1089,-1041,-1080,592,593,306,-581,-513,440,-157,-80,-617
PCM,-1390,220,665,-994,135,331,-1131,580,154,-1367,4,469,-333,-917,-144,1064
PCM,-653,-1075,1237,-279,-971,1100,-377,-738,257,-242,29,-230,-552,-41,512,-61
PCM,-524,-513,383,844,-563,-793,-253,1523,665,-761,771,47,-299,1268,578,-1273
PCM,490,1169,-550,-319,1275,-801,-1755,2116,-589,-919,1405,-107,-28,-645,1223,1472
PCM,-2527,-526,3803,-444,-1785,2180,329,-1406,758,957,-560,287,-345,304,1268,-1043
PCM,-266,455,-327,355,574,490,-188,-221,949,572,-328,-61,412,-54,1224,345
PCM,-1095,1637,21,-1114,1513,251,-884,353,120,657,197,-721,446,438,172,-653
PCM,1006,691,-2290,1063,1968,-1459,-775,794,17,365,-570,-1260,1637,150,-738,983
PCM,-188,-279,476,42,-500,683,161,50,32,410,629,-1517,799,303,-410,86
PCM,-429,99,-487,117,-548,-20,-84,732,-144,-751,923,-270,-526,-593,1244,252
PCM,-1490,150,1785,-1175,-1413,2027,-1189,-217,1386,-827,-526,128,580,-757,-1175,2112
PCM,-531,-1341,2076,73,-821,-221,662,-940,-248,283,247,-288,-785,1374,-247,-376
PCM,-785,1673,-224,-782,1086,-1114,1376,-943,-550,1309,-687,-350,1431,-544,-548,1560
PCM,-1375,-219,1438,-46,-1299,1187,1172,-1711,588,337,-1111,735,1001,107,-155,446
PCM,335,-454,119,368,-105,-289,1184,412,-108,-1026,-177,1050,-1116,1402,-25,-304
PCM,1599,-40,-1349,861,901,-2556,2345,1542,-2511,1412,1489,-2977,877,621,-2391,2635
PCM,-581,-227,1629,-1865,66,1177,-1335,603,1340,-1229,1182,869,-186,-1589,179,1231
PCM,-1127,1415,435,-1134,128,1280,-1165,-977,905,19,-390,508,1531,-2447,-643,1555
PCM,-997,-893,2001,402,-2207,1916,1020,-1666,-1861,1074,1219,-1364,-1080,1782,872,-3783
PCM,1955,1169,-2556,1099,684,-883,-307,363,-602,-159,-547,430,1363,-1206,-213,1621
PCM,-2153,-1266,1927,-1235,96,1009,-470,-51,-1220,88,42,-1755,125,1493,-345,-627
PCM,301,-1284,-953,132,-376,200,231,96,-185,-648,94,-465,-1600,472,1229,-20
PCM,616,-245,-1111,-571,-118,-25,-292,-67,-508,841,1384,-1302,-1467,365,52,-382
PCM,981,464,-1465,-420,1022,184,-56,-1392,-581,1622,456,-120,-852,-562,300,84
PCM,120,704,-992,-1101,1797,499,-1305,-974,455,-116,272,554,-648,-961,-43,2431
PCM,-860,-1127,1007,-558,22,1780,-775,-1532,1497,-475,189,194,21,16,-1310,763
PCM,1635,-1044,-1180,1898,-506,308,-229,-637,691,-870,427,306,-382,-336,707,-289
PCM,986,110,-408,1003,234,120,-1064,1502,290,-1149,303,1709,-255,-1395,854,-155
PCM,-201,-451,758,-632,-411,606,-901,406,668,-379,-625,1288,203,-428,882,472
PCM,-715,112,1816,114,-310,362,773,394,182,326,57,335,1,287,91,-648
PCM,-124,428,-338,-107,24,-234,402,42,231,595,399,181,340,609,471,-268
PCM,89,929,229,39,91,927,221,-1028,120,145,-336,414,236,-550,-162,-304
PCM,-49,91,-473,-475,218,897,-27,-459,-157,241,482,823,539,-596,101,923
PCM,241,-340,-271,-656,-191,777,246,-697,-894,70,291,-250,-408,-578,-307,433
PCM,135,-490,-304,-979,-591,988,619,-883,-470,791,-77,-354,352,-852,-953,1058
PCM,528,-646,-196,-501,-305,185,42,-139,-927,-229,1164,48,-831,-439,-513,213
PCM,406,-518,-244,-224,-146,153,83,-66,-946,-336,937,308,-801,-390,-64,-216
PCM,136,347,-137,-599,371,910,352,-239,-369,-206,329,671,177,-103,115,484
PCM,314,30,-377,-496,-195,181,552,319,-183,-328,71,256,34,-434,-165,513
PCM,495,474,327,-128,-146,295,311,122,58,125,181,133,110,-67,-165,-43
PCM,321,340,-98,-323,-265,-234,-115,265,428,246,375,1024,748,-175,-59,611
PCM,309,-185,448,417,-464,-381,363,216,-305,-203,164,239,114,133,-71,-89
PCM,-196,-162,327,298,-149,13,243,-77,-49,39,-85,-76,99,61,198,164
PCM,-279,-509,-354,0,-76,-54,-105,-102,198,329,-224,-628,-247,-216,-62,378
PCM,282,-490,-506,203,151,-509,-674,-93,177,296,106,-529,-730,-336,389,779
PCM,489,-71,-261,-199,-270,-622,-1004,-834,-118,681,647,47,-434,-480,-292,-415
PCM,-540,-550,-62,590,536,-250,-935,-889,-221,360,187,-460,-1059,-803,-439,-705
PCM,-1008,-793,-245,75,228,-167,-822,-1049,-635,-93,30,-120,-266,-111,251,247
PCM,-444,-832,-845,-637,-121,32,-43,-142,-230,-46,304,148,-292,-668,-855,-614
PCM,-136,420,512,135,22,384,355,-281,-792,-736,-283,202,786,898,399,-175
PCM,-100,185,-89,-209,-126,120,441,794,864,238,-359,-175,373,272,177,262
PCM,91,57,243,321,14,-40,466,1003,906,1003,1955,2379,1979,1575,1301,541
PCM,-7,631,1361,1063,572,1148,1869,1736,1136,722,332,163,952,1893,2028,1308
PCM,874,1184,1294,637,-69,159,740,986,1128,1394,1030,68,-278,115,146,-384
PCM,-361,70,52,-144,44,4,-408,-522,-183,148,145,269,176,-165,-263,-162
PCM,-185,-299,-307,-340,-214,73,132,-338,-552,-248,50,96,-12,61,711,2266
PCM,3283,3106,2379,1472,696,471,910,1182,1149,1596,2612,3043,2779,2082,1156,357
PCM,189,1115,1992,2461,2677,2529,1953,1205,686,270,225,662,1229,1580,1723,1366
PCM,642,154,-270,-677,-730,-358,-165,-268,-265,-260,-630,-1018,-907,-721,-656,-532
PCM,-201,-257,-630,-757,-699,-663,-1007,-919,-464,-371,-557,-544,-459,-668,-625,-332
PCM,-80,-226,456,2524,4215,4410,3491,2483,1281,557,908,1660,1900,1960,3203,4480
PCM,4434,3325,1929,750,177,877,2348,3431,3698,3522,3128,2271,1198,486,295,533
PCM,1034,1657,2147,2278,1668,567,-366,-951,-1147,-1065,-685,-322,-328,-594,-710,-713
PCM,-1030,-1299,-1222,-901,-762,-888,-558,-415,-780,-1080,-1035,-935,-1119,-858,-555,-581
PCM,-757,-708,-346,-222,-398,-421,720,2930,5011,5899,5328,3648,1851,1004,1197,1546
PCM,1635,2278,3617,4966,5432,4626,2811,662,-475,114,1699,3305,4295,4429,3824,2855
PCM,1634,466,-211,-137,521,1180,1966,2452,2299,1249,-90,-1191,-2130,-2199,-1496,-607
PCM,-456,-566,-557,-702,-1080,-1276,-1134,-1354,-1305,-917,-434,-408,-500,-446,-703,-974
PCM,-1158,-942,-761,-506,-319,-377,-516,-513,-155,1125,3762,6230,7358,6817,5461,3495
PCM,1542,715,817,1231,1914,3635,5465,6153,5049,2976,654,-1079,-1217,234,2526,4069
PCM,4922,4922,3964,2085,185,-870,-1309,-819,393,1927,2655,2483,1692,381,-1207,-2579
PCM,-3011,-2822,-2086,-1131,-134,246,-178,-795,-1181,-1255,-1576,-1521,-1049,-408,-7,145
PCM,357,-87,-640,-940,-845,-800,-858,-630,-433,-27,335,546,205,895,3850,7397
PCM,9560,9377,7660,4613,1831,593,381,373,802,2544,4543,5832,5620,3835,693,-2135
PCM,-2990,-1764,808,3424,5473,5931,4830,2686,569,-994,-1980,-2021,-1083,536,1989,2947
PCM,2842,1356,-1147,-3279,-4153,-3934,-2975,-1685,-488,92,304,256,9,-661,-1421,-1754
PCM,-1415,-529,303,1027,1138,601,-186,-524,-565,-775,-994,-1039,-653,-113,596,851
PCM,582,1267,4176,8241,11126,11664,9937,6443,2394,-299,-1304,-1338,-764,950,3294,4969
PCM,5351,4152,1285,-2444,-4743,-4159,-1247,2376,5535,7189,6564,4134,1311,-909,-2506,-3262
PCM,-2693,-925,1171,2707,3354,2501,-4,-2967,-4908,-5254,-4473,-2822,-865,567,1136,1306
PCM,1082,291,-824,-1547,-1434,-792,252,1154,1632,1407,849,122,-610,-1237,-1496,-1287
PCM,-935,-307,303,906,890,598,1301,4326,8741,12300,13427,11708,7856,2880,-901,-2957
PCM,-3553,-3199,-1446,1405,3842,5119,4361,1653,-2372,-5440,-5887,-3401,980,5388,8144,8169
PCM,6034,2772,-301,-2553,-3696,-3740,-2558,-336,1950,3336,3085,1140,-1993,-4919,-6342,-5735
PCM,-3765,-1294,761,1947,2301,1893,1164,166,-679,-1341,-1309,-390,924,1855,1984,1549
PCM,414,-855,-1793,-1814,-1548,-1227,-607,132,714,779,1989,5339,10033,13753,14909,13283
PCM,8914,3097,-2003,-4802,-5859,-5445,-3209,283,3292,4610,4302,1886,-2316,-6208,-7080,-4415
PCM,319,5554,9527,10558,8360,4553,784,-2356,-4642,-5317,-4202,-1892,740,2826,3390,1743
PCM,-1413,-4722,-6723,-6829,-4999,-1984,972,2961,3651,3437,2475,1140,-350,-1364,-1617,-1119
PCM,79,1425,2338,2051,908,-671,-2002,-2760,-2721,-1917,-990,16,745,1369,1464,1040
PCM,1616,4750,9997,14626,16500,15073,10299,3283,-3047,-6620,-7728,-7343,-5011,-1080,2547,4413
PCM,4333,2071,-2320,-6591,-7878,-5166,89,6083,10801,12390,10191,5719,1079,-2626,-5066,-6045
PCM,-5180,-3147,-529,1789,2888,1789,-1313,-4712,-6873,-6960,-5032,-1669,1544,3550,4229,4093
PCM,3162,1657,243,-868,-1498,-1478,-420,870,1565,1383,536,-723,-2085,-2705,-2535,-1845
PCM,-1062,-137,719,1182,1353,1290,2234,5475,10677,15347,16829,14763,9570,2557,-3964,-7697
PCM,-8434,-7395,-4742,-1012,2516,4129,3715,1277,-2864,-6777,-7941,-4918,791,7269,11894,13039
PCM,10375,5554,818,-2993,-5319,-6325,-5541,-3512,-884,1355,2291,1360,-1496,-4719,-6782,-6599
PCM,-4564,-1300,1963,4132,4869,4502,3511,1862,187,-1119,-1698,-1669,-880,362,1195,1171
PCM,314,-808,-2031,-2780,-2763,-2028,-1010,-10,980,1704,1978,1670,2307,5665,11165,15834
PCM,16927,14419,8829,1464,-4911,-8077,-8286,-7170,-4474,-581,2748,4028,3374,900,-3546,-7469
PCM,-8043,-4412,1627,8223,13097,13849,10390,4953,57,-3677,-5802,-6332,-5350,-3463,-963,1384
PCM,2219,1076,-1896,-5136,-7248,-6801,-4115,-451,2860,4900,5427,4509,3170,1660,226,-1243
PCM,-1976,-1778,-935,225,991,1135,65,-1361,-2528,-2877,-2607,-1861,-596,592,1511,1749
PCM,1841,1583,1068,412,1286,5554,11749,16643,17191,13950,7619,-196,-6506,-9126,-8424,-6588
PCM,-3370,649,3835,4434,2969,71,-4290,-7826,-7904,-3514,2912,9289,13500,13672,9591,3663
PCM,-973,-3998,-5666,-6133,-4872,-2752,-628,1063,1655,513,-2419,-5378,-6938,-6211,-3623,17
PCM,3407,5315,5422,4207,2787,1414,140,-1072,-1733,-1757,-1320,-438,503,861,89,-1183
PCM,-2233,-2732,-2543,-1620,-270,787,1381,1691,1736,1528,1182,2342,6468,12308,16472,16340
PCM,12731,6615,-548,-6245,-8328,-7363,-5469,-2427,1288,3955,3762,1611,-1476,-5366,-8111,-7278
PCM,-2166,4408,10168,13451,12993,8634,2679,-1679,-4027,-5065,-5112,-3649,-1602,-97,743,706
PCM,-775,-3747,-6296,-6947,-5534,-2649,870,3940,5222,4855,3666,2361,1040,-164,-836,-1116
PCM,-976,-615,39,456,146,-819,-1992,-2620,-2708,-2080,-1052,213,1143,1500,1614,1520
PCM,1352,859,531,1953,6805,13411,17547,16723,12029,5295,-1976,-7027,-8167,-6570,-4200,-902
PCM,2723,4561,3667,1109,-2480,-6678,-8897,-6919,-1318,5357,11127,13937,12321,7282,1712,-2171
PCM,-4216,-4668,-3959,-2561,-1026,200,856,256,-1742,-4559,-6753,-7064,-5327,-2158,1267,3933
PCM,4946,4511,3340,2180,1086,6,-641,-911,-756,-508,35,414,27,-981,-2029,-2411
PCM,-2434,-2016,-1202,-100,879,1374,1676,1634,1376,975,663,2249,7383,14308,18140,16283
PCM,10945,4294,-2418,-6961,-7467,-5353,-2861,445,3858,5036,3007,-358,-4112,-7943,-9166,-5988
PCM,326,6696,11723,13818,11463,5917,481,-2574,-3894,-3879,-2745,-1079,161,619,477,-850
PCM,-3212,-5712,-7064,-6785,-4906,-1682,1586,3808,4441,4015,2974,1740,808,176,-72,-214
PCM,-159,-61,156,221,-333,-1263,-2104,-2481,-2545,-2011,-997,-5,663,1244,1648,1505
PCM,1130,954,932,2536,8030,15280,18656,15585,9573,3374,-2476,-6415,-6648,-4189,-1390,1996
PCM,4928,5202,2123,-2047,-5981,-9104,-9165,-4981,1917,8283,12577,13292,10132,4454,-710,-3368
PCM,-3675,-2584,-1243,428,1534,1505,-77,-2274,-4654,-6904,-7720,-6604,-3838,-878,1942,3739
PCM,3984,3084,2020,1340,686,406,414,562,459,433,494,171,-656,-1690,-2292,-2493
PCM,-2259,-1764,-982,-157,541,1055,1314,1402,1146,836,2775,9098,16599,19378,15547,9160
PCM,2929,-2579,-5632,-5384,-3186,-460,3382,6151,5068,851,-3827,-7992,-10631,-9057,-3517,3331
PCM,9296,13337,13404,9084,2974,-1814,-3835,-3191,-1017,945,2201,2485,1521,-1005,-3959,-6421
PCM,-7834,-7592,-5727,-2860,-98,2234,3194,2787,1826,1308,1035,758,1025,1511,1676,1215
PCM,727,73,-689,-1339,-1690,-1941,-2132,-2005,-1679,-1017,-297,363,624,846,976,996
PCM,978,927,3209,9858,17764,19944,14678,7404,1720,-2643,-4967,-4458,-2315,634,5034,7931
PCM,5623,-201,-5735,-9701,-11318,-8180,-1578,5021,10048,13127,12339,7412,1515,-2773,-4115,-2507
PCM,670,2733,3348,3128,1440,-1799,-5097,-7048,-7880,-7149,-4800,-1974,288,1736,2182,1560
PCM,932,906,962,1053,1383,1789,1795,1498,887,-155,-950,-1317,-1449,-1581,-1573,-1739
PCM,-1935,-1459,-490,138,332,544,756,975,1130,1159,3307,10424,18550,20256,14130,6659
PCM,1448,-2192,-3753,-3288,-1661,1185,6254,9005,5706,-1162,-7074,-10794,-11324,-6766,48,5944
PCM,10097,12760,11457,6212,166,-3804,-4125,-1286,2555,4372,4411,3108,650,-2739,-5689,-7410
PCM,-7703,-6231,-3797,-1194,673,1542,880,-67,-244,393,1084,1420,1756,1893,2043,1521
PCM,446,-614,-1126,-1136,-1044,-898,-1175,-1682,-1822,-1344,-632,-87,172,174,402,1019
PCM,1335,937,575,3237,10902,19032,20094,12965,5127,942,-1346,-2775,-2814,-1150,2454,8144
PCM,10455,5419,-2928,-8651,-11050,-10313,-4944,1749,6665,9966,12152,10038,4181,-1421,-4782,-4174
PCM,334,5240,5912,4498,2863,-93,-4065,-6444,-7089,-7242,-5091,-1808,81,332,554,-325
PCM,-1856,-1289,593,1436,1461,2257,2443,1661,869,3,-1142,-1344,-467,-133,-475,-847
PCM,-1266,-1928,-1840,-1100,-447,57,500,781,857,973,870,637,3046,10775,19256,20197
PCM,12470,4375,735,-774,-1750,-1878,-643,3040,9307,11421,4845,-4779,-10199,-11298,-9152,-2931
PCM,3558,7247,9581,11126,8356,2221,-2750,-5053,-3504,2337,7999,7777,4136,1171,-1708,-5087
PCM,-6863,-6844,-6066,-3367,-2,1024,-203,-1297,-2313,-3014,-1773,647,2177,2730,2974,2190
PCM,1030,337,-578,-1610,-1302,-4,502,300,-151,-1282,-2499,-2334,-1276,-516,99,484
PCM,386,507,1259,1407,461,2490,10713,19791,20598,12067,3230,-74,84,350,-447,-446
PCM,3526,10570,12000,3728,-6678,-11715,-11477,-7493,-568,4623,6739,8893,10289,6893,538,-3965
PCM,-5534,-2277,5442,10708,8263,2999,-261,-3088,-5730,-6664,-6368,-5192,-1733,1412,986,-1211
PCM,-2848,-4145,-4221,-1447,1754,2960,3126,2876,1800,758,243,-959,-2020,-1070,874,1508
PCM,740,-620,-2289,-2887,-1951,-780,-495,-408,141,665,957,795,308,19,525,3878
PCM,11827,19789,19489,10299,1769,-271,1086,1815,978,688,4467,11424,12256,2645,-8958,-13320
PCM,-10944,-5014,1978,5582,6050,7233,8441,5064,-840,-4732,-5268,-529,8236,12757,8201,1445
PCM,-2258,-4305,-5368,-4954,-5019,-4513,-614,2400,407,-3243,-4794,-5513,-4288,119,3312,2973
PCM,2263,2242,914,-9,236,-687,-1615,404,2772,1684,-446,-1649,-2698,-2882,-1362,-449
PCM,-906,-175,937,417,-475,75,393,225,1009,4300,11754,19734,19696,9121,-325,-681
PCM,3097,4312,2625,1564,4713,11785,12494,1397,-11588,-14612,-9470,-2385,3888,6024,4977,5285
PCM,6566,3278,-2356,-5065,-4001,1705,10871,14833,8060,-896,-4663,-4985,-4482,-3350,-3458,-3346
PCM,375,2927,-548,-5686,-7053,-6366,-3920,1087,4486,3711,2121,1234,-385,-853,179,-62
PCM,-656,1591,3630,2110,-496,-2230,-3655,-3538,-1233,112,58,399,375,-909,-966,226
PCM,146,-134,1043,2222,4516,11835,19215,17268,6836,-858,-177,4739,7384,4460,818,4245
PCM,12491,12070,-646,-13165,-14623,-7299,1412,5965,4385,2043,3650,5251,1572,-3308,-4534,-2144
PCM,4302,12656,14456,6380,-2597,-5989,-5167,-2602,-381,-1432,-3055,-555,1785,-1273,-6404,-8289
PCM,-7048,-2814,3175,5574,2813,-191,-803,-718,184,1366,859,138,1999,3868,2236,-1168
PCM,-3637,-4322,-2564,583,1475,-229,-1367,-1043,-747,-548,-159,-258,42,1686,5333,12055
PCM,18690,17043,5903,-2564,130,7464,9733,5760,1782,4336,11695,11560,-1512,-14615,-14513,-4815
PCM,3997,7182,4202,-239,107,2916,1179,-3137,-3564,39,6440,13642,14140,4426,-5626,-7237
PCM,-3577,143,1847,270,-2129,-943,399,-3406,-8424,-8767,-5487,-832,4144,5473,1945,-1636
PCM,-2282,-1566,101,2249,2443,1688,2627,3336,1032,-2179,-3680,-3543,-1764,854,1642,239
PCM,-1054,-1826,-2406,-1697,78,913,914,1515,2188,2020,3312,9005,15810,15854,7107,-911
PCM,386,7101,9872,6156,2012,4034,10762,11183,-201,-12691,-13082,-3629,4804,6897,3395,-826
PCM,-844,1630,412,-3222,-3380,654,6712,12538,12553,3751,-5611,-7080,-2615,1740,3206,1081
PCM,-1770,-1206,30,-3297,-8325,-8561,-4442,448,3907,3845,220,-2786,-2670,-1273,482,2469
PCM,3185,2410,2382,2573,624,-2346,-3372,-2082,-33,1551,1410,-392,-2029,-2411,-2263,-1656
PCM,-56,1456,1575,1058,1055,3027,8908,15725,15316,5952,-1312,1692,8992,10946,6393,1919
PCM,4105,11403,12091,298,-12215,-11849,-2069,5378,5974,1914,-1599,-716,1458,-632,-3920,-2608
PCM,1784,6274,10493,10796,3855,-4169,-6100,-2693,2015,4680,2537,-1788,-2191,-495,-2617,-6948
PCM,-7840,-4874,-224,3816,3586,-625,-3564,-3005,-1385,632,2805,3049,1945,2046,2558,1200
PCM,-1062,-2605,-2574,-196,2640,2364,-718,-2780,-2678,-1692,-566,-66,-279,176,1541,1878
PCM,808,1497,6982,14492,16064,8262,-438,-38,7065,11002,8002,3648,4883,11098,12284,2236
PCM,-9664,-10518,-1995,4904,5489,2377,-118,145,593,-2145,-4830,-2659,2133,5776,8394,8790
PCM,4295,-2057,-4849,-3244,715,4281,4052,544,-1491,-1387,-2703,-5265,-5895,-4246,-1356,1808
PCM,2664,109,-2824,-3514,-2408,-124,2389,3044,1963,1559,1917,1211,-438,-1573,-1382,243
PCM,2090,2051,60,-1764,-2339,-1938,-924,-5,192,226,644,769,295,1239,6266,13473
PCM,15764,9188,637,-261,5954,10721,9253,5470,6006,11405,13254,5033,-6501,-9271,-2434,4517
PCM,5519,2669,916,1754,1674,-2183,-5932,-4313,1148,5520,7345,7066,4468,583,-2595,-3603
PCM,-1550,2461,4501,2754,78,-1139,-2000,-3602,-4923,-4755,-2647,331,1834,709,-1447,-2783
PCM,-2827,-1522,528,1971,2082,1740,1608,1410,724,-428,-1185,-539,1226,2182,1218,-685
PCM,-1809,-1538,-674,-307,-563,-439,357,897,440,-482,-878,939,6602,13505,15179,9128
PCM,1829,753,5382,9452,9074,6779,7782,12434,13820,7140,-2101,-4732,-152,4465,4414,1988
PCM,1921,4305,4297,-597,-5493,-4693,414,4374,5129,4458,3729,2459,-131,-2742,-2600,693
PCM,3485,2839,458,-565,-335,-1132,-3363,-4818,-3549,-679,854,-90,-1609,-1764,-987,-751
PCM,-1237,-1119,272,1955,2319,1229,92,-72,331,476,406,500,720,660,169,-508
PCM,-932,-832,-400,-38,79,-4,-221,-322,-120,1166,4776,9720,12002,9359,5047,3506
PCM,5199,7622,8691,8307,8526,10780,12489,10198,5520,3059,3594,4196,3420,2691,3526,5311
PCM,5499,2697,-736,-1403,631,2511,2826,2503,2518,2444,1347,-518,-1322,-69,1554,1479
PCM,107,-707,-514,-299,-878,-2083,-2943,-2636,-1574,-901,-946,-1132,-1101,-1052,-1059,-1010
PCM,-738,-168,521,885,631,71,-164,277,923,1014,422,-93,13,347,314,-110
PCM,-361,-160,171,78,-371,-482,11,451,862,2677,6019,8371,7653,5347,4284,5285
PCM,7024,7895,7715,7882,9389,10795,10234,8488,7834,8376,8092,6191,4441,4791,6533,7039
PCM,5181,2844,2239,3188,3935,3573,2808,2555,2531,1714,205,-482,370,1441,1164,-139
PCM,-909,-524,101,-120,-1105,-1901,-1979,-1742,-1724,-1795,-1480,-911,-778,-1279,-1715,-1408
PCM,-601,-59,-164,-571,-630,-196,207,210,112,272,499,455,167,-40,88,456
PCM,578,200,-229,-209,163,402,743,2022,4109,5631,5674,5070,5034,5771,6708,7290
PCM,7420,7645,8546,9655,10093,10080,10511,11118,10710,9183,7905,7857,8446,8387,7238,5811
PCM,5150,5413,5732,5416,4715,4215,3785,2821,1446,588,722,1056,609,-451,-1088,-852
PCM,-330,-304,-911,-1667,-2080,-2142,-2279,-2556,-2546,-2140,-1861,-2073,-2341,-2132,-1506,-950
PCM,-814,-1030,-1214,-1052,-681,-428,-330,-177,58,205,218,238,391,636,760,644
PCM,399,265,755,2320,4343,5476,5465,5445,6024,6805,7479,8047,8423,8730,9302,9992
PCM,10584,11409,12649,13491,13019,11617,10586,10607,10938,10450,9056,7681,7050,7004,7029,6809
PCM,6373,5843,5052,3751,2249,1322,1149,944,40,-1199,-1876,-1646,-1080,-977,-1493,-2124
PCM,-2511,-2781,-3160,-3520,-3589,-3401,-3302,-3474,-3605,-3243,-2413,-1693,-1548,-1786,-1860,-1540
PCM,-1139,-971,-955,-790,-426,-95,57,194,547,1011,1241,1084,804,763,1427,3043
PCM,4873,5797,5845,6117,6941,7719,8265,8854,9426,9741,10012,10512,11238,12233,13440,14176
PCM,13645,12297,11506,11683,11783,10897,9413,8188,7482,7133,6982,6871,6616,6063,5049,3588
PCM,2165,1361,1086,603,-526,-1814,-2416,-2170,-1698,-1625,-1969,-2426,-2829,-3225,-3621,-3830
PCM,-3804,-3752,-3905,-4109,-4001,-3463,-2693,-2047,-1744,-1752,-1757,-1537,-1225,-1010,-837,-597
PCM,-405,-278,-27,441,947,1260,1360,1325,1723,3203,5181,6238,6155,6210,6959,7797
PCM,8431,9074,9656,10041,10468,11012,11537,12254,13365,14215,13844,12448,11388,11449,11778,11149
PCM,9589,8128,7427,7308,7264,6970,6409,5770,5006,3824,2304,1141,758,543,-314,-1649
PCM,-2545,-2491,-1925,-1677,-2093,-2786,-3231,-3398,-3584,-3903,-4177,-4215,-4081,-4009,-4037,-3828
PCM,-3120,-2251,-1814,-1883,-1956,-1710,-1323,-1039,-868,-731,-560,-258,130,453,709,1051
PCM,1417,1536,1803,3040,4896,5990,5983,6000,6611,7370,8082,8839,9390,9656,10084,10757
PCM,11305,11838,12775,13637,13416,12212,11259,11248,11481,11020,9764,8389,7583,7438,7487,7216
PCM,6623,5933,5145,4059,2710,1601,1084,799,61,-1157,-2130,-2289,-1842,-1571,-1969,-2752
PCM,-3297,-3448,-3569,-3864,-4158,-4233,-4146,-4102,-4115,-3920,-3331,-2574,-2070,-2018,-2165,-2067
PCM,-1607,-1127,-932,-917,-811,-490,-33,347,582,818,1140,1745,2950,4406,5256,5465
PCM,5801,6425,6929,7437,8214,8947,9369,9715,10191,10754,11511,12488,13137,12889,11966,11272
PCM,11230,11344,10897,9811,8681,7991,7728,7585,7375,7004,6383,5483,4335,3106,2108,1577
PCM,1206,419,-777,-1724,-1933,-1685,-1599,-1933,-2538,-3107,-3473,-3660,-3828,-4053,-4205,-4223
PCM,-4233,-4254,-4034,-3471,-2843,-2453,-2328,-2302,-2202,-1886,-1449,-1129,-1017,-940,-708,-340
PCM,70,428,711,931,1440,2607,4015,4889,5171,5501,6050,6566,7097,7763,8410,8914
PCM,9348,9746,10183,10894,11879,12590,12489,11728,11031,10879,10941,10597,9715,8699,7958,7605
PCM,7463,7244,6859,6368,5659,4535,3194,2160,1650,1267,517,-583,-1530,-1912,-1834,-1726
PCM,-1930,-2442,-2990,-3346,-3590,-3882,-4122,-4145,-4063,-4127,-4244,-4109,-3605,-2941,-2452,-2279
PCM,-2282,-2170,-1863,-1504,-1240,-1070,-894,-646,-363,-84,231,598,937,1451,2482,3716
PCM,4514,4897,5341,5833,6215,6729,7450,8027,8348,8743,9278,9810,10408,11204,11858,11861
PCM,11282,10692,10467,10364,10015,9312,8433,7650,7171,6998,6869,6556,6029,5302,4304,3139
PCM,2138,1477,954,262,-627,-1475,-1969,-2042,-1940,-2031,-2409,-2877,-3244,-3523,-3760,-3907
PCM,-3977,-4009,-4029,-3990,-3823,-3440,-2884,-2387,-2114,-1989,-1847,-1628,-1370,-1127,-915,-730
PCM,-532,-302,-4,329,627,1200,2355,3676,4494,4837,5197,5652,6075,6608,7246,7728
PCM,8027,8400,8924,9465,10093,10906,11568,11592,10984,10313,10009,9919,9642,8960,8017,7158
PCM,6647,6474,6393,6155,5657,4912,3919,2751,1720,1055,583,-46,-920,-1788,-2341,-2400
PCM,-2175,-2140,-2488,-2962,-3311,-3562,-3750,-3838,-3858,-3872,-3856,-3802,-3691,-3357,-2740,-2070
PCM,-1703,-1666,-1656,-1462,-1119,-795,-581,-478,-361,-141,148,427,712,1035,1585,2617
PCM,3808,4600,4956,5313,5762,6104,6461,6939,7422,7818,8223,8666,9107,9642,10313,10847
PCM,10840,10283,9583,9142,8911,8560,7892,7011,6231,5732,5470,5298,5057,4628,3950,3012
PCM,1924,898,163,-310,-800,-1475,-2197,-2661,-2721,-2546,-2453,-2586,-2877,-3195,-3453,-3585
PCM,-3595,-3548,-3478,-3409,-3310,-3114,-2742,-2191,-1607,-1175,-994,-935,-813,-596,-369,-167
PCM,17,166,257,406,689,994,1221,1704,2829,4180,5081,5445,5634,5820,6067,6482
PCM,6959,7303,7583,8017,8521,8947,9366,9922,10384,10313,9632,8697,8009,7650,7327,6761
PCM,5930,5044,4408,4170,4140,3979,3537,2855,1939,875,-103,-803,-1230,-1552,-1963,-2489
PCM,-2884,-2936,-2690,-2409,-2344,-2561,-2912,-3148,-3209,-3125,-2969,-2817,-2708,-2577,-2313,-1922
PCM,-1442,-932,-509,-286,-245,-221,-121,50,252,410,486,507,600,817,1069,1229
PCM,1285,1652,2798,4400,5602,5983,5899,5807,5925,6267,6708,7127,7556,8060,8500,8753
PCM,8988,9439,9855,9679,8730,7469,6535,6111,5863,5362,4548,3700,3136,2893,2766,2586
PCM,2281,1746,875,-245,-1268,-1830,-1967,-2016,-2230,-2564,-2776,-2701,-2398,-2106,-2026,-2137
PCM,-2325,-2496,-2600,-2509,-2235,-1945,-1749,-1617,-1410,-1077,-625,-182,104,231,282,293
PCM,267,282,409,574,637,608,600,686,846,981,1007,1343,2619,4633,6328,6885
PCM,6575,6078,5845,5970,6341,6905,7636,8487,9131,9291,9162,9169,9333,9067,7967,6308
PCM,4891,4237,4173,4114,3635,2881,2222,1859,1612,1319,970,546,-67,-935,-1858,-2493
PCM,-2545,-2178,-1835,-1858,-2117,-2222,-1990,-1617,-1462,-1571,-1791,-1897,-1884,-1770,-1542,-1216
PCM,-837,-575,-483,-472,-307,71,474,631,494,256,146,249,406,479,424,358
PCM,383,432,425,388,407,448,412,755,2172,4527,6748,7781,7502,6509,5605,5365
PCM,5840,6721,7799,8999,9914,10035,9441,8761,8262,7616,6424,4767,3232,2421,2475,2816
PCM,2767,2218,1510,870,288,-232,-624,-862,-1077,-1408,-1902,-2325,-2326,-1861,-1353,-1222
PCM,-1411,-1594,-1550,-1353,-1170,-1110,-1137,-1157,-1134,-1114,-1041,-757,-317,0,47,-22
PCM,-22,135,376,513,459,329,285,283,221,158,171,221,246,218,112,30
PCM,99,234,212,481,2076,5013,7944,9340,8903,7352,5793,5091,5377,6347,7807,9708
PCM,11290,11512,10191,8312,6800,5677,4414,2746,1193,544,1063,1950,2249,1714,808,-38
PCM,-898,-1786,-2476,-2586,-2121,-1485,-1137,-1162,-1245,-1113,-839,-818,-1149,-1519,-1543,-1212
PCM,-793,-514,-452,-529,-619,-614,-558,-500,-428,-260,-20,172,272,300,353,441
PCM,486,407,216,26,-27,79,231,277,207,120,68,13,-69,-144,-191,-165
PCM,477,2529,5845,9050,10615,10092,8038,5641,4087,4012,5308,7663,10527,12595,12567,10318
PCM,7140,4281,2262,918,-45,-630,-473,526,1595,1900,1231,71,-1229,-2462,-3448,-3861
PCM,-3385,-2095,-504,575,835,471,-45,-562,-1065,-1535,-1780,-1573,-943,-182,282,370
PCM,140,-219,-638,-984,-1155,-1064,-695,-193,260,520,660,680,580,344,89,-110
PCM,-199,-136,50,300,490,556,389,53,-239,-292,-195,-126,419,2405,5980,9721
PCM,11666,10946,8187,4943,2728,2340,3796,6758,10527,13448,13588,10385,5390,843,-1977,-3052
PCM,-2979,-2181,-785,963,2227,2112,624,-1348,-2972,-4040,-4548,-4349,-3169,-1052,1338,2994
PCM,3239,2306,870,-514,-1672,-2408,-2449,-1630,-193,1169,1810,1472,515,-624,-1600,-2282
PCM,-2478,-2034,-1059,94,924,1236,1076,750,378,-17,-451,-721,-570,-56,533,880
PCM,963,820,552,174,-278,-685,-800,-504,-40,737,2591,5944,9646,11683,10914,7800
PCM,3999,1311,857,2617,5990,10111,13336,13551,9766,3550,-2318,-5738,-6312,-4848,-2496,-116
PCM,1865,2705,1810,-646,-3274,-4864,-5100,-4389,-3147,-1411,730,2968,4374,4357,2938,945
PCM,-876,-2080,-2483,-2047,-787,821,2143,2436,1595,-53,-1767,-2959,-3331,-2899,-1904,-602
PCM,554,1303,1446,1131,505,-129,-568,-705,-537,-133,448,975,1337,1384,1117,484
PCM,-253,-811,-984,-801,-416,466,2457,5822,9366,11189,10152,6853,3010,378,4,1891
PCM,5506,9814,13109,13130,8885,1975,-4415,-7803,-7765,-5381,-2206,698,2695,3128,1417,-1943
PCM,-5141,-6470,-5663,-3734,-1643,316,2304,4140,5104,4499,2549,347,-1127,-1710,-1716,-1204
PCM,-76,1502,2738,2803,1399,-834,-2850,-3898,-3887,-3143,-1884,-345,1126,1898,1701,751
PCM,-294,-925,-999,-666,-173,441,1113,1709,1875,1506,763,16,-508,-778,-832,-707
PCM,68,2167,5651,9141,10724,9506,6158,2366,-191,-433,1688,5532,9916,12959,12546,7901
PCM,857,-5414,-8481,-8005,-5138,-1545,1464,3119,2785,319,-3448,-6516,-7320,-5766,-3098,-508
PCM,1604,3301,4540,4791,3790,1917,195,-743,-911,-635,0,1071,2304,3020,2487,711
PCM,-1579,-3378,-4185,-3998,-3049,-1591,-4,1169,1500,923,-133,-1059,-1403,-1160,-531,288
PCM,1172,1877,2144,1896,1286,578,-33,-423,-568,-473,-186,181,844,2403,5153,8126
PCM,9552,8423,5272,1838,-185,135,2506,6093,9862,12360,11749,7153,198,-5953,-8685,-7685
PCM,-4363,-707,1973,3121,2376,-371,-4414,-7728,-8478,-6324,-2767,497,2699,4018,4715,4517
PCM,3230,1197,-416,-839,-126,880,1671,2327,2922,3126,2221,194,-2289,-4013,-4438,-3743
PCM,-2568,-1312,-92,771,967,202,-1020,-2031,-2122,-1385,-260,813,1679,2358,2568,2229
PCM,1304,355,-273,-345,-107,200,461,632,740,924,1939,4096,6796,8314,7632,5006
PCM,1979,177,458,2655,5899,9330,11556,10992,6732,243,-5538,-8075,-6983,-3685,-98,2417
PCM,3349,2296,-764,-5004,-8328,-8863,-6332,-2315,1200,3322,4268,4472,3795,2172,223,-912
PCM,-571,800,2167,2803,2917,2942,2720,1643,-420,-2613,-3921,-3880,-3000,-1977,-1193,-526
PCM,50,141,-526,-1671,-2401,-2197,-1134,104,1066,1710,2209,2459,2123,1255,311,-98
PCM,97,577,852,833,727,665,826,1679,3659,6179,7773,7291,4856,1854,-5,306
PCM,2495,5612,8743,10827,10416,6631,676,-4753,-7180,-6121,-2861,552,2779,3411,2315,-575
PCM,-4642,-7932,-8540,-6022,-1972,1564,3447,3940,3723,2956,1495,-281,-1219,-591,1167,2725
PCM,3256,2922,2459,2053,1213,-447,-2375,-3497,-3321,-2360,-1503,-1080,-870,-558,-413,-800
PCM,-1708,-2369,-2152,-1072,192,1064,1508,1756,1958,1818,1246,469,104,321,825,1115
PCM,1014,732,466,269,278,1126,3198,5899,7631,7228,4812,1875,110,397,2415,5316
PCM,8332,10421,10198,6822,1358,-3719,-6087,-5185,-2163,1104,3286,3845,2580,-441,-4411,-7486
PCM,-7987,-5604,-1747,1705,3605,3914,3123,1660,-27,-1274,-1344,-110,1701,3031,3322,2788
PCM,1955,1078,122,-901,-1710,-2046,-1912,-1617,-1401,-1266,-1101,-924,-933,-1180,-1525,-1646
PCM,-1431,-912,-261,422,1042,1431,1477,1190,831,580,528,552,640,792,957,947
PCM,621,88,-405,-628,-261,1092,3393,5869,7301,6887,4715,1997,275,468,2343,5161
PCM,8095,10059,9855,6915,2165,-2434,-4820,-4265,-1583,1464,3511,3982,2749,-15,-3597,-6466
PCM,-7155,-5187,-1661,1655,3428,3499,2428,885,-625,-1599,-1514,-263,1575,2966,3252,2503
PCM,1373,371,-345,-902,-1292,-1410,-1220,-937,-858,-1005,-1207,-1250,-1175,-1119,-1206,-1333
PCM,-1253,-821,-175,365,665,764,797,761,626,410,252,358,698,1024,1001,647
PCM,210,-59,-193,-327,-480,-203,1126,3467,5796,6802,6084,4147,2133,929,1034,2335
PCM,4639,7453,9586,9593,6853,2558,-1369,-3251,-2843,-871,1466,3382,4277,3514,882,-2783
PCM,-5611,-6182,-4296,-1253,1440,2831,2974,2201,779,-907,-2113,-2000,-540,1446,2744,2798
PCM,1926,900,119,-495,-1044,-1351,-1175,-637,-213,-314,-875,-1384,-1441,-1137,-919,-977
PCM,-1105,-981,-558,-129,65,34,101,345,606,551,259,60,210,590,787,658
PCM,324,166,151,133,-134,-429,-464,146,1515,3268,4821,5541,5302,4043,2408,1175
PCM,1171,2464,4670,6985,8384,8169,6187,3245,298,-1472,-1560,-43,2108,3844,4372,3390
PCM,1201,-1501,-3556,-4256,-3272,-1162,1190,2705,2826,1771,164,-1199,-1912,-1674,-700,639
PCM,1756,2185,1764,704,-363,-1051,-1181,-1021,-746,-508,-346,-310,-508,-871,-1242,-1305
PCM,-1106,-814,-674,-671,-645,-467,-168,19,22,-40,6,115,154,89,42,148
PCM,415,632,570,220,-115,-235,-160,-71,-23,45,441,1446,2810,3956,4312,3917
PCM,3017,2147,1722,1979,2890,4271,5858,6895,6766,5256,3106,1244,407,683,1665,2828
PCM,3716,4046,3423,1818,-304,-1912,-2261,-1284,300,1609,2134,1901,1166,115,-935,-1568
PCM,-1380,-451,702,1389,1291,637,-64,-557,-857,-1038,-1000,-677,-237,-20,-234,-710
PCM,-1126,-1207,-1041,-805,-712,-682,-584,-444,-392,-477,-500,-428,-230,-84,-56,-151
PCM,-188,-54,123,254,231,181,75,-9,-84,-118,-71,58,247,324,291,424
PCM,1061,2010,2834,3175,2982,2436,1945,1831,2113,2733,3656,4710,5352,5207,4281,3074
PCM,2102,1723,1976,2589,3304,3827,3930,3318,2116,808,3,-35,528,1332,1916,2081
PCM,1759,1102,277,-381,-593,-320,210,645,791,616,287,-120,-485,-775,-829,-655
PCM,-416,-289,-364,-557,-793,-901,-958,-956,-937,-798,-627,-596,-682,-787,-734,-614
PCM,-462,-451,-516,-522,-403,-237,-185,-178,-165,-61,8,-31,-173,-248,-141,55
PCM,185,169,122,120,172,159,298,789,1467,2064,2253,1970,1438,1140,1278,1730
PCM,2299,2883,3485,3795,3617,3013,2320,1911,1979,2469,3004,3397,3534,3366,2901,2231
PCM,1580,1239,1374,1828,2284,2459,2278,1842,1330,862,636,619,740,927,1035,1006
PCM,751,414,75,-102,-144,-111,-51,-120,-261,-385,-415,-522,-676,-774,-754,-685
PCM,-637,-690,-865,-940,-853,-664,-689,-806,-852,-769,-645,-597,-651,-712,-579,-382
PCM,-258,-358,-487,-526,-398,-247,-204,-172,-137,-43,58,35,-133,-211,145,805
PCM,1190,1228,981,735,631,740,1055,1303,1570,1927,2306,2309,1960,1612,1493,1634
PCM,1916,2247,2441,2508,2536,2451,2136,1753,1598,1746,2017,2200,2240,2159,1898,1689
PCM,1551,1378,1278,1312,1418,1394,1308,1099,890,771,715,663,533,407,342,362
PCM,208,61,-46,-108,-147,-213,-227,-351,-436,-503,-524,-597,-633,-573,-588,-628
PCM,-715,-774,-772,-687,-658,-674,-671,-637,-596,-607,-627,-684,-596,-477,-402,-379
PCM,-449,-441,-345,-252,-263,-296,-304,-183,260,662,587,366,200,128,319,499
PCM,684,914,1066,1267,1229,1030,919,908,1020,1167,1384,1506,1546,1560,1523,1387
PCM,1231,1203,1259,1381,1515,1604,1485,1392,1311,1201,1115,1112,1211,1133,1161,1091
PCM,936,825,825,812,689,675,572,592,458,363,322,256,216,194,169,-5
PCM,40,-69,-77,-149,-244,-234,-274,-214,-315,-319,-416,-434,-389,-376,-451,-459
PCM,-376,-436,-410,-429,-420,-522,-496,-332,-289,-328,-398,-371,-350,-258,-258,-260
PCM,-263,-273,-147,-126,231,572,321,110,27,-93,106,373,453,616,626,671
PCM,688,547,430,500,593,534,800,854,880,963,807,662,645,665,699,857
PCM,851,962,835,776,787,649,668,730,774,683,750,623,526,521,605,593
PCM,410,450,425,492,455,260,198,273,342,326,135,146,156,148,207,-12
PCM,-40,-14,143,63,-103,-102,-69,21,-120,-33,-79,-168,-190,-31,-27,-257
PCM,-159,-232,-64,-72,-98,-149,-294,-62,-67,-85,-242,-149,-89,-71,13,-168
PCM,-134,-137,-38,-38,-72,445,748,407,334,-146,-356,70,246,587,441,388
PCM,456,588,502,167,70,153,290,440,791,499,471,562,422,295,256,371
PCM,441,583,598,711,396,300,353,456,654,397,380,459,322,273,461,414
PCM,215,259,424,409,301,195,265,231,203,264,215,225,148,432,146,-74
PCM,138,114,163,102,257,13,-103,123,207,65,-67,-18,99,192,-129,30
PCM,30,-149,47,55,-48,-25,29,39,47,-177,-76,27,19,-110,48,123
PCM,-257,-54,50,14,-95,-93,-2,-18,13,22,-45,-142,-85,4,65,-98
PCM,-12,3,-23,-58,-84,-30,-80,83,-120,55,73,-260,48,66,-111,-33
PCM,40,-66,-64,8,34,-30,-113,17,48,-33,-107,14,97,109,177,109
PCM,109,-12,-90,40,24,-129,-15,148,293,301,-54,101,24,-292,-93,83
PCM,-141,-113,575,505,236,91,37,-58,-338,-113,21,120,4,316,352,190
PCM,57,-191,55,-407,-250,84,234,313,99,171,249,110,-237,-71,-221,-40
PCM,9,9,404,190,70,0,-17,-168,-268,-369,-172,-49,-139,154,260,260
PCM,-226,-369,-356,-438,-14,26,138,-239,-310,184,259,146,-296,-89,-61,-263
PCM,-129,-36,-381,-276,182,122,79,-465,-454,27,-31,-672,-341,-203,-372,262
PCM,-18,-38,-203,-405,-110,-40,-407,-27,101,-62,366,99,99,-191,-87,52
PCM,22,-84,-418,-234,119,264,127,288,-217,-289,-72,-178,-185,0,-62,13
PCM,507,-2,128,-41,-239,-2,-469,-392,-90,412,303,216,101,-46,275,-17
PCM,133,-45,14,89,-28,-41,-79,654,83,4,39,-110,29,-266,55,-252
PCM,-196,166,247,-30,-164,9,181,3,-302,197,-30,1,220,61,-240,-201
PCM,352,133,102,151,349,-30,-635,-302,-157,-257,-188,495,383,97,357,184
PCM,-191,-535,-133,-304,-433,22,153,94,104,357,-10,-198,-178,-85,70,-48
PCM,-25,133,71,-226,198,166,8,177,-338,-76,60,-433,-338,84,154,254
PCM,190,-160,200,-92,-98,17,-389,-193,99,238,141,236,-12,396,146,-279
PCM,213,-252,115,464,-113,-314,-64,30,257,322,40,-27,-398,-123,283,88
PCM,27,-22,48,55,136,174,50,92,-53,-137,0,340,153,179,417,247
PCM,216,-134,322,171,-237,406,424,48,-40,-14,345,768,-27,-97,-89,-123
PCM,673,380,70,-376,-672,81,640,293,110,91,-124,308,322,70,-17,-346
PCM,176,561,172,181,221,101,-64,-113,123,278,141,-325,92,590,70,8
PCM,-124,-105,151,-45,-20,319,225,-276,78,472,-61,-199,208,-38,-14,241
PCM,-185,89,194,-317,410,163,-374,-10,-346,-115,-102,-182,-279,4,101,-279
PCM,397,435,-216,-330,-46,-149,-147,132,277,236,34,-40,303,-110,-167,287
PCM,-260,-493,-230,94,-108,445,-147,-402,-40,-232,388,-152,-20,-506,-341,207
PCM,71,17,-149,212,24,507,-23,-12,-281,-643,104,-302,-299,37,269,-340
PCM,169,347,-392,-245,-90,-108,-265,-62,-276,238,106,-7,135,-175,-82,-159
PCM,11,-141,-93,-364,-283,-237,-116,-31,48,252,-168,-27,-244,-346,-451,-118
PCM,-95,-186,208,148,244,-12,-204,-265,-327,-198,-10,-131,71,247,112,-283
PCM,-217,-97,-403,-45,-444,-124,104,-67,231,-64,-488,-415,133,-426,-173,-59
PCM,-325,78,-48,-133,-128,39,-107,388,-61,-247,109,-643,-40,342,370,326
PCM,-100,-420,-237,303,-85,-190,-270,-133,360,-147,174,291,-421,-381,-165,120
PCM,133,495,47,-276,65,-2,101,-74,412,308,58,-85,-113,-335,-498,419
PCM,275,569,329,-186,123,-23,-216,-235,84,94,200,207,290,446,265,-186
PCM,-257,-173,236,825,438,143,122,479,97,267,140,-516,68,141,521,91
PCM,91,66,-136,381,102,194,-268,-15,446,334,236,107,19,-330,106,301
PCM,324,236,492,324,-27,353,106,120,-183,-80,-17,-170,259,595,407,-82
PCM,86,130,141,-361,-17,44,130,432,-5,461,-2,57,52,-229,-59,293
PCM,231,-2,412,19,-28,24,355,236,-524,-227,275,-35,146,166,-312,-190
PCM,-159,285,365,-51,-263,-40,-320,-314,153,-260,-61,181,145,133,251,3
PCM,-367,-45,-591,-281,376,146,264,-240,-252,-167,-168,-503,-524,35,-22,254
PCM,-46,-338,-325,-87,-186,52,96,-413,339,68,-542,-107,-62,-245,-170,-103
PCM,27,-224,-30,-64,-343,-193,-159,148,-363,-571,-384,-276,-206,-226,-90,-7
PCM,1,-62,146,-133,-281,-252,-498,-139,45,-204,14,-209,-340,156,290,-128
PCM,-144,189,-10,109,-219,-565,-470,-289,-48,260,340,-167,42,-353,-260,-20
PCM,-431,-198,-408,-196,63,353,130,132,-133,-229,218,-593,288,167,-338,92
PCM,97,244,110,412,-221,-356,-315,-405,-160,-17,125,259,295,-38,220,171
PCM,-263,-221,122,-173,-214,198,189,-14,97,35,88,252,-415,-350,-178,-28
PCM,238,96,-74,177,231,-15,151,282,135,-9,-28,-661,-67,567,280,215
PCM,4,21,71,128,-159,-472,-599,133,432,304,458,9,-67,-105,-10,91
PCM,148,247,117,0,0,143,-61,-92,295,278,-36,-45,216,21,58,383
PCM,167,130,-18,133,166,-108,174,347,135,39,419,370,17,-261,57,221
PCM,83,538,556,461,259,287,123,-222,-74,26,275,362,547,324,167,181
PCM,-2,172,-124,212,500,508,487,296,203,-121,213,61,370,433,107,497
PCM,451,205,8,32,-271,161,247,200,613,177,-98,-61,-56,-216,-134,-147
PCM,259,505,376,539,322,-4,-384,-309,-85,120,441,572,745,424,-46,-111
PCM,-381,-397,-170,264,613,528,321,-10,-394,-801,-141,-82,-80,202,86,438
PCM,-46,185,-136,-708,-261,158,151,-62,270,-4,86,-151,-115,-53,-291,34
PCM,16,89,-397,-257,-204,-350,-299,-198,48,-137,0,-182,-167,-351,-535,-159
PCM,-115,-266,102,265,-61,-67,-299,-157,-23,-87,71,260,273,277,215,-371
PCM,-547,-382,-232,-59,-103,-299,-213,-258,-428,-288,-206,-28,112,106,-25,-33
PCM,123,241,114,-107,-87,-4,176,425,300,-201,-420,-560,-444,-266,-137,198
PCM,102,-100,-191,-154,-482,-584,-299,-348,-79,311,634,461,159,-69,-206,-177
PCM,-173,308,458,388,182,-98,-400,-759,-671,-550,-216,63,397,231,-279,-410
PCM,-622,-511,-566,-346,-18,132,331,190,-10,-403,-335,-195,-172,32,75,259
PCM,153,-12,52,-61,-64,-5,37,61,143,244,71,-31,-59,-128,-51,96
PCM,109,11,-168,-310,-139,313,947,1474,1544,1327,999,706,592,631,756,864
PCM,1099,1312,1397,1311,1133,866,549,380,273,296,301,327,298,177,70,112
PCM,167,176,262,252,213,30,-80,-53,53,158,243,225,24,-48,-43,-35
PCM,-209,-271,-284,-260,-211,-239,-160,-312,-348,-247,-175,-247,-261,-149,-191,-54
PCM,-2,-64,-92,-79,65,182,122,19,19,32,109,228,198,92,76,456
PCM,1363,2216,2842,3111,3071,2873,2630,2511,2307,2258,2457,2876,3113,3022,2782,2441
PCM,2118,1701,1360,942,583,494,521,469,234,42,-84,-69,39,84,-31,-208
PCM,-196,-164,-221,-289,-336,-369,-410,-449,-540,-718,-853,-886,-909,-994,-1070,-1098
PCM,-1127,-1100,-1059,-971,-935,-937,-847,-715,-566,-478,-366,-278,-193,-82,35,112
PCM,117,169,218,270,311,335,357,373,808,2040,3945,6009,7637,8596,8741,8418
PCM,8009,7556,7081,6800,6990,7251,7205,6712,5841,4657,3436,2368,1216,4,-950,-1462
PCM,-1878,-2276,-2453,-2408,-2189,-1765,-1209,-855,-699,-452,-128,101,249,487,701,743
PCM,639,396,61,-310,-573,-836,-1178,-1509,-1739,-1868,-2034,-2147,-2194,-2090,-1874,-1592
PCM,-1320,-1136,-860,-513,-107,153,298,471,681,913,967,931,826,777,742,655
PCM,531,342,732,2271,4964,7841,9916,10878,10661,9671,8407,7322,6430,6009,6416,7192
PCM,7339,6368,4760,2891,1061,-531,-1856,-3124,-4182,-4559,-4397,-4194,-4000,-3419,-2427,-1330
PCM,-345,422,849,1190,1730,2418,2904,3173,3371,3361,2994,2302,1546,722,6,-579
PCM,-1036,-1548,-2062,-2452,-2754,-2905,-2926,-2690,-2377,-1949,-1486,-971,-495,-71,357,719
PCM,1078,1299,1472,1475,1446,1376,1237,1035,714,451,148,-74,-294,35,1658,4701
PCM,8268,10760,11586,10636,8829,6995,5721,4941,4636,5398,6650,7295,6230,4028,1342,-1178
PCM,-3013,-4327,-5423,-6412,-6304,-5443,-4614,-4143,-3372,-2152,-973,202,1076,1565,1849,2730
PCM,3847,4468,4641,4765,4736,4047,3041,1885,743,-230,-774,-1230,-1967,-2630,-3003,-3181
PCM,-3448,-3507,-3293,-2848,-2222,-1501,-827,-292,326,903,1343,1614,1865,2023,2017,1931
PCM,1740,1485,1172,888,505,112,-182,-394,-695,-527,1184,4654,8699,11457,12117,10630
PCM,8076,5660,4206,3579,3689,5047,6941,7828,6430,3570,226,-2767,-4903,-6198,-7061,-7663
PCM,-7069,-5634,-4321,-3680,-2861,-1644,-493,499,1224,1696,2032,3090,4499,5491,5744,5731
PCM,5408,4388,3002,1502,145,-1015,-1537,-1801,-2261,-2915,-3427,-3722,-4001,-3967,-3660,-3107
PCM,-2429,-1488,-519,239,921,1546,2053,2306,2496,2560,2451,2288,2144,1893,1440,1019
PCM,636,181,-327,-747,-1131,-1496,-1633,-1035,999,4718,9084,12041,12390,10384,7267,4351
PCM,2708,2552,3527,5546,7978,9131,7358,3390,-984,-4508,-6793,-7808,-8017,-7943,-6976,-5094
PCM,-3421,-2938,-2651,-1706,-568,226,771,1247,1756,3134,5204,6686,6800,6357,5757,4488
PCM,2633,877,-493,-1517,-1806,-1680,-2024,-2995,-3732,-4071,-4365,-4476,-4052,-3342,-2577,-1468
PCM,-214,715,1280,1950,2510,2735,2800,2873,2785,2549,2518,2403,1963,1286,714,70
PCM,-641,-1157,-1509,-1821,-1997,-1822,-1145,841,4582,8934,11654,11775,9650,6249,2991,1335
PCM,1653,3299,6160,9348,10689,8338,3402,-1894,-6218,-8754,-9235,-8310,-7164,-5511,-3385,-2000
PCM,-2168,-2703,-2395,-1724,-1095,-351,631,1699,3416,5758,7451,7639,6920,5887,4157,1854
PCM,-108,-1152,-1480,-1273,-919,-1137,-2166,-3298,-4063,-4658,-5078,-4844,-3819,-2507,-1191,-48
PCM,830,1361,1877,2415,2676,2627,2567,2757,2854,2783,2496,2110,1575,972,357,-420
PCM,-1186,-1767,-1925,-1935,-1892,-1832,-1196,888,4566,8647,11080,10976,8503,4940,1789,388
PCM,1058,3392,7014,10490,11595,8764,3144,-2990,-7780,-10101,-9820,-7852,-5523,-3116,-1141,-651
PCM,-1904,-3479,-4057,-3761,-2873,-1447,352,2245,4437,6657,7813,7464,6297,4878,2984,903
PCM,-524,-912,-532,210,715,195,-1320,-3023,-4353,-5356,-5812,-5267,-3840,-2150,-682,362
PCM,833,952,1133,1441,1627,1771,2209,2813,3172,3146,2890,2410,1754,1100,433,-346
PCM,-1069,-1362,-1385,-1475,-1651,-1672,-1552,-1008,838,4183,7825,9976,9901,7653,4109,916
PCM,-268,892,3689,7536,11033,11917,8676,2617,-3804,-8626,-10619,-9506,-6420,-3238,-664,732
PCM,166,-2398,-5104,-6263,-5839,-4220,-1754,1047,3358,5280,6760,7091,6027,4447,3144,1829
PCM,637,141,533,1232,1823,1942,958,-1043,-3184,-4689,-5598,-5766,-4849,-3125,-1429,-274
PCM,324,322,-53,-281,-38,464,1117,2019,2966,3460,3341,2894,2311,1643,1006,513
PCM,66,-353,-615,-700,-829,-1095,-1317,-1405,-1460,-1553,-1144,585,3811,7422,9635,9452
PCM,7024,3592,702,-376,689,3557,7564,11083,11874,8585,2397,-4146,-8767,-10213,-8553,-5048
PCM,-1475,1135,1927,322,-3153,-6498,-7906,-7105,-4619,-1357,1746,3950,5308,5861,5378,4082
PCM,2757,1916,1368,1149,1355,1878,2390,2730,2514,1273,-754,-2846,-4415,-5270,-5076,-3905
PCM,-2360,-1061,-222,26,-436,-1129,-1491,-1278,-609,513,1803,2718,3095,3100,2839,2178
PCM,1435,893,570,362,324,381,212,-111,-418,-674,-1087,-1472,-1643,-1644,-1116,702
PCM,3925,7174,8888,8443,6135,2876,151,-700,577,3565,7565,11010,11597,8245,2319,-3743
PCM,-7961,-9174,-7343,-3766,-201,2185,2508,272,-3664,-7085,-8336,-7284,-4610,-1199,1917,3912
PCM,4739,4530,3501,2178,1392,1325,1513,1748,2128,2692,3054,2996,2301,991,-655,-2186
PCM,-3315,-3973,-3907,-3086,-1827,-816,-416,-664,-1273,-1812,-1977,-1664,-968,119,1330,2255
PCM,2554,2351,1940,1526,1232,1068,993,934,960,944,689,218,-188,-416,-641,-940
PCM,-1225,-1380,-1333,-664,1144,3985,6843,8368,7851,5448,2245,-232,-780,818,3982,7812
PCM,10786,11116,7918,2307,-3460,-7345,-8211,-6178,-2558,821,2718,2459,-41,-3876,-7137,-8256
PCM,-7033,-4218,-886,1911,3452,3757,3211,2190,1174,758,1079,1681,2177,2531,2770,2810
PCM,2611,2094,1143,-168,-1490,-2493,-3045,-3070,-2556,-1724,-973,-632,-801,-1356,-1954,-2222
PCM,-1961,-1199,-167,870,1622,1976,1919,1593,1206,975,999,1136,1259,1241,1128,900
PCM,585,205,-203,-521,-718,-787,-876,-971,-1004,-911,-754,-230,1311,3941,6709,8201
PCM,7779,5678,2920,794,293,1593,4253,7582,10263,10674,7963,3054,-2114,-5679,-6625,-5081
PCM,-2209,507,2033,1754,-423,-3734,-6537,-7488,-6361,-3902,-1121,1091,2236,2412,1984,1330
PCM,815,835,1407,2074,2428,2483,2465,2421,2289,1989,1425,561,-477,-1444,-2199,-2602
PCM,-2507,-1935,-1225,-836,-932,-1377,-1876,-2173,-2095,-1591,-780,158,989,1485,1518,1223
PCM,949,906,1051,1203,1325,1404,1391,1228,900,461,8,-281,-376,-385,-490,-651
PCM,-751,-754,-752,-816,-870,-460,1063,3627,6212,7502,7101,5419,3343,1738,1226,2041
PCM,4018,6776,9156,9743,7724,3896,-105,-2882,-3807,-3104,-1437,233,1242,1050,-446,-2765
PCM,-4787,-5492,-4753,-3124,-1434,-131,574,817,805,730,746,913,1293,1697,1952,1947
PCM,1844,1816,1883,1921,1714,1175,306,-648,-1421,-1808,-1822,-1589,-1227,-927,-865,-1124
PCM,-1540,-1891,-1953,-1661,-1085,-438,125,544,781,825,742,701,760,921,1097,1211
PCM,1198,1061,875,662,437,203,6,-137,-234,-288,-363,-487,-627,-720,-718,-669
PCM,-589,-175,1146,3354,5612,6848,6688,5408,3659,2213,1614,2131,3698,6044,8203,8968
PCM,7645,4781,1539,-1004,-2238,-2158,-1145,55,913,910,-71,-1762,-3352,-4119,-3889,-2935
PCM,-1806,-819,-232,71,184,291,481,787,1153,1389,1466,1391,1350,1391,1559,1705
PCM,1678,1363,743,-56,-845,-1377,-1548,-1411,-1137,-893,-839,-1005,-1323,-1620,-1780,-1674
PCM,-1286,-734,-227,106,295,380,448,518,640,782,952,1099,1140,1016,782,590
PCM,477,430,342,213,34,-111,-221,-327,-446,-548,-553,-527,-483,-498,-186,968
PCM,3025,5253,6628,6747,5709,4136,2619,1776,1921,3164,5351,7631,8839,8099,5757,2761
PCM,159,-1462,-1943,-1442,-457,531,910,386,-984,-2517,-3509,-3657,-3153,-2393,-1600,-940
PCM,-390,3,300,497,667,866,1042,1122,1081,1095,1260,1586,1877,1945,1652,1035
PCM,267,-478,-1013,-1273,-1227,-1021,-803,-728,-867,-1167,-1478,-1658,-1651,-1434,-1061,-612
PCM,-226,34,184,300,425,578,719,815,880,926,955,913,807,670,549,450
PCM,347,207,29,-124,-219,-266,-330,-425,-526,-575,-579,-250,893,2888,5086,6557
PCM,6858,6005,4444,2792,1697,1629,2785,5028,7484,8932,8516,6416,3462,595,-1460,-2346
PCM,-2052,-986,259,968,652,-620,-2235,-3469,-3982,-3786,-3125,-2232,-1302,-493,104,430
PCM,567,663,817,958,999,991,1082,1391,1828,2203,2301,2028,1427,642,-134,-765
PCM,-1118,-1136,-902,-640,-558,-728,-1087,-1490,-1760,-1790,-1573,-1194,-765,-390,-129,8
PCM,81,197,383,596,787,934,1006,988,916,802,667,559,520,505,415,238
PCM,42,-100,-213,-333,-457,-540,-555,-531,-206,903,2935,5277,6954,7353,6388,4496
PCM,2441,1060,923,2275,4925,7906,9756,9371,6841,3133,-539,-3135,-4039,-3256,-1437,517
PCM,1668,1386,-330,-2678,-4621,-5513,-5219,-3998,-2285,-679,453,988,1053,866,663,613
PCM,681,875,1193,1671,2187,2602,2832,2798,2417,1619,564,-469,-1132,-1284,-1013,-604
PCM,-350,-359,-661,-1173,-1788,-2246,-2334,-1977,-1320,-614,-85,133,146,88,88,172
PCM,394,717,1024,1229,1281,1184,952,709,577,536,484,366,238,99,-61,-227
PCM,-379,-511,-622,-661,-666,-377,715,2837,5342,7114,7432,6215,3979,1572,14,19
PCM,1865,5173,8718,10724,9938,6541,1834,-2546,-5324,-5745,-3962,-919,1965,3356,2514,-294
PCM,-3779,-6479,-7457,-6647,-4448,-1653,812,2232,2418,1701,609,-226,-449,-61,665,1555
PCM,2490,3256,3645,3566,3062,2160,1020,-102,-940,-1341,-1214,-640,26,371,177,-504
PCM,-1476,-2413,-2943,-2843,-2163,-1165,-178,487,657,410,6,-284,-315,-30,495,1051
PCM,1435,1547,1441,1151,786,472,316,280,265,236,136,-5,-180,-310,-433,-578
PCM,-438,544,2550,4842,6362,6460,5137,2859,502,-868,-508,1795,5497,9162,10798,9216
PCM,4954,-258,-4629,-6844,-6195,-3058,1105,4388,5285,3216,-1093,-5756,-8781,-9168,-7089,-3391
PCM,619,3524,4388,3296,1066,-1204,-2551,-2440,-1061,905,2816,4217,4806,4442,3358,1945
PCM,546,-597,-1258,-1291,-785,48,893,1376,1156,212,-1152,-2489,-3381,-3515,-2773,-1406
PCM,79,1140,1425,919,-51,-964,-1413,-1220,-462,621,1650,2242,2198,1595,760,39
PCM,-323,-314,-31,344,645,738,551,148,-322,-699,-632,406,2514,4897,6300,6023
PCM,4225,1697,-490,-1292,-144,2798,6663,9793,10299,7337,2059,-3217,-6487,-6810,-4262,44
PCM,4194,6262,5132,1017,-4507,-8989,-10466,-8535,-4311,484,4163,5486,4160,1045,-2290,-4381
PCM,-4370,-2347,740,3596,5302,5554,4529,2725,825,-571,-1211,-1121,-498,378,1179,1648
PCM,1643,1110,89,-1207,-2424,-3186,-3202,-2408,-1031,412,1381,1547,905,-253,-1423,-2064
PCM,-1865,-873,556,1906,2650,2508,1622,443,-544,-1002,-824,-155,649,1255,1417,1061
PCM,306,-513,-1062,-1230,-765,769,3403,6021,7112,6060,3446,486,-1542,-1563,652,4457
PCM,8484,10891,9903,5266,-963,-5867,-7594,-5940,-1783,3080,6394,6479,3077,-2589,-8229,-11249
PCM,-10249,-5916,-364,4201,6236,5117,1544,-2644,-5448,-5671,-3285,647,4398,6469,6339,4458
PCM,1803,-547,-1750,-1596,-493,870,1913,2245,1803,849,-226,-1111,-1680,-1910,-1886,-1664
PCM,-1263,-710,-121,308,428,192,-291,-811,-1126,-1057,-542,316,1231,1860,1927,1404
PCM,552,-214,-583,-500,-76,489,988,1180,939,335,-384,-917,-1085,-579,1029,3690
PCM,6249,7060,5502,2417,-534,-1909,-937,2131,6187,9659,10767,8242,2493,-3789,-7439,-6992
PCM,-3264,1745,5807,7027,4656,-560,-6576,-10867,-11304,-7561,-1521,3894,6500,5647,2010,-2638
PCM,-6105,-6725,-4246,257,4840,7512,7229,4491,900,-1889,-2886,-1989,123,2327,3612,3452
PCM,1975,-111,-1811,-2460,-2100,-1264,-490,-62,-59,-390,-840,-1132,-1075,-656,-146,102
PCM,-14,-240,-279,-61,329,771,1136,1255,1047,565,14,-330,-248,202,688,926
PCM,846,510,-22,-584,-594,722,3402,6032,6667,4698,1425,-1114,-1571,298,3739,7427
PCM,9850,9524,5672,-545,-5829,-7154,-4168,888,5287,7096,5476,910,-4900,-9590,-11026,-8217
PCM,-2362,3472,6368,5434,1689,-3011,-6607,-7367,-4745,140,5112,7970,7499,4150,-152,-3236
PCM,-3884,-2130,1034,4054,5435,4555,1948,-1093,-3238,-3667,-2440,-420,1270,1849,1161,-359
PCM,-1896,-2701,-2468,-1431,-116,877,1164,732,-74,-769,-964,-500,386,1216,1554,1314
PCM,696,45,-328,-299,78,596,1004,1004,505,138,1061,3524,5890,5983,3519,389
PCM,-1201,-314,2598,6166,8777,9265,6999,2214,-3197,-5962,-4168,727,5305,7061,5404,1073
PCM,-4174,-8160,-9250,-7053,-2432,2467,5041,4020,352,-3828,-6655,-6859,-4099,539,4891,7001
PCM,6107,2806,-1150,-3693,-3575,-1044,2547,5434,6145,4317,967,-2153,-3699,-3231,-1240,1169
PCM,2735,2673,1058,-1279,-3166,-3701,-2732,-948,704,1552,1407,433,-873,-1840,-1917,-999
PCM,461,1705,2105,1612,640,-253,-713,-591,19,821,1420,1469,1343,2154,4333,6171
PCM,5354,2072,-842,-889,2012,6120,9185,9650,7440,3532,-850,-3954,-3522,794,5926,7945
PCM,5713,950,-3977,-7193,-7583,-5267,-1584,1821,3413,2229,-1232,-4867,-6624,-5898,-3192,534
PCM,3902,5347,4230,1285,-1855,-3548,-2806,71,3560,5850,5840,3605,272,-2465,-3326,-2069
PCM,419,2725,3579,2545,225,-2196,-3580,-3399,-1901,0,1337,1580,761,-655,-1928,-2388
PCM,-1829,-550,838,1740,1795,1110,115,-679,-914,-469,412,1277,1712,1533,807,430
PCM,1854,4979,7138,5693,1738,-977,66,4149,8533,10517,9107,5579,1777,-1083,-1896,574
PCM,5228,8299,6967,2209,-2804,-5745,-5803,-3636,-809,1071,1418,187,-2290,-4826,-5846,-4823
PCM,-2680,-351,1608,2653,2180,432,-1503,-2460,-1760,455,3147,4796,4595,2875,626,-1207
PCM,-1799,-752,1342,3069,3261,1885,-201,-1932,-2589,-2073,-899,285,991,890,-116,-1467
PCM,-2191,-1860,-915,-17,575,821,751,420,-66,-518,-542,52,849,1244,1138,846
PCM,500,764,2852,6321,8011,5370,523,-1669,1179,6960,11489,11781,8095,3428,407,-333
PCM,1133,4812,8606,8818,4385,-1432,-4727,-4484,-2145,143,924,101,-1344,-2887,-4383,-5110
PCM,-4334,-2683,-1467,-834,-175,466,355,-604,-1651,-1747,-433,1789,3656,4098,3069,1306
PCM,-211,-743,19,1611,2963,3098,1913,184,-1129,-1599,-1292,-442,463,774,194,-764
PCM,-1437,-1591,-1341,-819,-261,89,241,225,57,-164,-168,3,136,295,694,1157
PCM,1159,596,-56,487,3402,7414,8562,4617,-816,-1905,2766,9209,12587,11080,6450,2222
PCM,649,1582,4119,7402,9198,7084,1900,-2494,-3432,-1684,503,1402,513,-1454,-3295,-4244
PCM,-4203,-3434,-2664,-2493,-2574,-2054,-1005,-389,-635,-1191,-1333,-840,197,1559,2787,3199
PCM,2395,870,-157,151,1448,2596,2837,2205,1138,30,-783,-942,-387,451,831,401
PCM,-553,-1379,-1599,-1243,-650,-198,-56,-199,-354,-292,-87,-10,-64,22,332,706
PCM,905,794,399,83,161,430,1298,3897,7326,7810,3429,-1693,-1788,3801,10481,13225
PCM,10358,4473,456,795,3873,6990,8797,8182,4574,135,-1914,-982,821,1688,1126,-630
PCM,-2665,-3823,-3763,-3011,-2276,-2241,-3028,-3670,-3034,-1398,-234,-377,-1307,-1861,-1299,171
PCM,1707,2580,2542,1714,624,110,637,1807,2828,3005,2048,469,-640,-601,197,942
PCM,1078,435,-614,-1326,-1286,-785,-299,-79,-209,-601,-840,-651,-203,181,339,251
PCM,17,-41,252,642,746,593,375,223,212,1172,4061,7317,7176,2407,-2233,-1108
PCM,5370,11546,12607,8420,2831,301,2020,5589,8211,8829,6949,2968,-516,-1074,675,2072
PCM,1851,486,-1276,-2863,-3743,-3587,-2670,-1886,-2137,-3194,-3836,-3244,-1907,-831,-552,-935
PCM,-1393,-1323,-400,1102,2353,2493,1521,476,352,1089,1944,2441,2467,1932,818,-263
PCM,-447,300,1126,1130,309,-627,-1085,-1010,-730,-395,-35,104,-281,-935,-1136,-495
PCM,451,795,350,-201,-211,159,437,533,644,725,515,65,-221,813,4046,7428
PCM,6796,1441,-2962,-834,6298,12023,11913,6836,1449,154,3147,6951,8694,8060,5473,1916
PCM,-315,92,1679,2245,1471,115,-1470,-2993,-3791,-3396,-2209,-1424,-2059,-3613,-4393,-3432
PCM,-1622,-467,-452,-1088,-1651,-1496,-314,1397,2451,2154,1126,468,627,1281,1979,2439
PCM,2338,1539,451,-172,81,791,1045,552,-168,-558,-676,-778,-689,-317,-20,-182
PCM,-650,-873,-532,44,267,71,0,257,373,167,79,365,686,707,458,115
PCM,-72,901,3888,6916,6150,1073,-2856,-379,6778,12050,11098,5550,634,314,3938,7715
PCM,8916,7450,4250,887,-351,1100,2912,2612,665,-1028,-1874,-2432,-2925,-2897,-2308,-1889
PCM,-2380,-3442,-3828,-2998,-1661,-803,-671,-904,-1147,-1064,-319,1011,2193,2299,1312,397
PCM,518,1415,2165,2278,1849,1112,427,166,339,583,559,251,-97,-398,-685,-876
PCM,-754,-330,-22,-121,-529,-811,-635,-123,277,384,371,293,68,-124,66,578
PCM,991,929,353,-288,-372,125,536,1267,3599,6148,5047,-33,-3243,308,7755,12081
PCM,9766,3586,-584,686,5395,8873,8841,6171,2591,99,438,2808,4070,2488,-366,-1966
PCM,-1817,-1428,-1946,-2669,-2466,-1891,-2220,-3280,-3695,-2879,-1538,-599,-431,-756,-1162,-1201
PCM,-436,1104,2438,2353,1063,52,389,1621,2420,2129,1267,655,487,451,358,273
PCM,221,172,9,-381,-878,-1103,-783,-142,244,-61,-788,-1150,-721,172,802,729
PCM,96,-447,-292,466,1025,835,244,29,378,590,238,-239,-193,277,1322,3540
PCM,5406,3832,-751,-2726,1578,8396,11077,7598,1880,-539,2270,6973,9107,7572,4426,1712
PCM,730,2108,4173,4064,1321,-1351,-1636,-490,-446,-1979,-3143,-2613,-1604,-1856,-2997,-3531
PCM,-2930,-1773,-749,-244,-444,-1176,-1613,-736,1325,2885,2307,344,-558,567,2271,2731
PCM,1828,715,192,309,647,810,644,117,-521,-741,-390,-92,-425,-943,-819,-260
PCM,-40,-361,-733,-614,-36,466,443,123,68,234,304,332,476,668,654,402
PCM,86,-41,81,172,145,140,869,2917,4597,3054,-956,-2090,2423,8200,9421,5625
PCM,1109,184,3436,7456,8604,6515,3485,1484,1441,3248,4879,4051,1012,-1437,-1284,184
PCM,247,-1486,-2827,-2512,-1777,-1889,-2525,-3006,-3001,-2266,-1044,-211,-439,-1421,-1938,-906
PCM,1223,2495,1743,141,-377,614,1975,2441,1798,766,110,177,773,1229,820,-214
PCM,-803,-498,37,19,-496,-956,-863,-364,-17,-133,-548,-787,-516,254,861,647
PCM,-147,-599,-118,833,1254,755,58,-139,21,187,453,688,347,-439,-775,466
PCM,3247,4930,2630,-1798,-2352,2971,8603,8767,4279,210,280,4113,8141,8854,5824,2012
PCM,624,2417,5227,5758,3040,-415,-1429,190,1547,335,-2210,-3249,-2117,-896,-1318,-2807
PCM,-3836,-3461,-1923,-389,-69,-1162,-2550,-2514,-488,1886,2358,758,-728,-506,975,2283
PCM,2421,1493,391,27,497,1161,1288,636,-232,-465,-74,92,-258,-651,-656,-384
PCM,-183,-302,-607,-694,-441,-100,182,353,154,-227,-203,290,652,536,321,357
PCM,424,208,-92,29,503,580,61,-397,-381,-131,-15,603,2477,3959,2263,-1633
PCM,-2132,3115,8643,8347,3227,-708,365,5018,8779,8490,4897,1373,572,2793,5897,6386
PCM,3025,-1111,-1889,791,2766,970,-2643,-3832,-1803,0,-901,-3112,-4197,-3517,-1812,-167
PCM,143,-1428,-3429,-3334,-457,2674,2774,-129,-2388,-1222,1937,3506,2200,61,-558,500
PCM,1661,1686,791,-92,-288,176,684,565,-382,-1335,-1075,303,1128,145,-1602,-1935
PCM,-459,1118,1218,-2,-1127,-1136,-90,1068,1294,479,-519,-733,17,942,1043,197
PCM,-646,-503,335,678,127,-557,-548,-17,880,2444,3421,1735,-1507,-1478,3517,8236
PCM,7296,2206,-945,1105,5915,8715,7329,3630,1066,1389,3818,6013,5631,2523,-757,-1297
PCM,1007,2868,1356,-2134,-3582,-1866,-87,-736,-2744,-3849,-3300,-1834,-570,-467,-1715,-3173
PCM,-2969,-606,1828,1764,-482,-1976,-927,1441,2671,1860,306,-284,381,1306,1601,1180
PCM,407,-142,-20,534,761,200,-632,-790,-69,554,167,-782,-1155,-565,304,637
PCM,138,-708,-946,-222,660,745,81,-444,-301,169,459,344,16,-196,-92,223
PCM,288,-46,-333,-198,114,172,-23,-234,236,2048,3615,2164,-1312,-1586,3211,7743
PCM,6774,2094,-638,1210,5437,8084,7078,3588,799,1066,3909,6398,5726,2157,-1080,-1116
PCM,1555,3376,1619,-2013,-3448,-1693,112,-503,-2413,-3481,-3179,-2028,-792,-516,-1786,-3362
PCM,-3085,-699,1505,1244,-963,-2346,-1142,1392,2602,1585,-79,-588,225,1379,1927,1547
PCM,507,-421,-327,799,1634,932,-659,-1216,-160,972,786,-371,-1149,-873,-18,583
PCM,466,-239,-968,-981,-92,808,652,-328,-894,-465,278,461,94,-229,-204,-53
PCM,-5,44,117,16,-177,-142,104,223,84,-103,375,1973,3274,2115,-705,-1108
PCM,2550,6504,6500,2963,-62,490,4126,7536,7551,4101,530,277,3384,6443,6135,2663
PCM,-852,-1519,836,3398,2914,-545,-3412,-3013,-653,544,-622,-2873,-4042,-3031,-919,35
PCM,-1173,-3155,-3551,-1622,763,1200,-485,-2121,-1799,218,2043,2037,401,-977,-579,1113
PCM,2312,1841,347,-540,-38,1040,1471,929,-61,-640,-178,818,949,-133,-1044,-635
PCM,389,720,128,-687,-1005,-568,251,637,146,-728,-1031,-473,316,564,88,-632
PCM,-865,-271,534,601,-133,-679,-405,285,632,306,-286,-452,52,1126,2465,2891
PCM,1356,-814,-385,3203,6223,5501,2214,187,1493,4732,6900,6171,3382,1195,1549,3865
PCM,5643,4964,2376,16,-310,1275,2668,1896,-496,-2153,-1918,-888,-529,-1149,-2201,-2884
PCM,-2680,-1812,-1183,-1447,-2204,-2481,-1845,-778,-105,-261,-930,-1204,-465,720,1210,722
PCM,35,-74,477,1216,1524,1084,309,21,477,1100,1146,556,-64,-110,313,601
PCM,366,-105,-289,-126,102,127,-62,-364,-527,-314,37,50,-341,-602,-447,-183
PCM,-100,-136,-229,-418,-467,-170,181,138,-199,-369,-190,192,402,203,-124,-82
PCM,290,412,195,441,1593,2516,1875,337,132,1965,3972,4256,3030,1864,1841,2937
PCM,4326,4962,4211,2594,1616,2258,3804,4411,3124,970,-165,455,1749,1986,601,-1269
PCM,-2083,-1408,-291,-123,-1268,-2732,-3058,-1870,-506,-560,-1886,-2762,-2093,-734,-53,-274
PCM,-803,-1131,-914,-35,869,854,21,-477,0,862,1190,813,265,70,363,802
PCM,869,499,184,231,360,339,321,303,75,-131,63,383,207,-333,-493,-120
PCM,174,0,-348,-457,-338,-214,-195,-252,-297,-288,-273,-255,-162,-35,-72,-230
PCM,-172,141,270,32,-133,86,376,345,135,78,197,291,456,993,1643,1710
PCM,1081,616,1099,2236,3031,2906,2260,1940,2299,2991,3483,3478,2984,2325,2045,2439
PCM,3035,2961,1996,919,605,976,1237,888,97,-607,-852,-707,-550,-713,-1173,-1602
PCM,-1677,-1339,-946,-977,-1421,-1710,-1423,-808,-473,-645,-956,-946,-553,-113,39,-108
PCM,-283,-224,42,282,381,362,249,114,172,472,675,530,239,166,327,484
PCM,486,365,223,127,119,187,251,197,-4,-227,-281,-92,83,-38,-336,-444
PCM,-309,-188,-170,-170,-183,-244,-284,-226,-74,91,130,-15,-168,-87,184,355
PCM,295,140,40,47,181,373,409,208,-33,-51,167,366,303,17,-183,-84
PCM,187,278,61,-173,-157,1,75,63,40,-48,-185,-167,37,187,68,-157
PCM,-165,60,221,107,-121,-214,-164,-123,-162,-240,-338,-478,-619,-669,-663,-738
PCM,-912,-1062,-1103,-1069,-1048,-1116,-1247,-1292,-1220,-1163,-1178,-1181,-1106,-1013,-971,-935
PCM,-855,-775,-738,-712,-663,-589,-526,-477,-433,-384,-320,-263,-206,-134,-40,55
PCM,115,167,233,309,397,513,627,684,709,763,848,911,936,960,1009,1043
PCM,1022,981,973,1007,1024,968,895,825,774,789,831,802,652,471,350,331
PCM,371,358,218,-4,-193,-258,-209,-186,-305,-524,-710,-759,-663,-566,-646,-829
PCM,-914,-814,-630,-480,-400,-420,-490,-472,-289,-56,73,73,58,153,349,564
PCM,694,693,627,619,730,898,1016,985,830,737,846,1032,1082,957,779,699
PCM,742,839,874,756,541,362,337,445,503,389,151,-69,-165,-147,-147,-301
PCM,-593,-865,-977,-964,-969,-1095,-1325,-1547,-1646,-1594,-1507,-1525,-1648,-1737,-1697,-1537
PCM,-1353,-1250,-1255,-1256,-1118,-836,-545,-354,-286,-260,-133,130,402,556,547,477
PCM,489,637,856,1001,957,773,632,660,804,892,830,645,456,389,471,580
PCM,569,409,215,106,107,171,185,92,-84,-268,-364,-374,-400,-496,-637,-787
PCM,-902,-935,-928,-961,-1046,-1123,-1160,-1160,-1132,-1087,-1020,-946,-875,-777,-645,-509
PCM,-379,-255,-139,-33,68,172,278,393,500,603,688,761,830,880,923,963
PCM,996,1011,1029,1069,1123,1195,1239,1229,1216,1244,1291,1322,1327,1291,1228,1182
PCM,1164,1149,1115,1055,981,898,810,740,686,609,497,389,304,252,234,223
PCM,172,88,-2,-76,-110,-113,-124,-186,-268,-346,-431,-491,-518,-576,-730,-927
PCM,-1087,-1199,-1273,-1343,-1480,-1721,-1971,-2121,-2168,-2194,-2264,-2382,-2511,-2571,-2499,-2313
PCM,-2132,-2039,-2008,-1936,-1741,-1413,-1054,-787,-638,-493,-201,246,709,1047,1241,1356
PCM,1505,1789,2172,2470,2562,2516,2487,2585,2803,3013,3038,2829,2563,2449,2513,2594
PCM,2532,2291,1963,1712,1661,1736,1722,1510,1166,854,724,789,877,813,565,270
PCM,130,189,290,291,138,-139,-363,-359,-235,-201,-310,-516,-744,-857,-808,-757
PCM,-860,-1075,-1286,-1413,-1439,-1395,-1366,-1428,-1555,-1622,-1543,-1374,-1245,-1196,-1170,-1129
PCM,-1012,-783,-548,-425,-363,-253,-98,71,257,406,466,479,503,554,624,647
PCM,557,363,169,65,61,48,-79,-299,-514,-648,-676,-648,-679,-821,-1030,-1209
PCM,-1253,-1127,-951,-896,-994,-1132,-1158,-966,-622,-382,-410,-584,-677,-566,-252,125
PCM,327,246,55,52,337,768,1109,1184,989,768,838,1246,1686,1829,1645,1340
PCM,1166,1293,1632,1855,1702,1249,784,541,569,699,655,303,-206,-597,-700,-589
PCM,-539,-778,-1255,-1687,-1860,-1788,-1622,-1525,-1604,-1822,-1964,-1856,-1571,-1325,-1238,-1315
PCM,-1493,-1573,-1367,-984,-715,-661,-689,-661,-534,-271,53,262,265,184,182,331
PCM,613,936,1149,1175,1107,1130,1330,1591,1748,1769,1704,1608,1578,1674,1797,1833
PCM,1782,1686,1551,1410,1322,1268,1172,1003,813,640,472,324,233,156,37,-115
PCM,-294,-519,-715,-775,-733,-707,-761,-880,-982,-956,-759,-508,-361,-366,-418,-408
PCM,-279,-12,313,510,500,424,453,642,941,1197,1262,1162,1043,1029,1154,1301
PCM,1299,1143,967,830,751,769,838,833,701,484,247,57,-58,-136,-247,-436
PCM,-699,-935,-1087,-1193,-1269,-1281,-1304,-1459,-1689,-1843,-1868,-1780,-1627,-1529,-1589,-1680
PCM,-1631,-1410,-1095,-808,-681,-731,-785,-677,-415,-124,60,58,-79,-170,-67,203
PCM,440,469,332,176,154,347,671,866,784,632,655,870,1180,1479,1601,1497
PCM,1397,1528,1820,2068,2156,2028,1759,1585,1655,1852,1906,1694,1290,923,791,880
PCM,950,764,345,-72,-289,-286,-160,-111,-309,-661,-906,-928,-809,-651,-597,-790
PCM,-1105,-1232,-1098,-891,-796,-865,-1049,-1243,-1307,-1204,-1083,-1087,-1180,-1278,-1276,-1026
PCM,-535,-95,86,123,154,282,634,1156,1585,1807,1965,2185,2526,3017,3576,3941
PCM,3889,3560,3335,3403,3614,3725,3573,3102,2511,2165,2178,2262,2102,1629,942,236
PCM,-224,-283,-177,-328,-852,-1446,-1786,-1783,-1537,-1331,-1463,-1914,-2312,-2356,-2098,-1783
PCM,-1604,-1636,-1834,-1969,-1814,-1403,-1038,-928,-1005,-1098,-1049,-769,-356,-77,-46,-100
PCM,-49,140,399,637,771,766,706,724,852,986,1037,1011,919,800,761,817
PCM,828,737,624,525,425,373,368,327,234,145,78,19,0,22,40,8
PCM,-56,-77,-58,-46,-43,-25,-35,-87,-115,-95,-69,97,564,1130,1480,1626
PCM,1753,1901,2146,2593,3095,3420,3605,3835,4147,4581,5186,5781,5995,5687,5181,4904
PCM,4956,5114,5081,4635,3824,3071,2739,2733,2684,2348,1637,640,-289,-793,-867,-868
PCM,-1158,-1791,-2512,-2936,-2855,-2450,-2183,-2362,-2858,-3277,-3318,-2967,-2470,-2152,-2155,-2338
PCM,-2404,-2157,-1649,-1126,-827,-826,-958,-933,-607,-111,306,476,414,329,443,748
PCM,1066,1250,1254,1136,1040,1064,1167,1268,1293,1185,986,815,763,792,802,715
PCM,557,404,304,272,272,241,156,75,19,-28,-48,-14,27,192,707,1430
PCM,1966,2195,2278,2332,2519,3015,3650,4082,4286,4483,4785,5245,5925,6649,6960,6574
PCM,5807,5279,5259,5507,5602,5210,4305,3346,2912,3012,3129,2847,2085,962,-177,-845
PCM,-881,-702,-858,-1494,-2316,-2874,-2855,-2351,-1892,-1992,-2600,-3204,-3367,-3032,-2455,-2003
PCM,-1943,-2194,-2382,-2186,-1661,-1100,-734,-694,-894,-1017,-777,-263,207,428,378,208
PCM,181,433,810,1051,1048,898,766,742,838,986,1058,978,800,634,543,572
PCM,684,725,596,409,304,308,363,399,368,277,187,141,337,1001,1901,2542
PCM,2733,2664,2589,2785,3362,4033,4450,4639,4825,5112,5581,6288,7039,7332,6841,5882
PCM,5186,5127,5460,5651,5263,4310,3336,2901,2971,3072,2816,2079,939,-260,-992,-1020
PCM,-700,-666,-1209,-2080,-2727,-2719,-2171,-1693,-1798,-2398,-3024,-3269,-2992,-2383,-1853,-1733
PCM,-1974,-2251,-2240,-1811,-1165,-715,-733,-1039,-1220,-1036,-535,14,308,225,-12,-95
PCM,89,463,804,905,724,487,435,608,866,1016,958,733,518,472,603,768
PCM,817,724,543,389,386,530,657,623,464,543,1211,2253,3082,3374,3253,3027
PCM,3066,3574,4287,4832,5158,5409,5657,6008,6590,7251,7472,6880,5780,4944,4829,5191
PCM,5448,5119,4178,3155,2650,2663,2705,2369,1596,539,-496,-1096,-1061,-695,-593,-1049
PCM,-1827,-2400,-2404,-1940,-1519,-1597,-2153,-2719,-2848,-2493,-1945,-1547,-1478,-1689,-1932,-1910
PCM,-1565,-1116,-826,-803,-977,-1121,-989,-542,-61,145,45,-149,-204,-38,260,507
PCM,546,435,355,399,518,636,729,756,667,508,427,492,637,737,714,590
PCM,476,484,606,689,926,1759,2978,3835,3945,3667,3470,3617,4209,4949,5471,5797
PCM,6182,6579,6846,7060,7291,7233,6504,5347,4511,4480,4917,5096,4520,3358,2286,1795
PCM,1754,1658,1224,513,-257,-920,-1302,-1251,-912,-751,-1129,-1819,-2266,-2148,-1649,-1269
PCM,-1344,-1778,-2129,-2083,-1729,-1357,-1152,-1132,-1281,-1483,-1486,-1198,-801,-568,-579,-738
PCM,-839,-699,-336,-10,58,-51,-137,-116,-9,182,357,380,303,259,278,326
PCM,440,557,526,375,290,360,469,515,517,515,494,476,481,494,931,2255
PCM,3935,4837,4591,3969,3734,4145,5046,5939,6526,6970,7451,7676,7477,7167,7012,6727
PCM,5957,4969,4395,4520,4816,4537,3367,1766,598,277,450,450,79,-436,-904,-1291
PCM,-1525,-1512,-1338,-1271,-1405,-1584,-1654,-1460,-1061,-757,-849,-1175,-1325,-1191,-932,-705
PCM,-601,-715,-924,-986,-816,-620,-531,-482,-467,-487,-485,-392,-253,-142,-56,0
PCM,0,-31,-12,71,156,179,167,172,154,133,189,259,254,200,198,233
PCM,239,270,322,352,378,394,362,306,1011,3147,5597,6505,5432,3974,3715,4931
PCM,6773,7952,8232,8441,9007,9087,8102,6670,5711,5465,5455,5264,4881,4564,4062,2704
PCM,518,-1439,-2116,-1506,-495,-54,-501,-1361,-2033,-2372,-2555,-2444,-1856,-1085,-495,-261
PCM,-325,-511,-632,-671,-798,-821,-446,133,443,244,-286,-819,-1054,-884,-596,-376
PCM,-203,-74,-123,-381,-568,-503,-245,-18,96,138,215,290,226,29,-159,-102
PCM,125,303,290,158,61,3,-40,-62,-20,96,247,308,231,158,192,239
PCM,243,272,1306,4127,7125,7831,5806,3659,3795,5993,8386,9191,8883,9100,9891,9593
PCM,7466,4843,3592,4183,5388,5727,4724,3245,1622,-433,-2496,-3628,-3205,-1739,-291,176
PCM,-550,-1806,-2838,-3290,-2992,-1852,-217,1216,1725,1216,256,-620,-1069,-1023,-482,394
PCM,1136,1337,751,-428,-1535,-2008,-1760,-1033,-193,349,358,-79,-591,-899,-914,-656
PCM,-258,339,1027,1299,821,-59,-619,-583,-100,409,562,365,197,184,-5,-374
PCM,-641,-524,-74,476,732,479,123,-71,-80,-15,195,479,588,1714,4856,8004
PCM,8055,5021,2681,3780,7198,9865,9845,8515,8511,9748,9483,6732,3532,2462,3977,6168
PCM,6646,4486,1422,-912,-2336,-2962,-2931,-2434,-1604,-354,505,-144,-2091,-3845,-4083,-2452
PCM,300,2343,2588,1557,430,-271,-684,-938,-942,-213,1239,2278,1629,-369,-2279,-2980
PCM,-2271,-1015,-136,135,223,187,-279,-1010,-1525,-1392,-467,835,1678,1657,923,-33
PCM,-671,-663,-180,226,510,711,786,520,-172,-860,-1106,-562,280,730,667,378
PCM,262,151,-111,-361,-247,322,947,1091,570,1197,4615,8218,8027,4405,2330,4472
PCM,8263,10297,9346,7711,8179,9757,9276,6213,3287,2526,3925,6076,6543,3987,291,-1997
PCM,-2647,-2344,-1974,-2165,-2083,-677,960,410,-2240,-4352,-3947,-1160,1931,3000,2116,972
PCM,236,-330,-759,-818,-593,138,1260,1753,967,-852,-2683,-3442,-2411,-493,561,461
PCM,-173,-632,-780,-940,-1124,-1020,-136,1087,1777,1595,707,-405,-1070,-783,112,905
PCM,949,539,200,-14,-245,-581,-641,-335,277,800,882,578,102,-302,-438,-25
PCM,538,764,640,344,1565,5471,8961,7996,3687,2006,5026,8842,10159,8849,7606,8598
PCM,10219,9105,5238,2116,2023,4168,6574,6721,3351,-690,-2347,-2005,-1689,-2067,-2471,-1855
PCM,309,2035,821,-2473,-4376,-3287,-286,2540,3230,1919,561,181,-71,-813,-1431,-1294
PCM,-222,1392,2019,492,-2026,-3525,-3215,-1677,-227,220,-173,-304,27,-232,-1051,-1622
PCM,-1160,244,1704,2195,1177,-193,-809,-571,-76,153,164,264,680,844,345,-604
PCM,-1158,-808,148,1045,1061,530,141,91,143,76,52,125,371,676,760,1935
PCM,5489,8634,7640,3609,2090,5042,8552,9531,8386,7738,8795,9766,8270,4674,1709,1508
PCM,3956,6690,6663,2932,-982,-2137,-1478,-1168,-1922,-2555,-1594,1278,3345,1725,-2419,-4808
PCM,-3142,869,3677,3185,1076,143,746,626,-984,-2574,-2370,-95,2090,2087,-338,-2894
PCM,-3747,-2860,-1217,-325,-423,-527,143,561,-180,-1419,-1915,-1090,567,1896,1798,724
PCM,-288,-624,-501,-230,-149,-137,384,937,812,-38,-687,-800,-501,125,746,1055
PCM,879,414,-111,-113,195,340,233,260,533,2071,6081,9169,7531,2917,1642,4998
PCM,8268,8852,7864,7720,8725,9478,7854,4281,1125,438,2898,6287,7071,3403,-932,-2201
PCM,-1294,-1103,-2277,-2848,-1304,2071,4072,2418,-1569,-4166,-3280,89,3234,3641,1989,735
PCM,823,668,-811,-2634,-2931,-961,1714,2527,611,-2246,-3884,-3438,-1746,-488,-398,-459
PCM,228,965,497,-1036,-2274,-1985,-51,1929,2306,1203,-71,-725,-710,-511,-444,-382
PCM,167,1045,1162,396,-557,-1095,-995,-247,639,1102,1014,598,185,-61,-17,-92
PCM,-219,120,763,2420,6019,8873,7357,2953,1551,4685,7650,8050,7526,7906,8960,9273
PCM,7539,3981,655,-103,2346,5716,6655,3648,-186,-1419,-1044,-1631,-3111,-3191,-1052,2242
PCM,4299,3178,-627,-3748,-3350,-369,2368,2934,2205,1811,1883,1123,-1035,-3065,-3225,-1295
PCM,1190,2400,1228,-1328,-3137,-3148,-2163,-1480,-1025,-367,727,1521,1050,-641,-2163,-2021
PCM,-548,1014,1785,1666,880,37,-534,-881,-1035,-796,9,839,1174,748,-110,-809
PCM,-1046,-782,-97,671,985,864,595,251,-175,-446,-325,91,523,1976,5357,8254
PCM,7334,3516,2001,4274,6582,7001,7174,8149,8875,8787,7668,5274,2074,174,1425,4605
PCM,6358,4516,1387,-28,-255,-1220,-2721,-3138,-1871,905,3563,3770,1024,-2181,-3125,-1579
PCM,808,2040,1891,1741,2219,2085,386,-1879,-3117,-2367,-141,1779,1782,136,-1538,-2302
PCM,-2212,-1819,-1472,-1077,-136,1104,1617,724,-1059,-2137,-1666,-46,1294,1541,976,375
PCM,192,0,-522,-1191,-1051,-9,1078,1301,544,-385,-959,-888,-442,106,363,264
PCM,360,733,748,-80,-870,-752,68,1712,4545,6812,6182,3935,3315,4672,5602,5698
PCM,6541,8084,9002,8911,8229,6727,4224,2203,2635,4773,5729,4591,3281,2886,2014,-22
PCM,-1777,-2147,-1459,39,1947,2828,1595,-692,-1847,-1295,-294,117,334,1069,1966,2022
PCM,1019,-415,-1560,-1863,-1074,247,910,479,-371,-801,-956,-1346,-1806,-1726,-883,158
PCM,758,605,-175,-1044,-1202,-524,156,257,127,424,808,551,-229,-751,-596,-226
PCM,48,321,484,172,-385,-460,-126,-93,-459,-439,171,647,525,42,-323,-379
PCM,-90,287,1034,2697,4419,4835,4137,3914,4348,4711,5391,6714,7750,7792,7826,8321
PCM,8270,6908,5223,4670,5168,5718,5696,5400,4767,3552,2182,1272,668,-36,-185,680
PCM,1681,1568,543,-307,-685,-782,-682,-328,-4,167,435,773,665,-191,-1095,-1250
PCM,-746,-333,-281,-235,-201,-431,-801,-964,-1057,-1235,-1163,-588,-40,-61,-363,-544
PCM,-532,-457,-319,-201,-209,-149,86,285,143,-195,-377,-305,-155,-61,-15,-54
PCM,-121,-136,-95,-105,-199,-261,-159,61,198,138,29,37,89,482,1611,2924
PCM,3467,3362,3504,4003,4520,5222,6153,6732,6835,7216,8095,8683,8298,7340,6637,6435
PCM,6517,6681,6743,6270,5269,4380,3866,3190,2131,1343,1180,1319,1332,1120,673,76
PCM,-384,-570,-606,-736,-907,-819,-405,-59,-178,-625,-1041,-1227,-1173,-973,-808,-783
PCM,-788,-738,-697,-762,-930,-1082,-1067,-858,-633,-514,-439,-366,-328,-314,-310,-369
PCM,-420,-320,-102,53,53,-35,-120,-146,-155,-178,-159,-126,-116,-111,-51,3
PCM,-28,-67,-56,-17,-30,0,127,251,231,432,1338,2430,2932,2969,3225,3681
PCM,4163,5046,6125,6606,6494,6853,7892,8678,8608,8019,7466,7088,7006,7244,7441,6973
PCM,5907,5062,4716,4233,3224,2249,1738,1456,1193,1051,905,417,-270,-669,-712,-850
PCM,-1207,-1318,-990,-672,-705,-863,-966,-1168,-1387,-1336,-1103,-1036,-1083,-932,-676,-633
PCM,-821,-925,-862,-783,-721,-583,-387,-273,-206,-72,27,-89,-274,-221,29,166
PCM,132,102,89,39,21,73,37,-126,-221,-110,66,97,-10,-107,-97,-46
PCM,-9,32,70,58,353,1404,2712,3292,3121,3111,3568,4250,5258,6404,6866,6580
PCM,6783,7945,8944,8826,7973,7143,6610,6571,7043,7368,6722,5346,4344,4072,3725,2744
PCM,1658,1004,686,593,714,650,11,-756,-1013,-919,-1008,-1312,-1421,-1154,-723,-459
PCM,-509,-793,-1136,-1273,-1070,-747,-656,-793,-798,-555,-289,-265,-452,-641,-695,-558
PCM,-296,-27,75,27,6,75,159,154,66,13,119,254,239,195,241,194
PCM,-33,-110,27,30,-126,-107,52,9,-110,-38,50,-77,-190,-40,138,507
PCM,1640,3128,3762,3513,3478,3889,4439,5468,6871,7450,7058,7225,8404,9279,8965,7971
PCM,6947,6186,6054,6584,7014,6389,4827,3506,3057,2677,1622,484,-33,-198,-312,-175
PCM,-48,-565,-1441,-1788,-1581,-1545,-1819,-1796,-1260,-723,-581,-658,-792,-1061,-1264,-1061
PCM,-674,-604,-708,-548,-247,-144,-232,-371,-526,-548,-345,-105,-2,48,130,198
PCM,269,285,164,32,97,282,380,375,293,171,109,182,243,148,-12,-67
PCM,34,158,195,128,21,-72,-56,119,259,176,503,2167,4338,5106,4351,3809
PCM,4106,4775,6099,7870,8498,7676,7552,8961,9916,8960,7076,5713,5158,5264,5796,6032
PCM,5121,3317,1931,1477,882,-601,-1856,-1760,-1007,-707,-814,-1064,-1641,-2219,-2113,-1641
PCM,-1692,-2083,-1832,-782,164,273,-239,-787,-1057,-981,-532,-46,-54,-374,-327,123
PCM,295,-12,-387,-575,-531,-213,179,260,94,45,161,225,176,60,-56,-4
PCM,249,437,306,55,-20,97,198,169,47,-62,-22,151,304,269,76,-77
PCM,-2,260,389,251,73,771,3167,6120,7078,5499,3940,4215,5625,7208,8581,9010
PCM,8497,8658,9810,9880,7634,4685,3168,3403,4255,4493,3816,2599,1262,65,-971,-2284
PCM,-3856,-4337,-2776,-575,148,-687,-1700,-2020,-1698,-1147,-880,-974,-787,189,1531,2216
PCM,1635,239,-746,-622,39,308,136,81,295,459,285,-263,-933,-1279,-1015,-363
PCM,106,71,-229,-283,-9,119,-160,-524,-547,-239,163,396,308,16,-172,-147
PCM,-64,-40,-115,-178,-35,347,577,322,-115,-203,102,322,282,215,251,262
PCM,1141,4242,8009,8748,6062,3968,4791,6557,7671,8769,9780,9896,9803,10044,8930,5238
PCM,1234,210,2066,3690,3150,1505,231,-886,-2382,-3982,-5423,-6203,-4998,-1594,1531,1833
PCM,-160,-1912,-1907,-783,174,569,875,1624,2811,3725,3144,919,-1209,-1566,-550,391
PCM,567,109,-423,-490,-258,-506,-1436,-2222,-2015,-774,510,784,190,-379,-478,-255
PCM,164,293,-268,-746,-219,758,859,101,-570,-607,-258,26,63,-129,-286,-183
PCM,335,804,565,-170,-418,120,543,414,184,221,220,164,1371,5034,9133,9677
PCM,6368,3773,4887,7314,8363,8593,9297,10291,10837,9979,6703,1823,-1822,-1948,720,3012
PCM,2281,-573,-2556,-3076,-4099,-6320,-7925,-7013,-3277,1477,4095,2907,-182,-1989,-1423,404
PCM,1875,2469,2903,3826,4578,3840,1299,-1822,-3414,-2452,-284,787,197,-924,-1568,-1530
PCM,-1431,-1951,-2714,-2295,-395,1533,2028,1061,-155,-555,-48,495,654,534,252,169
PCM,515,681,-102,-1096,-1132,-379,176,161,-128,-283,-77,218,353,410,435,303
PCM,221,448,595,339,-9,-51,161,291,132,927,4566,9115,9659,5765,3146,4881
PCM,7562,8304,8138,8568,9674,10726,9650,5132,-397,-3156,-2015,1084,2911,1265,-1964,-3385
PCM,-3484,-4897,-7159,-7816,-5909,-1384,3889,5732,2673,-1219,-2049,-389,1776,3230,3584,3778
PCM,4811,5140,2767,-1304,-4322,-4459,-1948,895,1283,-619,-2266,-2587,-2475,-2623,-2895,-2695
PCM,-1069,1643,3239,2351,273,-924,-659,420,1314,1381,960,885,1146,784,-571,-1876
PCM,-1839,-619,500,616,19,-433,-351,-71,-69,-230,-53,583,1197,1259,616,-182
PCM,-402,-40,249,127,-71,-137,-59,1208,4817,8518,8317,4599,2811,5315,8050,8006
PCM,7058,7900,10023,10940,8663,3663,-915,-2406,-881,1732,3000,1241,-1814,-3191,-3478,-5100
PCM,-7310,-7302,-4342,412,4607,5204,1798,-1920,-2659,-630,2206,3995,4354,4646,5351,4449
PCM,958,-2873,-4614,-3732,-894,1888,2010,-392,-2811,-3871,-3977,-3600,-2807,-1610,308,2390
PCM,3009,1627,-526,-1874,-1566,316,2297,2860,2288,1508,520,-707,-1382,-1348,-1136,-544
PCM,601,1365,869,-426,-1535,-1824,-1051,264,1113,1130,771,536,481,207,-488,-920
PCM,-336,711,1135,773,39,419,3749,8014,8159,4012,1857,4563,7828,8135,6739,6277
PCM,7978,10222,9048,3638,-1516,-2636,-304,3056,4297,1368,-2541,-3192,-2476,-4127,-6632,-6808
PCM,-4091,1019,5696,5201,-18,-3802,-3109,-170,2697,4232,4229,4553,5561,4251,35,-3551
PCM,-4389,-2796,667,3605,2793,-726,-3323,-4342,-4624,-3858,-2346,-915,841,2713,2712,505
PCM,-1946,-3088,-2135,794,3504,3795,2467,1229,154,-928,-1532,-1623,-1083,505,2110,2053
PCM,384,-1455,-2514,-2380,-1090,350,1126,1350,1105,397,-348,-819,-1085,-884,190,1471
PCM,1772,937,-208,184,3413,7048,7053,3938,2795,5161,7174,6618,5328,5561,7466,9213
PCM,8126,3858,-495,-2000,-425,2381,3455,1223,-1646,-2150,-1861,-3460,-5895,-6485,-4037,900
PCM,5052,4493,101,-3212,-2869,-248,2356,3457,3545,4460,5638,4390,440,-3287,-4326,-2171
PCM,1622,3710,2348,-624,-2758,-3763,-4070,-3838,-3130,-1431,1267,3154,2400,-351,-2894,-3425
PCM,-1571,1255,2987,3108,2557,1789,654,-756,-1963,-2130,-668,1627,2875,2046,-82,-2011
PCM,-2628,-1922,-935,-278,402,1314,1683,799,-840,-2055,-1938,-511,1153,1836,1404,623
PCM,0,596,3336,6233,6288,4264,3941,5765,6823,6005,4581,4592,6959,9465,8537,4139
PCM,-146,-1747,-508,2037,2616,285,-1395,-708,-648,-3032,-5838,-6965,-4980,262,4772,4227
PCM,275,-2374,-2163,-183,1772,2224,2307,4160,6261,5328,1549,-2431,-4352,-2706,1316,3566
PCM,2206,-320,-1949,-2855,-3403,-3895,-4128,-2682,613,3085,2630,128,-2506,-3496,-2000,632
PCM,2333,2875,2935,2348,1257,-12,-1370,-2088,-1083,1149,2633,2518,963,-1217,-2621,-2566
PCM,-1628,-571,420,1019,1027,603,-211,-1325,-2024,-1581,-97,1595,2262,1516,154,-749
PCM,34,3071,6187,6497,4754,4209,5383,6014,5209,3930,4140,6667,9213,8601,4858,684
PCM,-1755,-1147,1316,2206,654,-495,-108,-411,-2411,-5246,-7128,-5588,-632,3576,3720,1128
PCM,-1375,-2013,-612,937,1234,1859,4152,6049,5411,2523,-1110,-3272,-2292,547,2348,2159
PCM,760,-906,-2121,-2982,-4031,-4484,-2959,-206,1761,1896,311,-1817,-2817,-2051,-384,1179
PCM,2271,2795,2772,2066,546,-1005,-1382,-431,1087,2175,2097,1011,-312,-1309,-1938,-1976
PCM,-1330,-328,693,1081,448,-699,-1450,-1609,-1225,-296,730,1321,1285,799,16,-566
PCM,-741,362,3553,6716,7027,4900,3615,4007,4488,4411,4336,5360,7446,8839,7691,4517
PCM,1016,-1238,-911,1280,2505,1551,482,164,-728,-2822,-5223,-6399,-5007,-1264,2164,2911
PCM,1089,-1344,-2230,-1039,451,988,1844,3907,5631,5321,3129,207,-1803,-1525,521,2356
PCM,2612,1381,-359,-1604,-2352,-3318,-4107,-3535,-1576,528,1332,265,-1881,-3218,-2626,-953
PCM,596,1523,1957,2169,2149,1536,282,-747,-586,768,2275,2754,1782,169,-956,-1292
PCM,-1237,-1101,-790,-348,145,440,1,-1175,-2209,-2026,-749,461,895,632,349,331
PCM,141,-270,-480,-121,600,2045,4330,5598,4785,3291,3221,4305,5008,5098,5147,5936
PCM,7096,7494,6518,4571,2423,1078,1528,2720,2705,1435,531,363,-244,-1796,-3742,-4872
PCM,-4107,-1775,337,732,-403,-1618,-1574,-529,159,210,818,2642,4436,4757,3398,1272
PCM,-80,229,1536,2296,1924,1102,570,161,-826,-2502,-3737,-3385,-1870,-495,-216,-1021
PCM,-2181,-2698,-2266,-1568,-1028,-346,675,1612,1932,1399,507,-48,143,1040,1989,2337
PCM,1823,1071,544,4,-604,-973,-798,-276,156,88,-415,-1025,-1584,-1816,-1423,-612
PCM,-18,197,163,3,-105,-151,-258,-190,309,905,1198,1130,1368,2296,3188,3441
PCM,3253,3601,4361,4595,4560,4522,4763,5320,5876,6125,5515,4264,3149,2929,3212,2901
PCM,2136,1870,2046,1668,500,-1038,-2238,-2468,-1591,-356,169,-170,-834,-948,-518,-441
PCM,-739,-439,800,2227,2922,2562,1467,464,335,848,1327,1347,1073,895,791,303
PCM,-822,-1963,-2440,-1901,-909,-428,-764,-1553,-1949,-1884,-1643,-1481,-1325,-747,70,753
PCM,818,270,-247,-165,492,1055,1229,1120,1011,923,636,220,-221,-328,-93,163
PCM,221,-87,-428,-705,-935,-924,-690,-403,-266,-193,-74,-124,-301,-366,-191,128
PCM,278,388,601,729,393,-84,461,1686,2289,2218,2195,2457,2782,2929,2885,2896
PCM,3242,3968,4666,4992,4542,3530,3064,3309,3581,3495,3188,3036,3071,2976,2355,1174
PCM,145,14,564,1141,1211,598,50,-59,29,-85,-428,-449,4,835,1340,1087
PCM,366,-170,-48,275,459,484,424,353,383,318,-216,-875,-1188,-1039,-633,-351
PCM,-472,-904,-1253,-1315,-1256,-1176,-1105,-1095,-862,-462,-292,-353,-441,-588,-633,-252
PCM,290,451,172,19,68,197,246,60,-59,-107,34,262,396,63,-516,-493
PCM,-115,212,61,-252,-314,-154,107,138,42,-250,-297,99,567,539,0,-224
PCM,40,477,458,226,97,229,680,932,1042,764,541,813,1285,1647,1466,1218
PCM,1431,1919,2152,2103,1898,1761,1935,2224,2505,2374,2046,1996,2253,2420,2164,1772
PCM,1572,1740,1916,1862,1652,1392,1215,1241,1288,1172,944,702,748,916,908,660
PCM,355,262,311,337,259,58,-48,-28,-59,-93,-239,-431,-552,-550,-410,-411
PCM,-637,-795,-738,-703,-726,-836,-902,-871,-883,-733,-730,-806,-811,-852,-690,-625
PCM,-682,-632,-607,-524,-452,-477,-394,-358,-407,-323,-196,-165,-186,-173,-118,-17
PCM,-22,-33,37,26,53,120,163,132,119,179,216,252,220,226,251,273
PCM,273,283,329,280,228,290,365,265,223,251,282,265,200,247,198,163
PCM,154,184,145,13,27,32,94,8,-115,-33,-56,-89,-103,-149,-149,-180
PCM,-224,-160,-136,-217,-268,-235,-185,-182,-278,-304,-198,-229,-211,-260,-294,-260
PCM,-296,-281,-286,-265,-314,-327,-312,-258,-289,-390,-299,-292,-323,-297,-307,-302
PCM,-279,-294,-258,-226,-237,-222,-155,-72,-98,-77,-23,8,53,99,172,228
PCM,290,331,420,456,432,517,559,598,670,709,733,787,794,799,851,805
PCM,833,849,838,877,828,846,828,706,727,727,670,684,601,570,574,507
PCM,502,440,366,373,339,267,298,316,226,231,229,218,208,130,169,145
PCM,132,190,151,107,109,75,29,44,-30,-66,-36,-30,-43,-95,-139,-182
PCM,-209,-242,-244,-294,-346,-338,-327,-369,-451,-491,-524,-568,-571,-537,-589,-646
PCM,-641,-628,-658,-720,-746,-731,-720,-743,-738,-739,-757,-759,-762,-731,-739,-769
PCM,-718,-715,-721,-668,-656,-690,-653,-581,-581,-568,-571,-506,-454,-473,-392,-354
PCM,-379,-304,-252,-252,-165,-193,-160,-18,-56,-2,71,53,92,136,163,192
PCM,252,259,264,300,337,353,344,389,410,386,417,455,425,450,477,450
PCM,466,484,469,459,463,477,463,433,446,438,424,432,424,407,381,371
PCM,384,345,313,355,293,264,332,236,221,259,194,187,172,164,154,145
PCM,114,88,109,73,65,70,44,39,50,17,-23,1,-5,-23,-36,-2
PCM,-5,-71,-38,-56,-59,-35,-98,-72,-46,-84,-79,-95,-90,-108,-103,-90
PCM,-97,-89,-134,-110,-100,-118,-128,-152,-121,-97,-111,-151,-105,-108,-118,-93
PCM,-121,-93,-107,-71,-69,-102,-56,-69,-69,-40,-45,-77,-51,-53,-41,-14
PCM,-61,-15,-15,-20,16,6,-30,-7,53,4,-10,14,6,-5,37,42
PCM,-14,6,34,26,-4,-9,-12,16,1,-15,50,-31,-38,9,-36,-17
PCM,-62,-48,0,-43,-35,-9,-58,-64,-30,-80,-51,-56,-64,-80,-85,-33
PCM,-43,-61,-79,-43,-69,-31,-89,-80,-20,-92,-4,-69,-49,-12,-66,-22
PCM,-12,-56,-58,52,-22,-40,14,27,1,8,76,32,24,21,70,58
PCM,45,57,92,73,30,115,45,57,106,32,75,101,52,76,42,60
PCM,91,57,71,37,34,50,63,-12,99,127,-33,112,44,-49,66,-12
PCM,-59,88,-48,-31,130,-162,40,-33,-154,60,-186,45,-71,-190,-2,-12
PCM,-136,-188,-43,-172,16,-170,-168,-7,-221,-95,-25,-151,-216,-64,-195,-115
PCM,-98,-172,-85,-97,-100,-137,-22,-134,-110,-74,-54,-92,-147,4,-168,-82
PCM,0,-159,0,-61,-89,39,-113,-77,35,-45,-191,3,-46,-110,94,-157
PCM,-54,-30,-137,8,3,-180,-35,128,-115,45,19,-64,48,-40,-43,86
PCM,-43,-90,158,19,13,130,24,-30,99,65,17,60,-40,40,130,150
PCM,-30,47,154,22,101,185,44,58,163,-15,267,53,-31,298,1,216
PCM,130,-18,239,-4,88,177,-4,280,55,-66,420,-2,-23,335,-178,264
PCM,154,-71,331,-247,407,-79,-82,450,-384,644,-95,-95,424,-389,402,83
PCM,-118,223,-4,119,225,-201,269,216,-160,291,-33,79,-18,143,197,-5
PCM,35,345,145,-240,349,-10,-5,184,-59,132,148,-123,373,91,-95,332
PCM,-168,146,132,-151,107,63,-208,146,104,13,22,3,164,9,198,-211
PCM,47,50,-123,58,91,-7,-159,360,-235,76,-38,-124,145,-289,247,-211
PCM,-7,-237,52,0,-402,94,-227,-12,-170,45,-441,163,-71,-363,282,-472
PCM,-90,-45,-260,-195,101,-454,194,-196,-315,316,-658,117,-188,-216,-149,-59
PCM,-252,-211,257,-547,61,-216,-317,127,-420,27,-64,-465,197,-204,-204,73
PCM,-274,197,-395,63,22,-591,252,-519,-134,143,-350,40,50,-346,-93,150
PCM,-663,291,-204,-270,353,-503,306,-82,-92,24,40,239,-270,239,68,-103
PCM,159,13,-105,267,-53,-154,314,-186,228,120,-304,401,-76,-23,451,-434
PCM,161,399,-242,322,37,-35,104,-35,251,96,-10,282,97,182,104,-49
PCM,463,-320,342,264,-429,846,-359,119,753,-694,523,326,-367,621,-58,-90
PCM,409,-85,107,304,-10,135,189,146,9,453,-105,-123,632,-620,720,-294
PCM,-56,445,-651,846,-516,241,-36,-95,60,61,110,-208,353,-248,414,-315
PCM,259,-271,153,45,-51,337,-185,233,-271,520,-756,623,-325,-170,487,-783
PCM,724,-490,50,-98,-160,76,58,-191,65,119,-356,329,-403,115,42,-319
PCM,11,182,-465,78,83,-641,428,-366,-23,169,-460,125,-162,-268,89,-307
PCM,-177,-98,-152,30,-248,202,-304,151,-199,-439,396,-919,327,-305,-540,572
PCM,-1015,456,-441,-369,344,-1043,551,-725,66,30,-619,275,-421,125,-459,197
PCM,-659,319,-284,-372,463,-1101,557,-547,-85,-216,-279,-120,-323,106,-487,138
PCM,-478,37,-325,-28,-25,-500,252,-407,-367,441,-630,-66,192,-646,490,-407
PCM,-165,81,-260,-257,371,-465,71,-25,-500,848,-873,657,-459,101,304,-418
PCM,461,-377,171,-141,443,-579,717,-504,225,272,-506,905,-858,760,-385,376
PCM,-92,283,-12,-242,1051,-1224,1340,-697,-9,732,-901,742,-211,202,84,451
PCM,-208,17,324,-351,368,-74,229,383,-123,541,225,-425,841,-488,169,616
PCM,-674,786,-346,296,42,22,164,-351,668,-676,804,-178,-66,450,-389,380
PCM,-281,466,-661,587,-186,-398,750,-583,133,205,-74,-309,559,-532,316,-110
PCM,-433,567,-893,453,-9,-398,303,-276,-126,127,-141,26,-38,50,-410,497
PCM,-610,-62,502,-1106,1048,-1018,370,-278,-460,671,-1108,551,-299,-237,102,200
PCM,-702,464,-699,-221,287,-834,670,-752,471,-214,-175,-115,76,-274,-53,133
PCM,-519,578,-710,202,-235,58,-341,231,-382,30,494,-821,942,-852,455,-66
PCM,-242,47,-170,-152,-30,458,-834,913,-562,278,269,-392,572,-350,101,445
PCM,-444,270,623,-733,968,-581,169,83,-235,649,-350,619,-288,412,-107,365
PCM,-260,409,277,-385,1254,-726,681,164,-152,605,145,58,512,355,-263,1130
PCM,-692,391,425,-671,763,146,-43,464,574,-638,1255,-177,-22,1386,-1005,1440
PCM,-59,-54,934,-108,78,729,419,-423,1626,-783,852,458,-648,1195,-542,233
PCM,340,345,-71,704,-80,140,380,89,437,265,272,14,843,-224,587,247
PCM,156,249,481,-229,833,185,-394,1312,-1002,1014,-157,-40,184,543,-570,482
PCM,644,-1168,2165,-1806,1332,179,-803,1216,-283,246,172,110,-814,1637,-1721,1229
PCM,-59,-906,1422,-1015,461,-319,451,-891,1099,-911,574,272,-1098,1322,-1359,495
PCM,-354,94,-447,942,-671,252,339,-1428,1660,-1897,291,225,-813,-48,174,-682
PCM,-209,45,-736,717,-938,554,-547,273,-323,-177,446,-1309,916,-933,-213,267
PCM,-891,-90,39,-573,60,-421,-428,378,-1240,547,-844,-785,464,-1393,684,-431
PCM,-518,275,-827,123,-274,-261,-260,176,-434,84,185,-1028,319,-438,-596,251
PCM,-95,-718,608,-581,-33,698,-1436,1084,-889,-327,846,-915,394,-436,-369,308
PCM,-232,-278,531,-893,381,229,-840,815,-849,122,99,-152,65,-196,14,464
PCM,3,-244,919,-1054,830,-322,185,391,-764,712,-646,662,-1031,792,-565,303
PCM,534,-912,1482,-1256,1068,-232,231,349,-159,575,-35,513,-354,451,-221,787
PCM,-770,585,225,-778,1110,-728,0,223,-384,-22,707,-464,345,389,-398,567
PCM,270,-245,637,458,-470,1549,-428,239,1006,-627,1051,225,-224,512,71,-155
PCM,567,-323,27,300,-266,500,-252,233,502,-418,256,244,-103,538,-80,132
PCM,311,24,66,-105,112,-30,189,-56,680,-333,-64,616,-878,601,-115,-390
PCM,547,61,-291,616,-74,-615,1120,-780,525,738,-783,852,-304,-423,324,-279
PCM,-545,479,-305,-452,684,-708,-139,-17,-527,136,-74,257,-27,110,249,-46
PCM,523,-363,461,287,-441,1091,-273,-84,632,-599,154,57,-669,642,-684,79
PCM,549,-1083,673,-725,-328,16,-795,415,-312,-351,743,-676,-97,472,-1141,866
PCM,-421,-131,577,-690,203,-247,-488,-188,-348,-208,300,-330,169,-25,-242,-354
PCM,-247,-457,-364,-278,-635,393,-625,-76,-4,-323,-14,-124,-312,301,6,-606
PCM,808,-787,-28,9,-1044,205,-692,-999,-142,-490,-761,-146,-1012,-775,-981,-1367
PCM,-602,-857,-739,-601,-381,-610,-89,-232,-397,304,-173,393,585,290,583,350
PCM,182,804,596,515,1128,631,1038,715,202,450,-67,29,238,115,-23,176
PCM,-15,29,-41,-137,-12,-30,360,-97,386,1,-560,233,-465,-467,-191,-358
PCM,-2,316,154,-45,107,-312,-177,78,-302,60,27,35,484,218,106,35
PCM,264,409,397,879,435,340,340,14,256,-51,218,128,425,446,300,649
PCM,-434,246,-255,-465,499,-320,223,127,-221,282,-72,-542,47,19,-46,205
PCM,-41,133,-196,515,1422,2082,2368,2069,2417,2177,2402,2627,2573,2682,2919,3349
PCM,3558,3305,2314,1697,1226,1081,1148,1104,1089,885,549,179,-190,-1020,-1212,-1116
PCM,-836,-137,-142,-90,-203,-550,-475,-586,-606,-328,-257,1,207,22,-164,-602
PCM,-863,-761,-725,-607,-429,-519,-563,-591,-888,-809,-894,-928,-579,-353,-123,24
PCM,-159,-268,-56,-159,19,159,130,308,458,378,396,327,-27,120,65,254
PCM,287,194,150,52,218,73,128,-53,-35,92,334,306,104,228,75,236
PCM,791,2187,3294,3739,3910,3946,3943,3972,4436,4732,5031,5253,5877,6438,6153,5036
PCM,3640,2699,2156,2082,2131,1988,1412,812,335,-335,-1379,-2274,-2540,-2109,-1243,-578
PCM,-348,-610,-906,-1025,-928,-803,-578,-358,71,706,941,791,99,-553,-775,-726
PCM,-628,-431,-384,-485,-601,-870,-943,-1243,-1460,-1276,-919,-477,-204,-76,-84,-167
PCM,-239,-108,60,218,331,476,733,727,577,337,101,-2,53,172,161,89
PCM,6,44,-12,-67,-170,-330,-247,-79,110,277,1016,2575,4101,4941,5217,5199
PCM,5067,5267,5974,6668,7021,7352,7901,8325,7998,6835,4997,3253,2356,2229,2368,2095
PCM,1445,508,-449,-1382,-2502,-3497,-3900,-3440,-2377,-1225,-511,-504,-888,-1090,-989,-656
PCM,-164,358,981,1648,2040,1953,1309,435,-335,-609,-268,42,34,-260,-527,-756
PCM,-1079,-1339,-1527,-1651,-1439,-744,3,293,68,-147,-137,66,358,557,585,567
PCM,818,1094,962,484,37,-177,-193,-77,30,-64,-338,-488,-382,-307,-447,-630
PCM,-633,-385,-136,107,228,71,706,2594,4605,5506,5393,5297,5303,5641,6564,7339
PCM,7334,7285,8107,9046,8851,7221,5130,3415,2589,2583,2663,2328,1301,282,-447,-1181
PCM,-2406,-3895,-4442,-3894,-2595,-1359,-752,-889,-1436,-1478,-889,-315,-155,61,805,1854
PCM,2495,2480,1776,729,53,37,448,559,324,-7,-157,-221,-469,-935,-1452,-1503
PCM,-1158,-588,-85,150,91,-120,-64,202,396,370,357,528,818,957,903,668
PCM,164,-248,-292,4,45,-309,-490,-459,-319,-284,-418,-615,-860,-726,-204,106
PCM,83,536,2048,3749,4579,4708,4666,4581,4889,6032,7242,7596,7534,8007,8769,8787
PCM,7877,6513,5215,4307,4105,4429,4338,3318,1950,1079,401,-738,-2039,-2713,-2662,-2222
PCM,-1597,-1114,-1263,-1920,-2210,-1892,-1431,-1242,-976,-403,249,830,1153,1061,458,-66
PCM,-77,288,533,484,410,306,229,40,-180,-447,-756,-720,-351,68,128,29
PCM,75,81,78,145,238,203,247,502,702,629,404,239,133,117,11,-56
PCM,-108,-152,-136,-118,-118,-395,-552,-402,-250,-273,-294,-123,-41,308,1376,2581
PCM,3110,3165,3444,3914,4318,4971,5882,6487,6706,7148,7944,8350,8033,7386,6841,6370
PCM,5980,5941,5980,5533,4599,3796,3175,2250,1091,254,-97,-364,-550,-570,-710,-1181
PCM,-1695,-1817,-1793,-1963,-2129,-1915,-1415,-1008,-764,-658,-767,-1018,-1049,-734,-480,-487
PCM,-469,-250,-38,19,17,-56,-244,-359,-170,154,270,207,225,368,420,357
PCM,386,399,251,212,474,676,481,270,322,311,104,37,171,70,-170,-113
PCM,99,27,-229,-232,-103,-170,-263,83,883,1570,1992,2425,2819,2965,3221,4070
PCM,5037,5475,5721,6388,7200,7632,7784,7826,7556,7021,6838,7146,7277,6840,6235,5794
PCM,5238,4395,3574,2896,2134,1433,1117,994,588,-71,-586,-946,-1333,-1736,-2029,-2196
PCM,-2241,-2108,-1884,-1795,-1914,-2088,-2155,-2064,-1899,-1752,-1628,-1460,-1207,-974,-816,-697
PCM,-617,-584,-516,-319,-49,127,231,389,536,549,523,587,639,608,605,688
PCM,720,655,609,587,500,375,319,309,256,182,150,143,107,63,26,-5
PCM,-28,125,640,1290,1738,1999,2265,2575,3005,3751,4589,5077,5333,5838,6623,7300
PCM,7689,7839,7719,7428,7363,7670,7865,7546,6983,6538,6102,5496,4853,4198,3367,2518
PCM,2017,1766,1301,596,-10,-454,-932,-1429,-1783,-2069,-2364,-2493,-2359,-2256,-2427,-2664
PCM,-2695,-2584,-2491,-2383,-2237,-2135,-2029,-1759,-1374,-1147,-1136,-1098,-909,-666,-426,-164
PCM,29,101,198,428,632,673,652,680,738,799,882,926,862,758,729,756
PCM,724,616,517,458,417,386,373,329,223,145,293,748,1283,1657,1883,2107
PCM,2407,2903,3658,4413,4866,5147,5641,6417,7172,7624,7740,7639,7521,7614,7916,8089
PCM,7813,7238,6760,6460,6058,5396,4587,3772,3056,2544,2193,1722,986,239,-242,-576
PCM,-1013,-1535,-1949,-2186,-2295,-2297,-2269,-2378,-2613,-2726,-2584,-2400,-2365,-2369,-2245,-2008
PCM,-1755,-1506,-1313,-1227,-1173,-1000,-697,-449,-340,-250,-41,208,365,443,500,544
PCM,575,663,789,815,732,699,776,813,732,621,564,521,472,451,438,366
PCM,251,203,393,846,1319,1629,1855,2123,2452,2978,3757,4481,4874,5160,5757,6593
PCM,7295,7681,7823,7792,7701,7825,8197,8356,7962,7370,7016,6750,6257,5587,4874,4062
PCM,3270,2780,2500,1986,1164,458,44,-333,-821,-1251,-1578,-1886,-2070,-2013,-1943,-2117
PCM,-2370,-2406,-2261,-2155,-2117,-2042,-1940,-1816,-1596,-1302,-1127,-1127,-1095,-894,-664,-519
PCM,-389,-229,-110,-14,135,272,290,264,327,440,469,427,437,495,503,456
PCM,428,386,295,252,314,332,225,125,138,181,301,667,1146,1479,1683,1976
PCM,2387,2893,3537,4219,4715,5064,5581,6345,7071,7490,7647,7694,7737,7896,8208,8391
PCM,8141,7652,7321,7114,6722,6125,5463,4737,4043,3576,3260,2746,1984,1290,821,435
PCM,-20,-480,-865,-1196,-1423,-1468,-1480,-1680,-1963,-2057,-1980,-1938,-1948,-1915,-1839,-1744
PCM,-1597,-1416,-1299,-1282,-1256,-1118,-925,-790,-712,-619,-491,-371,-283,-213,-167,-144
PCM,-121,-61,22,60,50,58,91,101,73,65,84,78,37,24,71,109
PCM,96,63,50,167,507,949,1308,1541,1732,2030,2575,3271,3840,4191,4516,5036
PCM,5758,6468,6929,7092,7127,7264,7626,8033,8159,7939,7657,7523,7453,7249,6804,6181
PCM,5553,5099,4821,4496,3919,3193,2606,2196,1807,1342,813,283,-111,-305,-434,-677
PCM,-1043,-1364,-1514,-1543,-1600,-1726,-1840,-1887,-1843,-1724,-1636,-1667,-1724,-1679,-1542,-1413
PCM,-1338,-1279,-1214,-1110,-982,-871,-816,-796,-747,-645,-550,-496,-457,-411,-346,-281
PCM,-247,-253,-244,-188,-121,-92,-82,-71,-56,-18,42,76,40,17,71,254
PCM,546,835,1082,1291,1529,1846,2291,2769,3155,3503,3912,4414,4946,5461,5845,6076
PCM,6261,6500,6804,7066,7213,7220,7176,7130,7058,6913,6649,6285,5890,5563,5280,4949
PCM,4535,4062,3589,3149,2725,2289,1839,1400,1012,681,402,112,-219,-531,-783,-997
PCM,-1180,-1330,-1468,-1594,-1682,-1718,-1744,-1778,-1821,-1847,-1840,-1809,-1744,-1662,-1604,-1571
PCM,-1519,-1428,-1336,-1260,-1196,-1142,-1083,-990,-873,-774,-726,-694,-635,-555,-467,-398
PCM,-361,-336,-281,-195,-116,-76,-71,-61,-10,66,125,135,228,458,712,952
PCM,1153,1317,1505,1815,2222,2575,2852,3111,3455,3893,4308,4633,4847,5000,5174,5448
PCM,5739,5897,5931,5928,5949,5974,5939,5791,5553,5316,5117,4959,4760,4460,4090,3731
PCM,3441,3141,2808,2423,2037,1712,1441,1192,900,580,254,-17,-208,-390,-607,-814
PCM,-990,-1129,-1211,-1295,-1405,-1511,-1592,-1644,-1641,-1617,-1633,-1664,-1653,-1615,-1578,-1527
PCM,-1481,-1450,-1416,-1357,-1271,-1170,-1110,-1085,-1020,-933,-853,-780,-703,-638,-612,-532
PCM,-418,-348,-315,-289,-226,-141,-69,-23,11,35,60,138,324,517,627,755
PCM,932,1120,1288,1498,1723,1913,2120,2390,2666,2917,3134,3323,3532,3700,3832,3992
PCM,4170,4277,4357,4452,4478,4452,4418,4377,4294,4191,4075,3953,3822,3643,3451,3258
PCM,3028,2793,2568,2337,2095,1857,1629,1399,1182,931,698,500,267,86,-90,-270
PCM,-411,-583,-731,-834,-938,-1056,-1150,-1216,-1276,-1335,-1354,-1390,-1421,-1421,-1444,-1424
PCM,-1400,-1395,-1372,-1307,-1284,-1253,-1167,-1132,-1090,-1036,-948,-888,-837,-754,-702,-635
PCM,-570,-483,-416,-374,-312,-250,-173,-111,-56,-5,22,70,136,177,353,539
PCM,595,748,866,950,1087,1223,1396,1520,1666,1834,2020,2187,2296,2451,2552,2640
PCM,2731,2859,2961,2999,3113,3121,3113,3123,3069,3069,3012,2955,2899,2816,2712,2607
PCM,2496,2351,2222,2069,1901,1753,1640,1440,1278,1143,939,804,644,463,331,205
PCM,32,-85,-185,-332,-438,-526,-648,-713,-759,-870,-914,-945,-1000,-1056,-1048,-1057
PCM,-1116,-1079,-1087,-1096,-1039,-1052,-1004,-950,-981,-912,-839,-821,-790,-723,-674,-609
PCM,-555,-532,-452,-405,-341,-299,-247,-177,-149,-107,-40,26,29,68,120,156
PCM,184,414,601,567,725,756,833,967,989,1130,1268,1327,1392,1629,1679,1679
PCM,1803,1895,1885,1924,2054,2081,2138,2059,2123,2147,2022,2012,2020,1978,1916,1904
PCM,1740,1805,1717,1435,1562,1409,1184,1267,1123,962,880,787,688,530,472,363
PCM,249,189,84,-7,-49,-204,-217,-250,-449,-384,-462,-529,-537,-573,-612,-650
PCM,-666,-684,-625,-749,-617,-689,-723,-579,-669,-562,-646,-555,-531,-571,-405,-482
PCM,-469,-351,-358,-353,-248,-252,-248,-167,-149,-121,-59,-76,-9,8,-7,109
PCM,61,79,133,140,176,143,533,613,365,729,583,543,820,763,808,916
PCM,972,968,1219,1086,1190,1206,1195,1267,1159,1560,1144,1337,1449,1084,1418,1161
PCM,1208,1219,1126,1187,1126,1037,994,1058,787,831,879,750,639,637,600,479
PCM,479,278,407,223,182,233,79,171,-100,61,-69,-146,39,-340,-136,-107
PCM,-358,-59,-281,-464,-72,-305,-452,-92,-353,-363,-124,-438,-155,-271,-323,-131
PCM,-322,-203,-193,-129,-291,-170,-155,-30,-188,-209,57,-211,19,-105,-46,35
PCM,-69,-28,32,-58,84,119,-139,73,81,99,-12,104,44,30,84,79
PCM,120,-41,79,97,99,1,76,-15,104,48,-48,148,-281,132,99,-364
PCM,513,-240,-188,670,-483,198,347,-381,257,368,-428,433,332,-483,841,-315
PCM,283,363,-142,611,-142,595,145,326,241,415,440,195,657,145,743,202
PCM,797,347,407,1006,-232,1069,437,207,1029,226,322,766,332,388,743,138
PCM,823,269,440,701,-129,717,213,300,363,319,236,384,319,71,629,-162
PCM,471,303,39,466,-12,146,278,58,19,472,-113,223,339,-211,484,-64
PCM,94,311,-198,494,163,-12,252,114,0,99,61,-17,290,-89,136,60
PCM,26,120,0,156,6,247,-25,135,-76,-84,181,-271,135,-118,-10,24
PCM,-252,-129,-216,-168,-447,-124,-353,-284,-168,-677,-276,-506,-658,-320,-739,-552
PCM,-314,-984,-415,-624,-805,-358,-946,-353,-648,-733,-382,-808,-540,-563,-411,-718
PCM,-332,-392,-759,-157,-591,-271,-464,-270,-446,-310,27,-506,194,-757,187,-201
PCM,-470,384,-593,300,-296,22,106,-170,-74,143,88,-387,658,-562,34,410
PCM,-602,551,-204,-418,543,-371,-128,518,-323,-128,349,-134,-190,402,-359,-188
PCM,386,-366,-41,301,-385,6,499,-655,445,-128,-408,678,-493,291,-252,58
PCM,32,-304,443,-413,-48,50,-46,-167,138,-167,78,-115,-151,468,-617,243
PCM,-137,-288,176,-97,-343,-67,120,-477,327,-291,32,-229,-67,52,-157,153
PCM,-413,331,-439,117,-296,11,-89,-372,559,-676,158,58,-446,143,280,-733
PCM,556,-27,-672,895,-824,58,130,-170,83,-36,189,-107,154,-274,428,-299
PCM,132,172,-317,717,-643,632,-124,-274,779,-713,658,-110,-85,355,61,125
PCM,-107,636,-353,208,507,-172,233,264,-188,269,150,-209,486,-178,223,166
PCM,-120,282,-142,65,153,-54,306,-107,-175,508,-379,66,314,-398,212,337
PCM,-332,278,39,-325,424,-335,472,-147,68,337,-456,486,-374,0,-77,0
PCM,-74,226,-46,-226,384,-483,486,-487,243,-27,-320,807,-956,606,-265,-619
PCM,967,-787,231,314,-545,481,-56,-299,543,-265,-196,750,-599,424,21,-465
PCM,489,-105,-14,187,101,-247,588,-382,419,48,-395,574,-294,89,107,110
PCM,-248,283,-74,39,185,42,-299,455,-213,-496,939,-899,477,280,-558,384
PCM,159,-646,543,-17,-506,693,-685,318,-183,14,63,-217,-168,115,-59,-157
PCM,306,-431,373,-689,528,-379,-361,903,-1119,427,252,-811,507,29,-519,484
PCM,-338,-230,145,-168,-239,-162,177,-418,66,282,-761,554,-253,-663,1050,-1137
PCM,260,182,-651,285,0,-364,112,417,-1028,897,-677,-22,176,-651,391,-501
PCM,154,-353,316,-687,433,-134,-539,538,-596,326,-67,44,-289,471,-496,-178
PCM,636,-894,662,-128,-252,303,-151,-40,-204,-45,22,-123,-154,306,-544,461
PCM,-418,-77,345,-894,1006,-716,313,303,-518,55,34,-343,-66,675,-956,1037
PCM,-411,13,176,-168,57,-289,668,-805,918,-655,120,306,-442,415,-327,185
PCM,-100,151,-97,150,-317,515,-429,238,410,-721,804,-736,288,-36,-392,854
PCM,-562,238,321,-317,198,-270,61,1,101,-45,127,-22,-168,308,-495,407
PCM,-356,373,-354,140,203,-899,1180,-1281,538,53,-100,239,-152,215,-376,693
PCM,-1207,1425,-1273,453,632,-1116,1379,-1119,808,-651,623,-322,203,228,-518,764
PCM,-739,578,-694,609,-593,683,-320,-67,393,-741,1069,-811,998,-617,402,239
PCM,-201,202,-40,-87,-66,409,-320,1082,-1155,1135,-465,189,184,-630,1078,-814
PCM,885,-511,430,-413,472,-548,621,197,-770,1448,-1374,1389,-681,383,29,-124
PCM,407,-305,942,-1121,1029,-545,189,-51,-15,146,-195,243,-180,667,-883,877
PCM,-606,335,518,-619,636,-469,-51,234,86,-188,706,-770,510,81,-801,869
PCM,-772,518,8,-221,349,-643,127,-160,-263,327,-398,128,363,-480,376,-90
PCM,-689,410,-537,198,396,-832,1257,-1127,132,402,-1157,1172,-699,272,231,-361
PCM,-133,76,-537,293,-87,-588,848,-880,492,-434,122,22,-462,499,-508,205
PCM,0,-67,-4,-72,-431,347,-141,-5,176,-222,-292,-133,-105,-389,477,-548
PCM,334,-147,-178,260,-529,150,4,-159,-235,409,-579,194,4,-402,389,-356
PCM,318,-115,298,-175,-40,106,-526,450,-330,-46,536,-485,75,427,-734,375
PCM,-154,-555,795,-425,-157,582,-568,-87,241,-721,632,-84,-348,869,-720,321
PCM,254,-721,826,-566,-128,667,-893,657,39,-441,680,-513,150,216,-322,277
PCM,-338,30,89,-245,88,-128,65,120,-76,109,130,-395,270,52,-270,505
PCM,-322,-53,461,-454,176,220,-650,564,-377,-64,789,-708,549,128,-478,547
PCM,-447,-40,252,-460,293,-309,91,-111,-276,228,-222,-17,-183,370,-366,194
PCM,-77,107,86,-346,420,-423,448,-487,300,179,-333,497,-178,301,-183,32
PCM,-509,440,-95,-459,861,-842,455,-255,-343,368,-332,185,-10,530,-563,805
PCM,-584,208,198,-635,870,-1062,1167,-912,547,-108,-319,512,-774,937,-930,1195
PCM,-994,596,-261,-596,1113,-1096,1038,-441,375,127,78,-175,195,-102,-426,960
PCM,-540,489,388,-433,187,135,-477,357,-221,-9,154,163,104,-274,450,-687
PCM,598,102,-400,807,-182,-359,852,-518,11,459,-800,861,-234,197,68,-213
PCM,189,-155,177,99,61,-242,298,-459,273,-232,-168,122,151,368,-297,530
PCM,-757,592,-64,-385,810,-694,189,216,-123,-61,146,-498,9,176,-610,508
PCM,-252,-268,446,-323,-77,393,-271,32,262,-93,-149,332,-214,-107,715,-924
PCM,694,-28,-705,945,-490,-201,611,-258,-395,929,-997,342,378,-963,862,-624
PCM,243,161,-168,141,-4,55,-319,479,-265,60,267,-356,301,-74,-85,357
PCM,-20,24,153,-124,-79,396,-260,123,282,-400,316,-235,53,153,-283,146
PCM,-92,32,135,-54,182,138,-281,163,143,-433,397,205,-707,926,-434,-288
PCM,1004,-1126,663,238,-785,843,-245,-341,1003,-718,89,681,-824,901,-302,-128
PCM,624,-431,-15,456,-346,249,432,-650,986,-643,73,287,-571,791,-741,321
PCM,195,-465,484,-95,-146,375,-372,9,564,-563,291,125,-387,572,-199,75
PCM,378,-397,303,-10,-41,4,6,83,110,287,-340,21,-45,-61,-454,326
PCM,-328,-82,541,-746,751,-589,29,-93,-230,587,-676,711,-317,3,243,-392
PCM,-76,344,-514,-7,848,-884,696,-410,-170,109,-429,53,-279,332,-436,190
PCM,-292,-41,-426,115,-146,55,342,-620,719,-682,202,-155,-108,45,125,-69
PCM,179,424,-749,799,-974,474,-244,94,350,-340,623,-827,662,-682,197,-208
PCM,11,-53,-133,202,-332,321,-883,815,-831,441,35,-227,1091,-705,608,0
PCM,-12,127,342,-155,813,112,6,1003,-641,611,-325,92,502,-48,650,218
PCM,314,61,-116,140,301,-297,634,265,203,598,-338,420,-196,-4,81,63
PCM,-79,-89,122,-265,127,-641,-87,-288,-5,-77,-105,141,-516,65,-297,197
PCM,-242,40,22,-115,345,-136,-66,21,4,-105,331,-28,283,11,-7,3
PCM,163,-129,-54,337,-423,557,-447,40,200,-319,247,132,-14,99,-23,-273
PCM,393,-576,409,-498,37,319,-655,616,-480,161,19,97,-177,252,-274,-307
PCM,244,-762,342,-630,81,-118,-199,-131,-356,102,-403,3,-537,145,-645,-62
PCM,-110,-550,238,-570,32,-2,-59,-157,179,-454,37,13,-469,590,-211,101
PCM,135,-155,-338,-110,-809,-501,-213,-870,115,-920,-508,-674,-1141,-827,-1180,-1313
PCM,-1216,-806,-1118,-146,-1026,-898,-532,-1012,123,-43,112,200,427,181,680,441
PCM,-33,828,215,724,720,352,334,91,-95,-270,-54,-421,-115,-340,-589,-274
PCM,-690,-803,-628,-606,-496,-366,-366,-273,-229,-286,120,362,373,609,3,508
PCM,655,-61,644,327,466,698,530,817,468,256,-71,536,578,306,879,536
PCM,606,520,243,536,570,360,699,929,869,849,212,637,368,699,1935,1422
PCM,2050,1780,1205,1851,1493,1529,2159,2203,2537,3154,2677,2537,2077,1286,1767,1846
PCM,1842,2164,1640,1301,985,272,97,-286,-410,-291,-116,-35,-235,-751,-1312,-1299
PCM,-1384,-930,-858,-493,-550,-712,-454,-945,-668,-911,-715,-224,125,45,127,-58
PCM,-508,-115,-607,78,9,-61,424,-53,97,-43,-403,-139,-18,-274,394,216
PCM,143,203,-234,17,63,-41,243,334,133,437,-2,141,239,-116,869,1957
PCM,2343,2743,2633,2247,2730,2914,3599,4250,4551,5062,5489,5739,5468,4661,3788,3793
PCM,4049,4418,4361,3650,2560,1562,932,298,-407,-1002,-1338,-1229,-1056,-1426,-2181,-3279
PCM,-3686,-3479,-2798,-2261,-2003,-1907,-1897,-1501,-1486,-1243,-1266,-992,-237,505,1029,999
PCM,727,275,450,541,864,1011,794,905,768,735,384,-62,-405,-359,-23,117
PCM,198,-281,-469,-542,-521,-376,-438,-327,-369,-38,125,203,-108,-340,-82,9
PCM,1309,2947,4064,4188,3762,3689,3968,4594,5383,6453,7035,7673,8156,8461,7954,6115
PCM,4791,4578,5349,5672,5370,4297,2423,601,-747,-1390,-2418,-3388,-3724,-3202,-2848,-3602
PCM,-4879,-6081,-6371,-5942,-4683,-3130,-2396,-2279,-1951,-1289,-767,-579,-260,626,1784,2907
PCM,3767,3780,3004,2325,2094,2510,2855,2691,2496,2090,1520,970,463,-209,-959,-1253
PCM,-1010,-668,-862,-1309,-1757,-2113,-2100,-1884,-1325,-1021,-994,-889,-583,-211,-201,-126
PCM,-64,239,1674,4312,6288,6292,5072,4423,4961,6073,7446,8371,8759,8882,9366,9713
PCM,8782,6252,3808,3387,4512,5564,4959,2855,-116,-2572,-3615,-4009,-4869,-6136,-6469,-5673
PCM,-4784,-5032,-6462,-8217,-8750,-7160,-4194,-1781,-1077,-1292,-1114,-74,1190,2058,2327,2832
PCM,4080,5876,7014,6523,4860,3185,2880,3601,4348,4132,2906,1467,521,159,-442,-1566
PCM,-2636,-2969,-2620,-2021,-1847,-2572,-3739,-4117,-3440,-2377,-1640,-1387,-1162,-871,-351,48
PCM,300,477,624,1063,2828,6148,8317,7861,5897,5005,5628,6769,8441,9712,9883,9218
PCM,9120,9341,8283,5408,2513,2007,3411,4786,4167,1516,-2272,-5560,-6475,-5834,-5812,-7041
PCM,-7659,-6735,-5798,-6061,-7408,-8801,-8886,-6863,-3182,-27,802,0,-354,838,2526,3529
PCM,4276,5155,6280,7379,7841,7094,5054,3377,3067,3937,4532,3760,2245,640,-495,-1532
PCM,-2341,-2913,-3411,-3593,-3341,-2915,-3094,-3797,-4510,-4365,-3409,-2223,-1291,-756,-421,-323
PCM,35,605,1149,1342,1585,2266,2787,4103,6632,8541,7852,5527,4687,5674,7117,8397
PCM,9263,9226,8329,7861,7861,6985,4374,1797,1745,3609,4586,2992,-107,-3404,-5962,-6555
PCM,-5567,-5272,-6513,-7464,-6700,-5782,-6353,-7757,-8582,-7734,-5348,-2023,616,1024,-137,-697
PCM,862,3165,4610,5212,5799,6587,7055,7133,6370,4837,3385,3188,4163,4550,3521,1412
PCM,-473,-1658,-2163,-2220,-2571,-3269,-3925,-3765,-3334,-3341,-3972,-4510,-4079,-2904,-1446,-589
PCM,-322,-562,-508,298,1281,1908,1922,2037,2268,2717,3017,3759,5691,7373,7176,5241
PCM,4235,4659,5683,7021,8122,8319,7415,6639,6143,5548,4233,2671,2234,3209,4122,2999
PCM,415,-2493,-4777,-5585,-4910,-4132,-4446,-5301,-5993,-6335,-6552,-6779,-7038,-6487,-4525,-2049
PCM,-173,344,-340,-1020,-245,2094,4370,5520,5709,5483,5509,5780,5545,4439,3496,3636
PCM,4282,4357,3294,1314,-733,-1765,-1710,-1437,-1674,-2481,-3326,-3618,-3403,-3447,-3908,-3957
PCM,-3215,-2223,-1331,-726,-684,-907,-630,254,1118,1774,2095,2048,2037,2312,2373,1895
PCM,2526,4948,7078,6703,4299,2671,2950,4543,6411,7590,7520,6202,5064,5072,5444,4713
PCM,3154,2562,3530,4522,3721,1312,-1550,-3533,-3815,-2721,-1918,-2807,-4404,-5374,-5609,-5652
PCM,-5663,-5621,-5438,-4381,-2393,-792,-741,-1640,-1883,-607,1503,3297,4354,4651,4344,3879
PCM,4070,4615,4569,4002,3824,4103,3800,2793,1498,334,-674,-1101,-805,-713,-1424,-2605
PCM,-3156,-3220,-3308,-3390,-3068,-2411,-2080,-1835,-1390,-958,-927,-852,-217,654,1329,1691
PCM,1857,1718,1490,1448,1645,1926,1842,1449,1903,3809,5310,4486,2268,1100,1771,3527
PCM,5532,6665,6156,4547,3555,4062,5148,5194,4078,3493,4126,4591,3729,2090,331,-1227
PCM,-1781,-1052,-429,-1238,-2939,-4280,-4751,-4644,-4565,-4693,-4544,-3783,-2848,-2243,-1969,-2145
PCM,-2245,-1362,499,2195,2893,3035,2862,2819,3278,3875,4051,3862,3889,3901,3526,2756
PCM,1795,998,549,316,35,-325,-966,-1892,-2470,-2414,-2400,-2763,-2931,-2543,-2051,-1768
PCM,-1583,-1535,-1493,-1211,-477,388,875,911,773,1001,1363,1546,1575,1505,1414,1294
PCM,1373,1932,2965,3622,3119,1886,1288,1849,3000,4263,5010,4843,3974,3260,3428,4279
PCM,5002,4868,4212,3912,3902,3612,2896,1932,1050,499,420,340,-164,-1033,-2168,-3135
PCM,-3450,-3117,-2851,-3001,-3228,-3148,-2780,-2489,-2369,-2179,-1540,-610,236,941,1445,1541
PCM,1391,1621,2392,3165,3372,3100,2792,2585,2390,2113,1800,1475,1022,629,391,44
PCM,-568,-1243,-1568,-1600,-1561,-1592,-1736,-1847,-1871,-1737,-1503,-1233,-1030,-880,-619,-230
PCM,195,427,471,463,549,820,1126,1290,1126,835,696,738,781,988,1603,2012
PCM,1766,1187,962,1237,1816,2622,3256,3379,3010,2664,2828,3522,4227,4390,4137,3839
PCM,3643,3544,3599,3509,2986,2346,1971,1784,1484,1063,526,-152,-730,-986,-1043,-1116
PCM,-1320,-1618,-1870,-1905,-1762,-1610,-1452,-1242,-930,-632,-408,-209,-33,195,464,805
PCM,1136,1273,1226,1110,1082,1182,1303,1219,942,704,585,463,288,97,-141,-387
PCM,-518,-501,-532,-645,-775,-858,-840,-751,-640,-602,-560,-467,-335,-230,-136,-27
PCM,75,119,127,233,355,412,375,327,287,234,231,243,246,345,547,660
PCM,609,512,500,614,890,1255,1528,1639,1621,1614,1754,2071,2403,2586,2619,2598
PCM,2602,2658,2743,2762,2694,2571,2444,2348,2250,2113,1929,1673,1414,1228,1135,1042
PCM,838,614,435,282,150,73,34,-43,-120,-133,-134,-196,-265,-271,-227,-170
PCM,-116,-97,-129,-175,-178,-133,-87,-40,-46,-124,-178,-142,-74,-105,-183,-226
PCM,-208,-159,-165,-206,-221,-195,-209,-237,-198,-136,-162,-221,-167,-76,-82,-144
PCM,-131,-74,-56,-48,-15,-10,-35,-40,-17,3,29,42,8,-14,57,174
PCM,231,236,213,213,275,389,515,600,654,649,657,755,892,1004,1051,1071
PCM,1100,1153,1223,1296,1338,1343,1340,1353,1379,1397,1397,1376,1337,1291,1275,1254
PCM,1216,1177,1126,1053,975,931,887,820,751,691,627,552,490,420,360,303
PCM,236,187,153,99,21,-31,-49,-76,-116,-151,-178,-204,-224,-248,-261,-257
PCM,-263,-291,-301,-286,-274,-276,-283,-274,-266,-265,-257,-244,-234,-217,-211,-209
PCM,-196,-178,-173,-170,-144,-126,-120,-113,-108,-90,-72,-58,-46,-33,-27,-27
PCM,-9,42,92,97,101,114,136,176,218,267,295,311,329,362,402,440
PCM,482,502,523,556,583,613,644,671,681,701,719,738,755,766,777,771
PCM,771,779,777,773,766,756,740,717,699,689,665,639,616,587,556,521
PCM,490,459,425,396,363,319,283,260,225,184,156,128,96,68,45,11
PCM,-9,-27,-51,-72,-93,-98,-118,-136,-139,-146,-159,-170,-168,-172,-173,-173
PCM,-177,-175,-170,-167,-162,-159,-151,-137,-137,-134,-115,-105,-102,-92,-84,-69
PCM,-62,-53,-40,-38,-27,-15,-9,-2,0,9,14,24,27,29,30,32
PCM,42,45,40,44,42,40,45,47,40,35,40,42,35,29,32,29
PCM,29,27,17,17,11,11,6,1,8,1,-10,-12,-12,-18,-20,-20
PCM,-25,-31,-36,-40,-46,-49,-46,-45,-46,-49,-51,-54,-58,-61,-53,-49
PCM,-54,-46,-41,-38,-41,-46,-38,-27,-17,-10,-4,0,-2,4,6,3
PCM,16,30,42,42,42,42,37,47,52,60,63,57,58,57,60,57
PCM,65,66,57,53,57,52,44,52,52,48,45,42,44,37,35,37
PCM,32,39,39,32,27,22,29,35,30,19,19,21,24,32,40,40
PCM,29,21,34,52,66,76,75,70,68,83,101,114,125,127,122,122
PCM,136,153,153,151,153,159,161,164,164,158,151,148,143,141,141,128
PCM,112,101,92,83,78,66,52,44,22,8,-4,-23,-31,-40,-40,-58
PCM,-90,-103,-100,-115,-137,-147,-154,-160,-165,-175,-180,-182,-191,-193,-195,-186
PCM,-173,-175,-191,-208,-209,-196,-185,-180,-172,-167,-154,-147,-151,-157,-149,-142
PCM,-142,-129,-116,-110,-93,-76,-71,-69,-76,-72,-58,-49,-30,-25,-25,-22
PCM,-14,0,-7,-7,3,14,26,21,9,1,9,34,42,35,34,35
PCM,34,45,47,44,48,57,65,65,55,53,66,76,83,75,76,97
PCM,92,94,91,86,92,107,119,109,109,99,92,92,96,104,101,104
PCM,101,104,99,97,94,89,88,76,79,86,75,52,53,63,48,32
PCM,32,26,3,6,19,0,-18,-15,-14,-27,-22,-9,17,65,76,109
PCM,128,84,60,24,-45,-77,17,109,68,71,114,65,-51,-102,-53,-22
PCM,8,71,136,163,127,117,138,127,66,60,63,26,115,233,218,109
PCM,73,76,-10,-71,24,132,166,246,257,133,-51,-105,30,189,254,275
PCM,296,197,117,92,21,24,174,275,264,264,291,300,257,190,143,106
PCM,78,143,223,244,272,322,208,79,58,-43,-53,47,171,228,251,185
PCM,-9,-142,-206,-118,17,112,182,247,225,57,-38,-40,-38,-18,45,73
PCM,117,220,208,58,-103,-116,1,8,-66,-141,-235,-199,-111,-20,32,-35
PCM,-107,-183,-304,-333,-258,-284,-291,-183,-100,-76,-105,-160,-239,-281,-222,-137
PCM,-116,-113,-131,-328,-495,-413,-120,-15,-186,-87,-216,-482,-377,-268,-244,-98
PCM,151,83,-141,-583,-664,-382,-213,159,179,84,-4,-40,-173,-395,-518,-513
PCM,-72,132,63,-279,-534,-485,-434,-319,-222,-36,-49,-201,-216,-292,-372,-198
PCM,-102,29,181,-120,-164,-160,-619,-462,8,174,120,-71,-31,-271,-579,-500
PCM,-296,-183,194,517,335,148,-178,-482,-627,-635,-734,-418,-111,47,332,138
PCM,384,228,-92,-199,-415,-442,-542,-247,-28,-17,-9,145,260,202,26,-317
PCM,-628,-674,-348,-35,257,464,437,363,-124,-710,-756,-553,106,518,776,774
PCM,388,350,-116,-465,-291,-144,-2,476,528,145,-151,-434,-332,-105,213,282
PCM,458,508,135,-43,-234,-434,-418,-31,570,795,637,456,-206,-384,-350,-291
PCM,50,71,459,358,89,-363,-508,-599,-550,334,479,906,691,282,176,-346
PCM,-268,177,316,187,787,611,468,528,-323,-509,-715,-609,-35,194,117,-27
PCM,-177,-478,-438,-426,-230,174,619,657,381,332,-25,158,68,14,627,327
PCM,187,714,101,-206,451,-183,127,437,-133,-28,-503,-928,-589,-271,-274,835
PCM,539,331,874,-350,-315,-235,-253,456,1040,1332,1185,570,-142,-436,-747,-371
PCM,257,614,828,702,0,-953,-950,-718,-731,267,596,588,1073,446,-227,-576
PCM,-767,-522,458,1130,1267,890,334,-253,-886,-643,-565,-9,335,769,771,-61
PCM,-457,-886,-915,-591,-229,35,740,313,143,451,-142,-27,308,-111,-56,521
PCM,-328,220,50,-173,287,-584,420,-500,-213,-61,-1031,362,-294,-323,264,-107
PCM,-274,75,-827,-266,-305,-801,665,210,371,181,50,-646,-80,-596,-478,459
PCM,-522,655,102,40,-537,-467,-550,-565,-146,-139,314,-178,489,-296,-350,-506
PCM,-478,-270,37,109,564,-18,-588,518,-1498,466,300,-514,978,-345,65,48
PCM,-160,50,-237,-402,650,-4,130,280,-583,70,-354,181,-58,29,68,213
PCM,331,-469,127,-878,-325,575,-30,510,631,-221,291,521,-593,541,109,241
PCM,549,313,626,-305,254,-124,490,-201,-25,486,-449,585,-100,226,48,163
PCM,138,190,70,-190,264,-808,495,112,-62,870,156,167,810,-252,-498,316
PCM,-668,590,363,272,394,117,340,-327,-67,-180,-245,-136,631,-177,879,-22
PCM,-767,655,-839,68,115,309,143,443,-217,-411,565,-1004,614,-2,-213,805
PCM,-221,181,6,-459,-69,267,-429,414,334,-208,357,-350,65,-464,-134,236
PCM,-204,874,-335,125,110,-800,378,-250,-95,17,29,283,-221,366,-108,-547
PCM,254,-137,-100,489,-297,-222,472,-283,486,-79,-423,795,-757,567,75,-319
PCM,303,-503,322,-411,291,-537,657,-257,-506,916,-1225,991,-263,-385,415,-190
PCM,-364,-12,407,-674,486,-421,79,-36,-186,254,32,-124,133,-64,-482,471
PCM,-699,619,-260,-67,200,-501,233,-552,-54,-226,246,-229,376,-426,-299,-131
PCM,-257,130,-490,862,-602,316,88,-271,163,-594,225,45,-2,76,600,-620
PCM,78,73,-813,252,-191,52,172,44,63,-384,-69,24,-367,229,-23,27
PCM,340,-239,192,308,-593,283,-98,-425,779,-239,229,331,-276,-134,561,-655
PCM,236,492,-977,1094,-312,78,231,-41,-221,167,200,-490,967,-345,543,-92
PCM,136,79,-221,252,-323,848,-446,580,123,-392,295,-268,-23,-56,445,-317
PCM,526,4,-97,234,-734,660,-620,334,640,-537,575,-191,4,-95,63,-322
PCM,337,461,-548,665,-25,-625,539,-281,-444,996,-862,298,357,-490,300,-253
PCM,44,-490,644,-630,499,14,-469,533,-821,448,-420,260,-230,115,-146,48
PCM,-12,-261,477,-1030,927,-798,190,37,-216,489,-942,786,-849,290,-98,-72
PCM,154,-289,414,-441,256,-387,283,-369,313,-139,-216,808,-938,660,-346,-105
PCM,432,-715,743,-266,-17,368,-392,378,-713,458,27,-429,831,-630,458,-227
PCM,81,185,-268,290,-111,148,48,189,3,167,-219,419,-394,520,24,-38
PCM,531,-575,727,-421,334,58,-15,246,130,-242,671,-266,-222,962,-969,1180
PCM,-472,247,125,44,66,16,593,-524,751,-503,737,-632,698,-274,-62,448
PCM,-633,1082,-1018,1038,-563,190,247,-317,463,-170,133,34,287,-562,897,-826
PCM,592,-49,-82,546,-871,856,-544,37,192,264,-757,686,-336,-439,1149,-1521
PCM,1053,-477,-245,562,-521,293,-206,114,-562,455,-381,-219,89,-113,280,-511
PCM,575,-928,492,-20,-968,1128,-1134,463,11,-444,189,-168,-444,-30,102,-1059
PCM,1242,-1524,1087,-456,-1012,1394,-2065,1201,-909,0,203,-535,37,-36,-451,-526
PCM,735,-1537,1327,-911,-159,450,-1108,598,-876,251,-604,55,-167,13,-85,-563
PCM,35,-607,198,-694,415,-312,-418,326,-777,-129,-105,-426,-338,507,-878,539
PCM,-345,-716,712,-1333,755,-708,-247,399,-814,295,-296,-441,21,-92,-645,684
PCM,-591,-108,94,-596,53,-245,-64,-137,-49,-323,288,-602,260,-410,-191,267
PCM,-555,549,-669,345,-305,-147,239,-460,179,-172,208,-133,-82,278,-485,39
PCM,238,-459,487,-335,280,-17,-139,326,-190,187,-309,539,-323,440,-206,233
PCM,109,-307,671,-539,738,-397,220,197,-108,298,-168,394,-90,259,402,-425
PCM,441,525,-937,1327,-376,-377,1366,-946,583,495,-679,660,243,-535,735,-71
PCM,-237,724,-377,306,417,-351,402,236,-87,171,197,48,-62,549,-224,247
PCM,515,-597,663,-48,22,-129,231,190,-457,962,-886,448,301,-658,518,86
PCM,-418,515,208,-927,1399,-1077,190,552,-694,712,-553,503,-403,174,-165,11
PCM,88,-397,450,-224,86,-268,384,-677,366,-84,-814,1360,-1356,742,-131,-619
PCM,882,-1127,866,-728,301,-157,-124,8,-61,-105,-449,929,-1690,1820,-1302,337
PCM,378,-1105,1153,-1336,1405,-1512,1275,-610,-353,1020,-1307,898,-552,8,-151,709
PCM,-1253,1205,-519,-584,1327,-1713,1291,-679,30,420,-353,239,-124,212,-343,552
PCM,-733,722,30,-837,1330,-829,120,521,-431,-17,543,-442,50,1024,-1387,962
PCM,156,-909,980,-66,-586,836,-395,73,569,-845,1063,-876,745,-168,-196,611
PCM,-708,652,-195,37,-41,430,-790,1288,-1025,296,815,-1325,1376,-1074,715,-527
PCM,525,-397,228,445,-1031,1466,-1613,989,-45,-601,507,78,-465,-36,722,-1106
PCM,712,-367,14,65,-230,-9,417,-493,-213,812,-1276,619,-97,-374,30,203
PCM,-593,-2,375,-785,536,-460,1,-319,106,-258,-144,-53,-214,251,-594,337
PCM,-336,-157,-103,17,-372,27,-110,-305,143,-511,288,-690,13,65,-478,194
PCM,-227,-185,-144,-281,-128,75,-265,-131,181,-209,-250,252,-361,-294,399,-547
PCM,316,-15,-668,936,-898,78,277,-655,145,256,-297,-237,869,-1411,900,-294
PCM,-323,629,-659,621,-302,397,-465,657,-863,608,239,-624,1073,-700,319,-76
PCM,517,-785,874,-384,42,835,-919,1250,-681,187,272,316,-175,370,335,-227
PCM,650,-199,249,243,166,-198,1017,-638,789,35,-315,1308,-1100,1112,-126,88
PCM,450,189,21,481,42,-76,952,-899,1438,-637,494,419,-397,812,-377,680
PCM,-261,799,-385,621,-49,65,505,-398,866,-449,693,-137,291,172,-31,30
PCM,309,78,-107,861,-976,950,-87,-535,846,-323,-185,740,-367,-211,923,-1005
PCM,595,-10,-309,378,44,-17,-265,660,-774,345,-20,-199,203,-172,115,-356
PCM,415,-718,471,-333,-214,499,-681,303,-312,189,-495,334,-379,-93,243,-516
PCM,513,-809,393,-436,-41,86,-343,48,-229,138,-518,318,-433,-107,86,-346
PCM,89,-201,-113,-9,-193,-142,-72,-97,-12,-154,76,-129,-165,-2,-46,-244
PCM,110,-62,-79,27,-95,16,-214,225,-372,236,17,-348,543,-322,-9,205
PCM,-164,-97,243,-85,-173,355,-226,76,71,-41,26,11,291,-260,218,187
PCM,-227,128,195,-201,66,424,-477,490,123,-325,642,-382,94,291,-214,190
PCM,169,-195,350,122,-418,680,-389,84,370,-292,386,-154,306,-263,151,84
PCM,-105,306,-292,368,-48,78,-20,212,-157,50,401,-521,549,-250,70,96
PCM,-147,236,-281,362,-304,205,96,-123,47,-67,-25,17,42,-222,412,-431
PCM,249,76,-250,150,-131,40,-82,132,-260,316,-299,44,32,-129,179,-322
PCM,321,-296,81,52,-165,3,30,-38,-27,102,-180,177,-188,81,75,-230
PCM,185,13,-211,228,13,-142,189,-95,45,-5,26,117,-85,106,52,-154
PCM,290,-185,-9,437,-340,225,166,-172,301,-25,-89,344,-22,-27,213,132
PCM,-59,146,148,-45,327,-33,104,138,125,40,282,-105,223,295,-258,639
PCM,-314,410,96,21,316,0,293,-111,490,-211,490,-25,133,314,-89,394
PCM,-82,455,-186,410,68,71,322,-66,309,-33,329,-61,365,65,61,295
PCM,-35,243,-56,265,-28,275,83,-10,300,-133,340,-9,6,205,-12,109
PCM,138,-41,60,194,-198,260,-45,-28,234,-292,267,-28,-59,132,-115,76
PCM,-25,-9,16,-27,-45,34,-90,76,-142,-14,89,-203,109,-165,-20,-53
PCM,-77,-59,-49,-17,-137,-15,-126,8,-165,0,-102,-72,-51,-111,-12,-146
PCM,61,-216,16,-82,-98,-18,-113,-31,-108,-18,-137,22,-103,-72,-20,-66
PCM,-79,40,-111,-105,101,-131,-31,58,-85,-108,146,-193,146,-113,-43,166
PCM,-240,171,-53,0,-33,174,-221,88,104,-129,164,-151,161,-71,48,42
PCM,89,-76,221,-90,-49,300,-240,264,-59,86,-46,167,-59,-12,267,-289
PCM,335,-77,17,44,106,-48,8,208,-199,252,-103,102,57,-80,50,60
PCM,17,-45,197,-133,42,57,-102,9,154,-193,68,99,-175,150,-159,19
PCM,-72,-28,-23,-15,-9,-107,71,-164,-35,8,-36,-137,0,-46,-80,0
PCM,-126,-25,-66,-76,-74,-18,-126,-20,-71,-111,14,-172,-27,0,-177,-25
PCM,-27,-105,-20,-154,-15,-27,-97,27,-64,-71,-17,-46,-82,13,-133,32
PCM,57,-160,65,-46,-35,35,-53,52,-51,3,30,-72,115,8,-40,78
PCM,0,29,89,17,79,13,-7,185,-48,65,106,-5,128,11,112,45
PCM,61,150,11,133,96,27,130,89,58,135,73,50,169,58,89,117
PCM,112,120,37,114,127,65,63,194,-14,92,153,-35,136,110,50,71
PCM,122,-66,190,34,-28,200,-107,166,34,-40,102,-17,3,81,19,-128
PCM,107,-7,-235,182,-134,-72,212,-265,71,-14,-110,21,-64,-172,-36,-35
PCM,-211,112,-97,-266,-111,89,-237,-46,-56,-257,-7,-164,-108,-257,104,-299
PCM,-43,-133,-358,213,-625,161,-201,-441,208,-540,53,-186,-413,0,-297,-213
PCM,-113,-239,-239,0,-398,-149,-10,-438,-90,-260,-61,-284,-283,22,-441,-77
PCM,-164,-457,55,-216,-252,29,-511,-98,-157,-361,6,-253,-309,-31,-247,-175
PCM,4,-487,91,-209,-237,-18,-265,-9,-336,-43,-105,-208,-278,16,-152,-224
PCM,143,-490,24,-51,-204,22,-354,3,-41,-333,94,-53,-274,275,-343,-28
PCM,190,-522,381,-232,-305,287,-229,8,-93,-12,-66,19,-12,-93,107,-36
PCM,-18,-76,210,-131,37,172,-168,208,-22,-222,190,3,-25,225,-274,378
PCM,-261,0,448,-658,445,-77,-229,246,-89,-239,304,52,-367,494,-389,424
PCM,-217,-79,525,-785,605,-227,-46,427,-402,101,145,-270,32,479,-482,190
PCM,32,-141,378,-288,236,148,-278,71,89,-178,269,-482,107,469,-747,611
PCM,-301,-182,296,-610,464,-286,-346,481,-265,-182,406,-359,-58,218,-144,-51
PCM,-62,-28,-30,190,-219,234,-71,-175,68,213,-206,-98,432,-800,835,-403
PCM,-49,544,-428,598,-452,611,-650,518,200,-606,983,-547,243,184,-69,-219
PCM,596,-374,-36,559,-495,561,-224,81,-190,257,75,60,228,-10,267,-570
PCM,854,-296,30,520,-351,513,-196,329,52,-172,440,161,78,314,-93,335
PCM,531,-439,627,123,-190,676,-193,267,394,-521,552,489,-555,678,-27,-522
PCM,999,-77,-462,570,76,-354,466,-107,-286,562,-586,414,445,-584,128,52
PCM,-270,203,415,-778,503,293,-389,231,132,-136,40,381,-183,441,-320,614
PCM,-214,-36,415,-568,732,-672,658,-53,-540,520,-180,-540,244,415,-666,585
PCM,-420,-190,40,181,-491,35,492,-909,924,-276,-265,438,-142,-632,605,198
PCM,-834,870,-829,-5,420,-699,481,112,-579,438,24,-498,565,-413,-136,402
PCM,-519,438,-121,-356,729,-690,110,492,-390,-58,233,159,-201,200,-168,21
PCM,-129,419,-301,-292,835,-808,94,546,-759,345,107,-871,885,-593,-385,419
PCM,-591,119,-191,388,-1028,174,500,-425,229,-441,-12,143,655,-651,39,456
PCM,-38,115,241,60,-747,748,-356,585,156,-1101,678,-421,-193,417,-614,-583
PCM,502,-743,44,358,-1165,146,-177,-317,-41,-144,-390,-124,-428,78,166,-1134
PCM,158,-124,-356,-195,233,-428,-924,874,-451,-822,1118,-439,-1088,1456,-545,-839
PCM,1148,-648,-201,784,-288,37,353,-518,27,450,-234,-124,218,-102,-260,35
PCM,225,-222,109,-191,-284,791,-372,-230,295,135,42,122,402,-542,797,342
PCM,-516,843,-247,-147,701,-103,-33,605,-323,-100,587,578,1042,60,709,808
PCM,396,1428,1280,1431,1498,1066,1645,1911,1485,1973,1076,2191,2653,585,1854,1593
PCM,707,1655,1322,929,1066,-12,321,1105,52,141,8,-612,179,239,-746,-309
PCM,-491,-697,-289,-152,-395,-1095,-232,-449,-619,58,-527,-775,-307,-408,-188,104
PCM,-648,-286,-467,-98,474,-635,-129,264,-535,3,616,-95,-108,-151,202,652
PCM,-98,386,24,-226,1555,1564,696,823,786,1303,2332,2518,2547,2250,2231,3216
PCM,3540,3499,3535,3369,3589,4352,4321,3434,3116,3183,3544,3685,3038,2218,1679,1614
PCM,1748,1552,965,53,-470,-149,-22,-535,-1247,-1702,-1630,-1312,-1318,-1630,-2031,-2289
PCM,-1874,-1385,-1483,-1759,-2007,-1826,-1134,-994,-1168,-1222,-1439,-955,-376,-596,-498,-597
PCM,-840,-110,153,-111,-22,-151,-95,370,472,368,275,146,453,681,1219,2294
PCM,2160,1180,1115,2159,3511,4362,4326,3994,4078,4770,5882,6500,6497,6389,6451,7076
PCM,7614,7185,6411,6155,6518,6818,6213,4951,3777,3273,3457,3279,2299,1001,-198,-692
PCM,-646,-894,-1640,-2618,-3261,-3217,-2975,-3127,-3613,-3972,-3695,-3075,-2863,-2998,-3068,-2807
PCM,-2223,-1583,-1160,-1250,-1455,-1046,-310,226,273,-14,50,425,776,947,776,559
PCM,655,875,1003,900,582,471,590,777,818,1162,2412,2992,1709,290,1223,4039
PCM,6052,5990,4369,3046,3853,6747,9203,8979,6875,5489,6510,8687,9532,8037,6080,5895
PCM,6915,7086,5452,3239,2258,3062,3938,2793,-120,-2398,-2238,-695,-49,-1431,-3776,-4993
PCM,-4280,-2736,-2038,-2794,-3973,-4053,-2840,-1599,-1452,-1899,-1796,-914,81,458,241,8
PCM,360,1309,2071,1895,1037,683,1314,2004,1878,1265,879,782,673,649,738,564
PCM,102,-268,-229,-121,-319,-495,-423,329,1802,2328,743,-1018,244,4144,6694,5858
PCM,3292,1970,3752,7533,10159,9430,6478,4713,6026,8992,10434,8824,6067,5026,5983,6760
PCM,5682,3482,2268,2695,3230,2102,-570,-2639,-2336,-522,174,-1604,-4360,-5503,-4322,-2272
PCM,-1279,-2178,-3897,-4500,-3161,-1224,-557,-1085,-1437,-979,-144,378,479,564,936,1440
PCM,1639,1489,1198,999,1206,1748,1965,1384,546,269,606,887,707,254,-126,-296
PCM,-310,-268,-304,-462,-653,-651,-473,-402,115,1608,2485,1109,-720,544,4547,6936
PCM,5709,3177,2488,4581,7934,10018,9126,6225,4569,6177,9301,10406,8358,5612,4807,5744
PCM,6389,5533,3791,2606,2578,2739,1712,-394,-1801,-1341,-113,-87,-1817,-3973,-4717,-3515
PCM,-1703,-1172,-2444,-4037,-4274,-2977,-1369,-775,-1278,-1887,-1726,-907,-165,71,55,257
PCM,720,1009,802,450,525,1120,1709,1668,958,306,339,786,1081,1064,786,228
PCM,-294,-242,251,474,243,-100,-384,-568,-478,-45,895,2211,2389,583,-898,944
PCM,4974,6902,5205,2469,1976,4672,8430,9958,8030,4977,4279,6787,9857,10168,7481,4938
PCM,4969,6466,6998,5752,3889,2917,3144,3380,2196,112,-896,-111,874,158,-2073,-3770
PCM,-3479,-1928,-999,-1687,-3253,-4200,-3685,-2227,-1225,-1460,-2264,-2514,-1951,-1158,-624,-407
PCM,-366,-276,-41,192,226,331,784,1277,1267,694,342,704,1286,1391,973,593
PCM,500,526,626,691,549,249,9,89,285,156,-208,-305,3,812,2053,2265
PCM,468,-973,1143,5315,6708,4253,1619,1962,5181,8728,9681,7326,4183,3893,7096,10521
PCM,10509,7135,4209,4506,6729,7861,6621,4057,2373,2739,3733,3036,786,-573,-2,841
PCM,172,-1762,-3274,-3098,-1710,-811,-1589,-3438,-4455,-3551,-1718,-870,-1631,-2830,-3036,-2064
PCM,-827,-242,-500,-1008,-1002,-266,528,609,223,241,786,1175,1032,720,637,846
PCM,1156,1278,1105,647,272,375,859,1060,603,16,-155,24,273,425,223,-258
PCM,40,1681,2588,960,-884,706,4796,6523,4245,1511,1860,5143,8640,9589,7211,3850
PCM,3496,7331,11396,10963,6611,3405,4457,7611,8885,7021,3813,1971,2661,4191,3894,1534
PCM,-465,-364,588,293,-1326,-2711,-2716,-1809,-1295,-1961,-3324,-4068,-3342,-1860,-1212,-1966
PCM,-3070,-3161,-2080,-808,-322,-764,-1397,-1305,-418,486,742,393,44,233,874,1340
PCM,1187,722,631,1060,1396,1154,714,640,835,826,670,603,468,221,125,254
PCM,247,13,-102,-54,503,1710,1979,384,-666,1518,5070,5760,3379,1539,2653,5982
PCM,8842,8839,6243,4036,5010,8601,11173,9906,6221,4287,5809,8262,8604,6554,3850,2562
PCM,3387,4540,3681,1206,-323,24,676,91,-1463,-2749,-2829,-1920,-1354,-2140,-3714,-4409
PCM,-3440,-1871,-1393,-2375,-3520,-3458,-2214,-894,-454,-999,-1768,-1710,-575,623,820,218
PCM,-199,88,849,1493,1472,875,515,919,1616,1733,1126,477,517,1172,1568,1063
PCM,133,-183,349,934,820,114,-570,-614,614,2573,2671,61,-1552,1277,5817,6610
PCM,3460,1081,2483,6349,9492,9462,6465,3757,4860,9358,12395,10302,5564,3818,6450,9403
PCM,9113,6146,3157,2268,3739,5205,3904,547,-1349,-384,1047,393,-1886,-3548,-3295,-1967
PCM,-1439,-2507,-4161,-4618,-3354,-1837,-1793,-3065,-3812,-3024,-1648,-1005,-1209,-1622,-1646,-1015
PCM,-40,417,37,-289,192,1006,1193,875,774,1043,1330,1383,1368,1273,1035,926
PCM,1201,1446,1130,547,366,681,897,681,205,-131,-59,821,2271,2402,513,-661
PCM,1676,5447,6212,3845,2090,3239,6372,9085,9317,7030,4827,5690,9162,11519,10131,6538
PCM,4803,6373,8632,8629,6220,3483,2408,3345,4465,3446,561,-1341,-803,352,-95,-1958
PCM,-3442,-3507,-2638,-2062,-2553,-3719,-4383,-3809,-2550,-1927,-2515,-3337,-3127,-2044,-1202,-1061
PCM,-1220,-1276,-1046,-442,221,415,215,223,608,1001,1130,1061,1063,1210,1369,1378
PCM,1250,1164,1162,1223,1232,1063,782,655,732,760,569,298,154,125,156,689
PCM,1828,2126,841,32,1877,4809,5589,4080,2920,3816,6189,8343,8704,7260,5786,6244
PCM,8593,10428,9604,6995,5602,6525,7838,7618,5977,4031,2927,3164,3690,2857,763,-684
PCM,-619,-151,-545,-1795,-2915,-3171,-2775,-2408,-2558,-3287,-4009,-3825,-2727,-1989,-2422,-3163
PCM,-3045,-2132,-1300,-1085,-1302,-1424,-1108,-470,120,309,55,-82,380,1078,1247,895
PCM,670,932,1415,1573,1291,927,931,1224,1386,1210,808,539,655,944,862,386
PCM,32,133,388,867,1810,2131,1105,417,2041,4615,5336,4242,3542,4225,5869,7719
PCM,8503,7580,6191,6362,8216,9728,9218,7322,6115,6489,7295,7138,5941,4349,3247,3198
PCM,3530,2792,970,-292,-278,6,-413,-1403,-2442,-2944,-2613,-1998,-2117,-3104,-3838,-3453
PCM,-2457,-2034,-2442,-2889,-2768,-2214,-1591,-1199,-1261,-1493,-1328,-655,-92,-89,-273,-149
PCM,306,657,663,619,737,875,965,1091,1143,991,859,1025,1213,1030,719,684
PCM,828,807,613,451,370,308,308,833,1864,2260,1528,1048,2247,4240,5165,4852
PCM,4382,4595,5811,7523,8394,7792,6815,6946,8198,9213,8893,7582,6642,6765,7154,6818
PCM,5695,4377,3592,3516,3439,2575,1120,57,-110,119,-111,-1092,-2176,-2512,-2183,-1891
PCM,-2029,-2563,-3086,-3075,-2489,-1995,-2070,-2419,-2480,-2098,-1569,-1247,-1271,-1346,-1202,-875
PCM,-467,-214,-252,-348,-164,228,486,494,402,373,525,815,898,719,601,652
PCM,737,760,751,647,456,396,497,552,451,257,102,119,665,1777,2353,1771
PCM,1247,2174,3945,4989,5132,4982,4913,5507,7021,8351,8273,7282,7009,7945,8945,8922
PCM,7968,7088,6830,6869,6719,6054,4863,3785,3521,3599,2935,1542,539,366,381,60
PCM,-607,-1351,-1840,-1861,-1628,-1640,-2054,-2457,-2431,-2108,-1899,-1967,-2044,-1918,-1705,-1545
PCM,-1432,-1333,-1206,-987,-757,-679,-746,-648,-274,6,-18,-164,-149,114,450,521
PCM,269,65,233,593,709,469,151,115,407,629,492,169,-7,88,371,489
PCM,171,-196,272,1583,2387,2051,1609,2218,3599,4765,5333,5390,5289,5700,6928,8141
PCM,8347,7753,7520,8170,8911,8896,8208,7554,7242,7070,6786,6174,5191,4202,3744,3654
PCM,3175,2053,970,533,479,285,-208,-845,-1416,-1679,-1561,-1401,-1571,-1979,-2206,-2044
PCM,-1728,-1604,-1703,-1775,-1672,-1472,-1278,-1131,-1088,-1105,-994,-738,-542,-501,-514,-487
PCM,-346,-126,37,42,-79,-102,40,236,313,192,53,52,159,254,246,112
PCM,6,39,143,163,55,-27,-7,92,148,357,1038,1834,2227,2374,2816,3530
PCM,4339,5280,6076,6376,6502,7101,8025,8707,8901,8800,8785,8997,9221,9108,8652,8020
PCM,7401,6923,6505,5822,4821,3968,3460,3028,2340,1458,652,109,-128,-327,-730,-1289
PCM,-1736,-1879,-1783,-1733,-1907,-2140,-2170,-1979,-1814,-1749,-1711,-1684,-1618,-1444,-1225,-1141
PCM,-1172,-1083,-826,-658,-656,-655,-542,-377,-265,-175,-120,-144,-136,4,127,79
PCM,-18,17,110,101,57,53,21,-22,17,71,34,-66,-82,26,104,71
PCM,220,859,1691,2245,2588,3040,3638,4400,5430,6411,6885,7055,7544,8464,9324,9720
PCM,9705,9627,9694,9852,9948,9746,9077,8157,7484,7119,6553,5566,4524,3744,3141,2537
PCM,1839,1014,161,-425,-617,-761,-1211,-1835,-2214,-2209,-2064,-2021,-2173,-2409,-2489,-2274
PCM,-1918,-1729,-1798,-1932,-1863,-1583,-1297,-1167,-1198,-1238,-1118,-860,-661,-617,-635,-606
PCM,-485,-291,-155,-183,-258,-216,-80,11,0,-80,-136,-98,-20,21,-10,-90
PCM,-152,-110,3,40,-9,-40,0,252,883,1642,2175,2547,3053,3736,4563,5563
PCM,6451,6954,7316,7940,8820,9625,10105,10225,10191,10248,10416,10506,10312,9721,8917,8242
PCM,7707,7034,6132,5178,4299,3522,2826,2099,1293,517,-103,-568,-935,-1320,-1772,-2130
PCM,-2256,-2263,-2351,-2491,-2576,-2564,-2481,-2334,-2179,-2121,-2117,-2042,-1852,-1675,-1605,-1555
PCM,-1437,-1278,-1144,-1036,-940,-847,-752,-635,-495,-413,-397,-350,-245,-160,-133,-126
PCM,-131,-134,-102,-54,-41,-51,-67,-84,-67,-23,0,9,39,78,107,358
PCM,994,1735,2296,2753,3284,3915,4737,5783,6709,7226,7582,8203,9081,9909,10428,10558
PCM,10490,10477,10599,10711,10540,9925,9084,8382,7825,7125,6210,5233,4302,3491,2805,2074
PCM,1203,386,-191,-607,-1004,-1457,-1936,-2294,-2401,-2362,-2419,-2610,-2788,-2802,-2643,-2427
PCM,-2295,-2297,-2321,-2238,-2015,-1804,-1716,-1689,-1625,-1488,-1309,-1127,-1012,-956,-880,-746
PCM,-597,-478,-397,-361,-309,-211,-134,-113,-100,-76,-62,-46,-7,21,3,-17
PCM,11,57,76,83,117,156,187,458,1159,1958,2477,2862,3433,4158,4971,5936
PCM,6838,7353,7693,8355,9333,10155,10512,10529,10516,10597,10695,10682,10426,9824,9012,8340
PCM,7828,7112,6054,4993,4178,3480,2728,1898,1048,272,-307,-692,-1062,-1576,-2129,-2465
PCM,-2494,-2431,-2532,-2776,-2952,-2930,-2754,-2527,-2387,-2400,-2439,-2307,-2023,-1809,-1744,-1711
PCM,-1620,-1459,-1255,-1059,-935,-876,-795,-648,-482,-376,-338,-297,-209,-133,-92,-58
PCM,-43,-61,-66,-18,14,-5,-27,-9,16,22,45,78,86,106,171,256
PCM,521,1213,2072,2643,2991,3464,4113,4886,5837,6727,7215,7494,8066,8981,9813,10196
PCM,10147,9984,9947,10017,10059,9883,9312,8479,7759,7231,6585,5691,4729,3840,3071,2408
PCM,1748,1006,283,-302,-743,-1119,-1529,-1961,-2287,-2398,-2404,-2447,-2564,-2719,-2778,-2630
PCM,-2375,-2223,-2192,-2153,-2044,-1852,-1623,-1437,-1364,-1318,-1181,-953,-726,-596,-529,-454
PCM,-327,-193,-118,-79,-36,3,37,84,94,29,-33,-20,16,3,-53,-116
PCM,-128,-82,-54,-76,-85,-79,-79,-18,99,156,384,1200,2260,2890,3124,3483
PCM,4088,4842,5812,6743,7189,7314,7812,8805,9684,9925,9630,9304,9196,9221,9226,9025
PCM,8396,7461,6719,6280,5656,4607,3539,2790,2226,1634,981,295,-372,-881,-1150,-1374
PCM,-1796,-2316,-2569,-2447,-2261,-2302,-2502,-2625,-2559,-2325,-2031,-1858,-1884,-1912,-1692,-1291
PCM,-1041,-1046,-1061,-914,-672,-431,-234,-159,-198,-144,86,265,231,135,135,198
PCM,246,254,215,117,4,-40,-10,-2,-85,-186,-206,-185,-190,-185,-149,-147
PCM,-182,-167,-72,37,404,1374,2568,3230,3353,3612,4232,4974,5843,6739,7218,7321
PCM,7773,8758,9537,9526,8981,8518,8327,8239,8092,7799,7194,6292,5484,4936,4237,3131
PCM,2077,1482,1136,649,11,-579,-1031,-1322,-1501,-1713,-2069,-2427,-2512,-2246,-1938,-1902
PCM,-2101,-2209,-2003,-1661,-1473,-1444,-1349,-1185,-1039,-822,-544,-478,-625,-526,-142,48
PCM,-46,-53,120,223,231,264,257,148,89,159,246,174,-33,-180,-136,-48
PCM,-136,-312,-372,-323,-302,-296,-265,-270,-332,-335,-193,-49,-35,-79,-25,544
PCM,1966,3570,4232,4015,4007,4586,5367,6283,7164,7406,7251,7817,9074,9624,8851,7662
PCM,6978,6802,6753,6536,5948,5021,4170,3687,3232,2195,681,-343,-350,-4,-195,-909
PCM,-1521,-1680,-1498,-1260,-1349,-1874,-2303,-2015,-1193,-668,-814,-1232,-1305,-924,-493,-420
PCM,-625,-716,-537,-235,-10,19,-198,-371,-149,213,208,-89,-160,68,259,269
PCM,172,-10,-167,-111,68,73,-168,-405,-382,-177,-151,-376,-550,-491,-392,-332
PCM,-253,-288,-434,-381,-71,52,-107,-183,-51,109,861,2999,5463,6187,5183,4713
PCM,5550,6314,6605,7218,7869,7851,8112,9208,9444,7624,5282,4273,4282,4217,3736,3062
PCM,2492,2110,1660,751,-599,-1907,-2396,-1636,-395,0,-685,-1269,-935,-208,-22,-620
PCM,-1320,-1333,-526,380,627,159,-496,-730,-454,-128,-304,-821,-968,-480,123,231
PCM,-134,-547,-593,-217,210,221,-152,-364,-53,466,574,104,-456,-527,-203,11
PCM,-100,-345,-552,-617,-389,-120,-257,-715,-787,-310,57,-43,-281,-260,-56,138
PCM,231,164,-18,-77,182,1387,4321,7663,8555,6716,5383,6063,6678,6298,6465,7388
PCM,7818,8294,9201,8449,5057,1643,494,779,1130,1195,936,658,941,1102,-170,-2434
PCM,-3776,-3039,-738,1611,2379,1440,425,654,1360,1020,-328,-1428,-1266,-59,1120,1066
PCM,-418,-2007,-2287,-1475,-1072,-1581,-2130,-1801,-674,394,587,-234,-994,-710,306,898
PCM,642,52,-227,182,887,985,29,-1056,-1204,-529,37,-157,-800,-1129,-700,-79
PCM,60,-183,-457,-588,-294,520,931,353,-206,171,706,569,241,73,-95,-10
PCM,1534,5307,9402,10395,7694,5199,5445,6173,5519,4989,5744,6933,8334,9142,6918,1815
PCM,-2315,-3182,-2201,-876,84,298,662,1839,2015,-358,-3337,-4256,-2545,1082,4780,5749
PCM,3778,1983,1777,1358,-284,-1959,-2639,-2013,-141,1378,593,-1925,-3836,-4066,-3248,-2320
PCM,-2031,-2161,-1294,839,2213,1308,-457,-933,-89,825,1131,914,450,228,453,499
PCM,-208,-1297,-1847,-1602,-964,-519,-562,-778,-659,-186,117,163,150,112,169,613
PCM,1177,1131,627,360,396,306,185,119,-128,-363,-261,-77,-180,1045,5293,10172
PCM,11147,7983,5362,5259,5160,4090,3806,4750,5980,7546,8229,5479,63,-4143,-5376,-4494
PCM,-2181,163,1078,1665,3087,3128,55,-3367,-3990,-1775,2133,6065,7344,5311,2560,914
PCM,-433,-2171,-3706,-4288,-3031,-203,1653,474,-2398,-4344,-4658,-3742,-2214,-1057,-540,497
PCM,2332,3268,2164,-15,-1388,-1049,425,1410,999,55,-369,-377,-579,-1149,-1964,-2471
PCM,-1971,-790,16,154,99,-27,-27,490,1047,738,123,468,1249,1291,712,322
PCM,112,-154,-175,-170,-447,-699,-542,-253,-107,1352,5616,10537,11607,8184,4891,4395
PCM,4525,3762,3299,3946,5401,7451,8064,4713,-1020,-5144,-6231,-4888,-1733,1104,1903,2402
PCM,3928,3682,115,-3507,-4164,-1858,2526,6962,7947,5132,1921,0,-1832,-3836,-5004,-4862
PCM,-2928,345,2205,683,-2339,-4185,-4489,-3659,-1927,-268,761,2019,3437,3429,1598,-553
PCM,-1721,-1560,-317,882,882,52,-568,-840,-1185,-1757,-2338,-2444,-1591,-242,683,916
PCM,639,228,247,903,1143,495,107,645,1229,1037,489,-100,-542,-527,-322,-459
PCM,-738,-607,-374,-201,203,521,1557,5422,10658,12029,8301,4701,4109,4007,3301,3340
PCM,4121,5028,6628,7384,4434,-981,-5120,-6407,-4954,-1178,2205,2883,2762,3641,3382,303
PCM,-3101,-4109,-1992,2682,7182,7929,4830,1296,-1064,-2819,-4153,-4792,-4543,-2799,329,2317
PCM,1206,-1874,-4327,-4792,-3393,-1155,512,1445,2311,3181,3168,1746,-534,-2312,-2157,-392
PCM,1105,998,-28,-871,-1204,-1294,-1649,-2201,-2365,-1488,-126,942,1335,942,259,75
PCM,719,1102,738,246,269,676,910,704,-56,-756,-889,-635,-434,-381,-446,-614
[SNAPSHOT] --- END PCM --- (lines: 2000)
[SNAPSHOT] --- BEGIN MFCC (raw float, pre-normalization) ---
MFCC,0,-21.507450,-8.027988,4.346632,-1.464879,3.248231,0.219004,1.160439,1.477025,2.246396,2.611580,0.904797,1.226151,1.307811
MFCC,1,-19.760221,-7.622992,4.473306,-2.737770,3.922030,0.054062,0.787022,1.028490,2.012709,2.085173,0.571226,0.733387,0.643492
MFCC,2,-16.892061,-7.691592,2.796343,-2.792677,2.455138,-0.892432,0.822103,-0.223630,1.716970,2.275219,0.500955,1.056491,0.928993
MFCC,3,-7.193413,-1.965131,3.219560,-0.960335,1.982596,-1.405668,-1.012524,-0.941055,0.298096,0.718773,-0.314343,-0.924725,0.510620
MFCC,4,7.002572,2.279696,-3.693450,1.426252,-2.445814,-2.020682,-2.862723,-1.842598,1.715055,0.582802,0.567590,-3.791234,0.998626
MFCC,5,6.974898,2.324448,-7.457197,1.073701,-3.745543,-1.822409,-2.204143,-1.435694,3.674256,-0.497240,1.102425,-5.304578,1.580587
MFCC,6,7.593944,3.030557,-8.259071,1.519804,-4.264277,-1.641412,-2.421267,-1.258982,3.899298,-0.985881,1.128901,-5.412518,1.994308
MFCC,7,6.730372,3.171524,-7.403997,2.483661,-4.162112,-1.813860,-2.638801,-1.858994,3.512847,-0.478637,0.802432,-5.153604,2.858068
MFCC,8,0.203789,4.838646,-5.077494,4.240700,-2.917991,-0.856946,-2.038950,-3.158288,2.164327,0.685123,-0.383709,-4.626024,2.457774
MFCC,9,-5.880002,5.459346,-3.351000,5.065804,-2.429058,-0.813985,-2.539409,-3.450875,1.282792,0.608552,-0.875886,-2.755477,0.608863
MFCC,10,0.490928,4.585987,-7.001910,5.780112,-4.381517,-1.897478,-3.599095,-3.611802,3.171507,1.114617,0.590577,-3.448134,2.463677
MFCC,11,1.986923,3.532160,-6.963317,6.565042,-5.108559,-2.437429,-4.104538,-2.490329,2.738900,0.458176,0.543318,-3.118054,3.089133
MFCC,12,0.941612,3.103479,-5.525597,7.473554,-4.727432,-2.579141,-4.064566,-2.241571,1.741723,0.438511,0.372013,-1.985474,2.689489
MFCC,13,-5.813394,5.616374,-2.384223,7.471841,-2.997347,-1.913944,-3.278709,-2.966738,1.515076,0.667989,-0.714638,-1.915256,2.320143
MFCC,14,-33.965748,6.707795,5.719681,5.904559,0.761251,0.676444,-0.870340,-2.348845,-0.548527,0.242530,-2.170776,-2.301695,-0.134144
MFCC,15,-17.325951,-2.311251,2.936160,3.240310,0.726270,2.318269,-0.659178,0.005716,0.008082,0.060484,-1.324749,-0.863391,-0.138099
MFCC,16,-5.659100,-7.867100,3.120063,-0.098667,-1.114163,2.280030,-0.562275,0.592730,1.391614,1.919005,-0.187721,0.375888,0.965977
MFCC,17,-5.529803,-8.065086,2.265098,0.124665,-0.332649,1.244150,-1.151947,0.744219,1.399865,2.043911,0.018103,0.725147,2.325521
MFCC,18,-6.311830,-0.970538,-1.059772,2.080100,0.609531,2.149020,-0.545340,0.702655,0.478701,1.594927,-0.440932,-1.488377,0.900345
MFCC,19,-2.665593,3.288242,-4.424878,0.947525,0.795231,0.512955,-0.947555,-1.268153,-0.118099,-0.680821,-0.189469,-4.056746,0.187809
MFCC,20,1.947013,6.440264,-8.075468,-0.815883,-0.278747,-0.268522,-0.581783,-1.517967,1.282383,-1.507539,0.819741,-3.705129,-0.492992
MFCC,21,2.711880,5.898768,-8.812680,-0.716282,-0.741738,-0.282832,-0.384775,-1.619654,2.362971,-2.146221,1.370832,-4.146404,-0.642584
MFCC,22,4.505144,4.263756,-8.418303,1.010551,-1.563471,-0.010828,-0.955989,-1.646190,2.284039,-1.277644,0.634049,-4.149742,0.073224
MFCC,23,5.395548,2.654062,-8.210148,2.193151,-2.060063,0.090779,-1.139176,-2.043973,2.319029,-0.543759,-0.475189,-4.239027,1.496129
MFCC,24,7.030462,3.046650,-7.620571,4.531775,-2.886610,-0.823505,-1.077341,-1.574597,2.544376,-0.106249,-0.994809,-3.817497,2.291498
MFCC,25,4.914599,4.415167,-7.563915,6.499374,-2.891744,-0.913191,-1.409190,-1.708849,2.378177,0.118008,-0.677592,-3.108018,1.919910
MFCC,26,-1.732315,8.428425,-5.413917,6.652501,-1.241425,0.249345,-1.642094,-2.654752,0.232533,-0.256657,1.037550,-1.503385,0.200313
MFCC,27,-7.877358,8.280889,-3.123693,6.003741,-1.809526,1.092478,-1.048463,-2.180615,-1.866563,-1.935583,1.890164,-0.836193,-0.781325
MFCC,28,-10.722208,8.713941,-2.518197,5.134259,-0.801207,0.792549,-1.176257,-1.987837,-1.867568,-2.263494,1.720948,-0.790861,-0.956100
MFCC,29,-5.616384,9.476939,-5.785954,3.480263,0.246871,-0.711179,-1.710242,-2.961981,-0.363866,-0.672325,0.928158,-0.909084,-0.564755
MFCC,30,-3.877047,10.415935,-8.566490,3.263416,0.811262,-1.535293,-2.371609,-3.133392,2.472790,0.111171,0.523591,-2.446827,0.705941
MFCC,31,-5.970346,10.194327,-8.896221,3.244344,1.022218,-2.509223,-2.662550,-3.442569,3.095732,0.483821,0.409751,-2.883176,1.608000
MFCC,32,-8.221992,10.104411,-7.796428,3.015175,1.940849,-2.081901,-2.276690,-2.667582,2.704358,0.758414,-0.043717,-3.065135,1.821204
MFCC,33,-11.601962,7.215783,-2.832845,3.218744,3.276890,-0.651200,-2.307226,-1.931045,1.220045,0.886279,-0.687740,-1.761123,1.249395
MFCC,34,-15.151522,-1.635185,0.884287,3.380252,3.811340,1.036679,-0.190244,-0.135103,0.452181,0.759475,-0.843699,-1.541641,-0.244086
MFCC,35,-12.706932,-5.048562,-0.571402,0.530076,1.351503,1.024805,-0.070718,-0.397513,1.153657,2.259560,0.920163,-0.479008,0.386404
MFCC,36,-11.969260,-5.843476,-1.048669,0.534801,1.590696,0.303502,-0.095856,0.166868,1.326448,2.512048,1.605080,0.203506,0.869728
MFCC,37,-11.372069,-4.555140,-1.290435,0.458226,1.989137,0.816407,-0.051870,0.511026,1.342182,2.166558,0.612186,-0.200133,0.799937
MFCC,38,-4.775041,6.925929,-0.555244,-0.126506,1.144760,-1.320623,-1.370563,-0.931585,-0.259862,0.774236,0.096134,-1.404376,0.133363
MFCC,39,-1.890887,10.525972,-7.677076,1.063005,-0.497549,-1.974586,-1.545918,-2.951569,2.073916,-0.588204,2.405689,-3.347052,1.771734
MFCC,40,-3.137523,10.309572,-9.102003,2.004758,0.151908,-1.431498,-2.831122,-3.306180,3.441647,-0.075872,2.259228,-3.618699,1.481920
MFCC,41,-4.929779,10.959009,-8.541162,2.599313,0.905848,-1.052722,-3.368209,-3.387343,2.919147,0.496786,1.199363,-2.283021,1.323829
MFCC,42,-8.333375,10.945574,-6.121556,2.006173,1.726930,-0.568366,-2.152862,-3.722558,1.811125,0.538895,0.850160,-1.377758,1.492344
MFCC,43,-7.541785,11.443729,-8.115300,2.453887,1.683477,-0.510148,-3.457601,-4.015751,2.686951,0.469330,0.735421,-1.561827,1.555042
MFCC,44,-6.861676,9.418575,-9.671922,4.584562,0.874649,-2.200046,-4.016358,-3.115548,3.658484,-0.432012,0.017781,-1.557223,1.542281
MFCC,45,-4.379914,6.677402,-7.970045,7.893991,-0.479618,-3.508904,-3.055763,-1.480630,2.800649,-1.940450,0.564739,-1.199805,1.226248
MFCC,46,-3.042166,4.777903,-5.912146,8.954391,-2.029998,-4.118632,-2.046315,-0.898382,1.188121,-1.825495,1.272528,-1.036850,0.373261
MFCC,47,-3.284173,4.031399,-4.546497,9.675731,-3.176468,-4.297790,-1.846398,-0.754096,0.670041,-1.105414,1.409312,-0.797968,-0.016906
MFCC,48,-5.536942,4.013706,-2.723627,10.660705,-3.863550,-4.185561,-0.724047,-1.019814,0.336620,-0.868728,1.684949,-1.082837,-0.053530
MFCC,49,-8.327672,4.631333,-1.957340,10.927201,-3.571431,-3.675348,-0.893542,-1.450602,-0.580816,-0.619779,1.774261,-1.037089,0.183204
MFCC,50,-15.301890,7.406982,-0.801418,9.731316,-2.502671,-2.423369,-0.901013,-1.487691,-0.306587,0.014749,1.598279,-0.600000,-0.042148
MFCC,51,-22.946432,10.150913,2.288314,6.335090,-0.486178,-1.255006,-1.708327,-1.195307,-2.898242,-0.131967,2.618392,-1.643821,-1.107782
MFCC,52,-19.506100,10.319044,-0.073828,6.179680,-0.529518,-0.799279,-2.400801,-0.824633,-2.877650,-0.722180,3.794778,-1.502524,-1.429924
MFCC,53,-13.437481,10.954269,-2.147195,6.255090,0.437998,-0.060972,-2.280195,-1.414496,-2.697255,-0.678794,3.235108,-1.180003,-1.148636
MFCC,54,-7.439581,8.705433,-3.679592,5.797140,0.211300,-1.490607,-1.976280,-1.622649,0.063576,0.308360,1.109709,-1.540244,0.037927
MFCC,55,0.422937,5.648542,-3.470849,5.857792,-1.508321,-2.544910,-1.500641,-1.386930,1.687621,0.253957,-0.971420,-1.049164,1.206197
MFCC,56,1.485273,4.266974,-3.132943,5.782047,-1.555744,-2.088866,-1.211553,-1.620664,2.569137,-0.460176,-0.676065,-1.691993,1.260973
MFCC,57,-1.548308,5.698737,-2.934249,5.837143,-1.610067,-0.796349,-2.134779,-1.581607,2.630924,-0.430781,-0.394466,-2.290438,1.263341
MFCC,58,-9.824736,9.001449,-1.161488,6.560604,-1.168920,-1.099276,-2.957477,-0.998189,0.628122,-0.228769,2.163091,-4.434683,0.913998
MFCC,59,-1.778237,7.500299,-4.513271,6.585880,-2.458469,-0.995496,-3.002851,-1.424915,2.071497,0.145400,0.679003,-3.011615,0.975614
MFCC,60,1.285795,6.106123,-4.781045,6.135340,-3.363099,-1.279257,-2.553754,-1.195272,3.405361,0.181317,-0.582906,-2.490652,1.942479
MFCC,61,-0.032228,5.431576,-4.049231,5.566030,-2.630949,-1.230061,-2.582227,-1.149426,2.650621,0.738334,-0.857803,-1.931118,2.483943
MFCC,62,-2.753306,6.288163,-1.948747,4.254725,-1.487575,-1.441951,-2.351939,-1.965961,2.659056,1.184650,-0.976135,-0.996349,2.204067
MFCC,63,-14.123212,4.512938,4.065401,4.352813,0.611406,-0.731211,-1.529429,-1.825367,1.979891,1.751377,-1.544691,-0.732652,1.825792
MFCC,64,-29.554861,0.542079,7.081351,4.109764,2.897290,1.862291,-0.646856,-0.449918,0.041215,0.694243,-1.248569,-0.609637,0.843029
MFCC,65,-21.622885,-6.186165,4.839781,0.140755,2.833649,1.508651,0.866443,-0.513695,0.130601,1.287245,0.710927,1.007920,0.173531
MFCC,66,-18.670944,-6.490518,4.759730,-1.884106,3.313463,0.330017,1.761556,0.413856,1.420114,2.133530,0.260705,0.394697,0.966116
MFCC,67,-13.722766,-6.069130,4.520130,-2.103989,2.633514,-0.225323,0.971469,0.847470,1.438202,1.911946,0.867352,1.096368,1.360189
MFCC,68,-5.282039,0.784400,4.096208,-1.379924,2.652912,-1.161671,-1.208385,-0.638377,-0.159809,1.522303,-0.110665,-0.308050,0.388222
MFCC,69,-3.289552,6.586960,-0.681518,2.615626,0.042268,-1.941738,-2.474347,-1.783818,1.095878,1.250556,0.398906,-2.708780,0.628351
MFCC,70,-10.899990,8.723600,0.403703,4.973812,0.146525,-1.412821,-3.237778,-1.707238,0.620677,-0.050328,2.002446,-3.880388,0.621386
MFCC,71,-16.733940,10.725115,0.897492,6.804844,-1.039784,-1.397859,-2.814528,-0.957148,-0.660265,0.334220,2.076934,-3.835940,0.605301
MFCC,72,-20.602753,9.636889,4.027956,4.911247,1.251975,-1.231729,-1.368093,-0.599421,-1.626000,0.834232,0.464471,-2.883929,0.607858
MFCC,73,-18.800753,1.180408,7.155696,2.160365,3.176572,0.747794,-0.956498,-0.659813,-1.252929,-0.079983,-0.624976,-0.639245,-0.275285
MFCC,74,-17.446177,-3.677286,7.668909,0.785649,3.724330,0.726793,0.545907,0.179449,-0.696352,0.146386,-1.028369,0.270229,0.542773
MFCC,75,-18.252157,-7.337291,4.513982,-1.906873,3.323484,0.136739,0.533814,0.529555,0.543641,1.277242,0.037406,0.728439,0.266206
MFCC,76,-17.331181,-7.223514,2.554841,-3.011753,2.796356,-0.773939,0.335904,0.569313,1.057158,1.188207,0.879331,1.164731,0.797390
MFCC,77,-15.876109,-5.242113,4.598737,-1.531376,2.990283,-1.403729,-0.931499,-0.569517,0.549027,0.846609,-0.823481,0.271129,-0.090824
MFCC,78,-5.455369,2.377377,4.236431,1.067389,2.922548,-2.538252,-2.062577,-1.283917,0.493490,1.504145,-0.594318,-0.377985,0.642576
MFCC,79,-0.852537,4.530686,-1.701942,4.369081,-0.580921,-3.426140,-3.212921,-2.752318,1.182176,-0.256465,0.681352,-1.254887,1.396557
MFCC,80,-2.505332,5.237134,-2.745344,6.323848,-1.142481,-3.699848,-3.302494,-2.200125,1.204965,-1.136119,1.881582,-0.912522,1.310742
MFCC,81,-15.646026,6.813585,0.760847,7.359805,0.275234,-3.284894,-2.970351,-0.890755,0.439456,-1.157057,2.415983,-0.010104,0.145619
MFCC,82,-39.960667,4.039008,5.226684,6.755438,3.557776,0.508877,-0.601427,0.037577,-0.322523,-0.800720,-0.180431,-0.424216,-0.626059
MFCC,83,-16.736357,-0.623459,-1.876055,1.267939,2.366708,1.111758,-0.462097,0.696329,1.241416,1.593851,0.496811,0.481406,1.250115
MFCC,84,-8.978357,-4.028115,-0.065610,-1.886108,3.095030,-0.742531,-1.081552,1.140408,2.063169,2.790199,0.214803,0.200542,0.981873
MFCC,85,-16.455820,-7.797968,3.040566,-1.279388,3.224977,-0.988279,-0.439234,1.403631,1.708082,1.745070,0.140506,0.464189,1.165248
MFCC,86,-20.514471,-8.986208,4.633140,-1.245022,4.310803,0.764581,1.425834,1.725932,2.564072,2.646304,0.639839,1.013028,0.755813
MFCC,87,-21.925419,-9.409431,5.687366,-0.502069,3.840595,0.461498,0.761665,2.006125,2.172248,2.741859,1.066655,0.752254,0.866632
MFCC,88,-28.694540,-8.700490,5.689482,0.130687,4.174610,2.122736,1.663412,1.417469,1.623634,1.672454,0.555189,0.950183,0.270007
MFCC,89,-26.759689,-7.141666,5.280747,0.675376,2.884968,1.370363,1.992154,1.641328,1.128954,1.661970,0.560258,0.884926,0.409768
MFCC,90,-15.246115,-7.424404,5.424561,0.472891,1.177208,-0.791211,-0.317716,0.406495,0.004990,1.547545,0.316974,1.070961,0.638258
MFCC,91,-4.604702,-0.736908,5.727382,6.849653,0.272548,-4.317922,-2.043445,-0.338085,-2.177832,0.888318,0.016397,-0.087113,-0.664009
MFCC,92,-7.492284,3.449115,0.212419,10.795909,-4.027695,-4.118240,-0.981226,-0.755587,-0.934375,-0.155223,1.399103,-1.198956,-0.280727
MFCC,93,-9.401384,3.552366,1.794214,11.047514,-5.459922,-3.377695,0.009096,-1.011511,-1.416702,-0.263652,1.242490,-1.717912,-0.035491
MFCC,94,-9.954687,5.047297,1.414358,8.818591,-4.728296,-2.179294,-0.009807,-1.151714,-1.486422,-0.580110,1.501204,-1.496500,0.270411
MFCC,95,-11.799135,8.020435,0.950768,6.805866,-3.050138,-1.662932,-0.662958,-1.273216,-1.268580,-0.398610,1.786366,-1.548417,0.397333
MFCC,96,-13.897416,10.795985,0.755443,6.169398,-2.169910,-1.122832,-1.839566,-0.771806,-1.546333,-0.096722,2.321030,-2.576178,0.313868
MFCC,97,-8.683730,9.171758,-1.822559,6.445379,-1.936309,-0.374986,-2.426993,-1.334505,0.100764,-0.044837,1.382257,-2.735694,0.509203
MFCC,98,1.818916,6.837183,-5.625067,4.804632,-2.942709,0.232699,-1.983793,-1.607494,2.428696,-0.035799,0.274093,-3.461819,1.285513
[SNAPSHOT] --- END MFCC ---
INT8,49,67,84,76,82,78,79,80,81,81,79,79,80,51,68,84,74,83,78,79
[SNAPSHOT] --- BEGIN MODEL OUTPUT ---
OUT,answer,-128,0.000000
OUT,back,-128,0.000000
OUT,call,-128,0.000000
OUT,close,-128,0.000000
OUT,eight,-128,0.000000
OUT,five,-128,0.000000
OUT,four,-128,0.000000
OUT,help,-128,0.000000
OUT,left,-128,0.000000
OUT,next,-128,0.000000
OUT,nine,-128,0.000000
OUT,no,-128,0.000000
OUT,one,-128,0.000000
OUT,open,-128,0.000000
OUT,play,-128,0.000000
OUT,previous,-128,0.000000
OUT,record,-128,0.000000
OUT,right,-128,0.000000
OUT,search,-128,0.000000
OUT,set_a_timer,127,99.609375
OUT,seven,-128,0.000000
OUT,six,-128,0.000000
OUT,start,-128,0.000000
OUT,stop,-128,0.000000
OUT,three,-128,0.000000
OUT,two,-128,0.000000
OUT,volume_down,-128,0.000000
OUT,volume_up,-128,0.000000
OUT,yes,-128,0.000000
OUT,zero,-128,0.000000
[SNAPSHOT] --- END MODEL OUTPUT ---
[SNAPSHOT] === CAPTURE COMPLETE ===

