snapshot

[SYSTEM] --> CONTINUOUS ML INFERENCE STARTED
[SYSTEM] oracle clip set to 'yes'

[SYSTEM] --> ML SNAPSHOT REQUESTED

[SNAPSHOT] Get ready to speak your keyword...
[SNAPSHOT] 3...
[SNAPSHOT] 2...
[SNAPSHOT] 1...
[SNAPSHOT] >>> SPEAK NOW <<<
[SNAPSHOT] Capture complete: 32000 samples (2000 ms)
[SNAPSHOT] *** ORACLE INPUT: yes ***
[SNAPSHOT] --- BEGIN PCM ---
PCM,0,0,0,0,0,0,0,0,0,0,0,0,0,0,0,0
PCM,0,0,0,0,0,0,0,0,0,0,0,0,0,0,0,0
PCM,0,0,0,0,0,0,0,0,0,0,0,0,0,0,0,0
PCM,0,0,0,0,0,0,0,0,0,0,0,0,0,0,0,0
PCM,0,0,0,0,0,0,0,0,0,0,0,0,0,0,0,0
PCM,0,0,0,0,0,0,0,0,0,0,0,0,0,0,0,0
PCM,0,0,0,0,0,0,0,0,0,0,0,0,0,0,0,0
PCM,0,0,0,0,0,0,0,0,0,0,0,0,0,0,0,0
PCM,0,0,0,0,0,0,0,0,0,0,0,0,0,0,0,0
PCM,0,0,0,0,0,0,0,0,0,0,0,0,0,0,0,0
PCM,0,0,0,0,0,0,0,0,0,0,0,0,0,0,0,0
PCM,0,0,0,0,0,0,0,0,0,0,0,0,0,0,0,0
PCM,0,0,0,0,0,0,0,0,0,0,0,0,0,0,0,0
PCM,0,0,0,0,0,0,0,0,0,0,0,0,0,0,0,0
PCM,0,0,0,0,0,0,0,0,0,0,0,0,0,0,0,0
PCM,0,0,0,0,0,0,0,0,0,0,0,0,0,0,0,0
PCM,0,0,0,0,0,0,0,0,0,0,0,0,0,0,0,0
PCM,0,0,0,0,0,0,0,0,0,0,0,0,0,0,0,0
PCM,0,0,0,0,0,0,0,0,0,0,0,0,0,0,0,0
PCM,0,0,0,0,0,0,0,0,0,0,0,0,0,0,0,0
PCM,0,0,0,0,0,0,0,0,0,0,0,0,0,0,0,0
PCM,0,0,0,0,0,0,0,0,0,0,0,0,0,0,0,0
PCM,0,0,0,0,0,0,0,0,0,0,0,0,0,0,0,0
PCM,0,0,0,0,0,0,0,0,0,0,0,0,0,0,0,0
PCM,0,0,0,0,0,0,0,0,0,0,0,0,0,0,0,0
PCM,0,0,0,0,0,0,0,0,0,0,0,0,0,0,0,0
PCM,0,0,0,0,0,0,0,0,0,0,0,0,0,0,0,0
PCM,0,0,0,0,0,0,0,0,0,0,0,0,0,0,0,0
PCM,0,0,0,0,0,0,0,0,0,0,0,0,0,0,0,0
PCM,0,0,0,0,0,0,0,0,0,0,0,0,0,0,0,0
PCM,0,0,0,0,0,0,0,0,0,0,0,0,0,0,0,0
PCM,0,0,0,0,0,0,0,0,0,0,0,0,0,0,0,0
PCM,0,0,0,0,0,0,0,0,0,0,0,0,0,0,0,0
PCM,0,0,0,0,0,0,0,0,0,0,0,0,0,0,0,0
PCM,0,0,0,0,0,0,0,0,0,0,0,0,0,0,0,0
PCM,0,0,0,0,0,0,0,0,0,0,0,0,0,0,0,0
PCM,0,0,0,0,0,0,0,0,0,0,0,0,0,0,0,0
PCM,0,0,0,0,0,0,0,0,0,0,0,0,0,0,0,0
PCM,0,0,0,0,0,0,0,0,0,0,0,0,0,0,0,0
PCM,0,0,0,0,0,0,0,0,0,0,0,0,0,0,0,0
PCM,0,0,0,0,0,0,0,0,0,0,0,0,0,0,0,0
PCM,0,0,0,0,0,0,0,0,0,0,0,0,0,0,0,0
PCM,0,0,0,0,0,0,0,0,0,0,0,0,0,0,0,0
PCM,0,0,0,0,0,0,0,0,0,0,0,0,0,0,0,0
PCM,0,0,0,0,0,0,0,0,0,0,0,0,0,0,0,0
PCM,0,0,0,0,0,0,0,0,0,0,0,0,0,0,0,0
PCM,0,0,0,0,0,0,0,0,0,0,0,0,0,0,0,0
PCM,0,0,0,0,0,0,0,0,0,0,0,0,0,0,0,0
PCM,0,0,0,0,0,0,0,0,0,0,0,0,0,0,0,0
PCM,0,0,0,0,0,0,0,0,0,0,0,0,0,0,0,0
PCM,0,0,0,0,0,0,0,0,0,0,0,0,0,0,0,0
PCM,0,0,0,0,0,0,0,0,0,0,0,0,0,0,0,0
PCM,0,0,0,0,0,0,0,0,0,0,0,0,0,0,0,0
PCM,0,0,0,0,0,0,0,0,0,0,0,0,0,0,0,0
PCM,0,0,0,0,0,0,0,0,0,0,0,0,0,0,0,0
PCM,0,0,0,0,0,0,0,0,0,0,0,0,0,0,0,0
PCM,0,0,0,0,0,0,0,0,0,0,0,0,0,0,0,0
PCM,0,0,0,0,0,0,0,0,0,0,0,0,0,0,0,0
PCM,0,0,0,0,0,0,0,0,0,0,0,0,0,0,0,0
PCM,0,0,0,0,0,0,0,0,0,0,0,0,0,0,0,0
PCM,0,0,0,0,0,0,0,0,0,0,0,0,0,0,0,0
PCM,0,0,0,0,0,0,0,0,0,0,0,0,0,0,0,0
PCM,0,0,0,0,0,0,0,0,0,0,0,0,0,0,0,0
PCM,0,0,0,0,0,0,0,0,0,0,0,0,0,0,0,0
PCM,0,0,0,0,0,0,0,0,0,0,0,0,0,0,0,0
PCM,0,0,0,0,0,0,0,0,0,0,0,0,0,0,0,0
PCM,0,0,0,0,0,0,0,0,0,0,0,0,0,0,0,0
PCM,0,0,0,0,0,0,0,0,0,0,0,0,0,0,0,0
PCM,0,0,0,0,0,0,0,0,0,0,0,0,0,0,0,0
PCM,0,0,0,0,0,0,0,0,0,0,0,0,0,0,0,0
PCM,0,0,0,0,0,0,0,0,0,0,0,0,0,0,0,0
PCM,0,0,0,0,0,0,0,0,0,0,0,0,0,0,0,0
PCM,0,0,0,0,0,0,0,0,0,0,0,0,0,0,0,0
PCM,0,0,0,0,0,0,0,0,0,0,0,0,0,0,0,0
PCM,0,0,0,0,0,0,0,0,0,0,0,0,0,0,0,0
PCM,0,0,0,0,0,0,0,0,0,0,0,0,0,0,0,0
PCM,0,0,0,0,0,0,0,0,0,0,0,0,0,0,0,0
PCM,0,0,0,0,0,0,0,0,0,0,0,0,0,0,0,0
PCM,0,0,0,0,0,0,0,0,0,0,0,0,0,0,0,0
PCM,0,0,0,0,0,0,0,0,0,0,0,0,0,0,0,0
PCM,0,0,0,0,0,0,0,0,0,0,0,0,0,0,0,0
PCM,0,0,0,0,0,0,0,0,0,0,0,0,0,0,0,0
PCM,0,0,0,0,0,0,0,0,0,0,0,0,0,0,0,0
PCM,0,0,0,0,0,0,0,0,0,0,0,0,0,0,0,0
PCM,0,0,0,0,0,0,0,0,0,0,0,0,0,0,0,0
PCM,0,0,0,0,0,0,0,0,0,0,0,0,0,0,0,0
PCM,0,0,0,0,0,0,0,0,0,0,0,0,0,0,0,0
PCM,0,0,0,0,0,0,0,0,0,0,0,0,0,0,0,0
PCM,0,0,0,0,0,0,0,0,0,0,0,0,0,0,0,0
PCM,0,0,0,0,0,0,0,0,0,0,0,0,0,0,0,0
PCM,0,0,0,0,0,0,0,0,0,0,0,0,0,0,0,0
PCM,0,0,0,0,0,0,0,0,0,0,0,0,0,0,0,0
PCM,0,0,0,0,0,0,0,0,0,0,0,0,0,0,0,0
PCM,0,0,0,0,0,0,0,0,0,0,0,0,0,0,0,0
PCM,0,0,0,0,0,0,0,0,0,0,0,0,0,0,0,0
PCM,0,0,0,0,0,0,0,0,0,0,0,0,0,0,0,0
PCM,0,0,0,0,0,0,0,0,0,0,0,0,0,0,0,0
PCM,0,0,0,0,0,0,0,0,0,0,0,0,0,0,0,0
PCM,0,0,0,0,0,0,0,0,0,0,0,0,0,0,0,0
PCM,0,0,0,0,0,0,0,0,0,0,0,0,0,0,0,0
PCM,0,0,0,0,0,0,0,0,0,0,0,0,0,0,0,0
PCM,0,0,0,0,0,0,0,0,0,0,0,0,0,0,0,0
PCM,0,0,0,0,0,0,0,0,0,0,0,0,0,0,0,0
PCM,0,0,0,0,0,0,0,0,0,0,0,0,0,0,0,0
PCM,0,0,0,0,0,0,0,0,0,0,0,0,0,0,0,0
PCM,0,0,0,0,0,0,0,0,0,0,0,0,0,0,0,0
PCM,0,0,0,0,0,0,0,0,0,0,0,0,0,0,0,0
PCM,0,0,0,0,0,0,0,0,0,0,0,0,0,0,0,0
PCM,0,0,0,0,0,0,0,0,0,0,0,0,0,0,0,0
PCM,0,0,0,0,0,0,0,0,0,0,0,0,0,0,0,0
PCM,0,0,0,0,0,0,0,0,0,0,0,0,0,0,0,0
PCM,0,0,0,0,0,0,0,0,0,0,0,0,0,0,0,0
PCM,0,0,0,0,0,0,0,0,0,0,0,0,0,0,0,0
PCM,0,0,0,0,0,0,0,0,0,0,0,0,0,0,0,0
PCM,0,0,0,0,0,0,0,0,0,0,0,0,0,0,0,0
PCM,0,0,0,0,0,0,0,0,0,0,0,0,0,0,0,0
PCM,0,0,0,0,0,0,0,0,0,0,0,0,0,0,0,0
PCM,0,0,0,0,0,0,0,0,0,0,0,0,0,0,0,0
PCM,0,0,0,0,0,0,0,0,0,0,0,0,0,0,0,0
PCM,0,0,0,0,0,0,0,0,0,0,0,0,0,0,0,0
PCM,0,0,0,0,0,0,0,0,0,0,0,0,0,0,0,0
PCM,0,0,0,0,0,0,0,0,0,0,0,0,0,0,0,0
PCM,0,0,0,0,0,0,0,0,0,0,0,0,0,0,0,0
PCM,0,0,0,0,0,0,0,0,0,0,0,0,0,0,0,0
PCM,0,0,0,0,0,0,0,0,0,0,0,0,0,0,0,0
PCM,0,0,0,0,0,0,0,0,0,0,0,0,0,0,0,0
PCM,0,0,0,0,0,0,0,0,0,0,0,0,0,0,0,0
PCM,0,0,0,0,0,0,0,0,0,0,0,0,0,0,0,0
PCM,0,0,0,0,0,0,0,0,0,0,0,0,0,0,0,0
PCM,0,0,0,0,0,0,0,0,0,0,0,0,0,0,0,0
PCM,0,0,0,0,0,0,0,0,0,0,0,0,0,0,0,0
PCM,0,0,0,0,0,0,0,0,0,0,0,0,0,0,0,0
PCM,0,0,0,0,0,0,0,0,0,0,0,0,0,0,0,0
PCM,0,0,0,0,0,0,0,0,0,0,0,0,0,0,0,0
PCM,0,0,0,0,0,0,0,0,0,0,0,0,0,0,0,0
PCM,0,0,0,0,0,0,0,0,0,0,0,0,0,0,0,0
PCM,0,0,0,0,0,0,0,0,0,0,0,0,0,0,0,0
PCM,0,0,0,0,0,0,0,0,0,0,0,0,0,0,0,0
PCM,0,0,0,0,0,0,0,0,0,0,0,0,0,0,0,0
PCM,0,0,0,0,0,0,0,0,0,0,0,0,0,0,0,0
PCM,0,0,0,0,0,0,0,0,0,0,0,0,0,0,0,0
PCM,0,0,0,0,0,0,0,0,0,0,0,0,0,0,0,0
PCM,0,0,0,0,0,0,0,0,0,0,0,0,0,0,0,0
PCM,0,0,0,0,0,0,0,0,0,0,0,0,0,0,0,0
PCM,0,0,0,0,0,0,0,0,0,0,0,0,0,0,0,0
PCM,0,0,0,0,0,0,0,0,0,0,0,0,0,0,0,0
PCM,0,0,0,0,0,0,0,0,0,0,0,0,0,0,0,0
PCM,0,0,0,0,0,0,0,0,0,0,0,0,0,0,0,0
PCM,0,0,0,0,0,0,0,0,0,0,0,0,0,0,0,0
PCM,0,0,0,0,0,0,0,0,0,0,0,0,0,0,0,0
PCM,0,0,0,0,0,0,0,0,0,0,0,0,0,0,0,0
PCM,0,0,0,0,0,0,0,0,0,0,0,0,0,0,0,0
PCM,0,0,0,0,0,0,0,0,0,0,0,0,0,0,0,0
PCM,0,0,0,0,0,0,0,0,0,0,0,0,0,0,0,0
PCM,0,0,0,0,0,0,0,0,0,0,0,0,0,0,0,0
PCM,0,0,0,0,0,0,0,0,0,0,0,0,0,0,0,0
PCM,0,0,0,0,0,0,0,0,0,0,0,0,0,0,0,0
PCM,0,0,0,0,0,0,0,0,0,0,0,0,0,0,0,0
PCM,0,0,0,0,0,0,0,0,0,0,0,0,0,0,0,0
PCM,0,0,0,0,0,0,0,0,0,0,0,0,0,0,0,0
PCM,0,0,0,0,0,0,0,0,0,0,0,0,0,0,0,0
PCM,0,0,0,0,0,0,0,0,0,0,0,0,0,0,0,0
PCM,0,0,0,0,0,0,0,0,0,0,0,0,0,0,0,0
PCM,0,0,0,0,0,0,0,0,0,0,0,0,0,0,0,0
PCM,0,0,0,0,0,0,0,0,0,0,0,0,0,0,0,0
PCM,0,0,0,0,0,0,0,0,0,0,0,0,0,0,0,0
PCM,0,0,0,0,0,0,0,0,0,0,0,0,0,0,0,0
PCM,0,0,0,0,0,0,0,0,0,0,0,0,0,0,0,0
PCM,0,0,0,0,0,0,0,0,0,0,0,0,0,0,0,0
PCM,0,0,0,0,0,0,0,0,0,0,0,0,0,0,0,0
PCM,0,0,0,0,0,0,0,0,0,0,0,0,0,0,0,0
PCM,0,0,0,0,0,0,0,0,0,0,0,0,0,0,0,0
PCM,0,0,0,0,0,0,0,0,0,0,0,0,0,0,0,0
PCM,0,0,0,0,0,0,0,0,0,0,0,0,0,0,0,0
PCM,0,0,0,0,0,0,0,0,0,0,0,0,0,0,0,0
PCM,0,0,0,0,0,0,0,0,0,0,0,0,0,0,0,0
PCM,0,0,0,0,0,0,0,0,0,0,0,0,0,0,0,0
PCM,0,0,0,0,0,0,0,0,0,0,0,0,0,0,0,0
PCM,0,0,0,0,0,0,0,0,0,0,0,0,0,0,0,0
PCM,0,0,0,0,0,0,0,0,0,0,0,0,0,0,0,0
PCM,0,0,0,0,0,0,0,0,0,0,0,0,0,0,0,0
PCM,0,0,0,0,0,0,0,0,0,0,0,0,0,0,0,0
PCM,0,0,0,0,0,0,0,0,0,0,0,0,0,0,0,0
PCM,0,0,0,0,0,0,0,0,0,0,0,0,0,0,0,0
PCM,0,0,0,0,0,0,0,0,0,0,0,0,0,0,0,0
PCM,0,0,0,0,0,0,0,0,0,0,0,0,0,0,0,0
PCM,0,0,0,0,0,0,0,0,0,0,0,0,0,0,0,0
PCM,0,0,0,0,0,0,0,0,0,0,0,0,0,0,0,0
PCM,0,0,0,0,0,0,0,0,0,0,0,0,0,0,0,0
PCM,0,0,0,0,0,0,0,0,0,0,0,0,0,0,0,0
PCM,0,0,0,0,0,0,0,0,0,0,0,0,0,0,0,0
PCM,0,0,0,0,0,0,0,0,0,0,0,0,0,0,0,0
PCM,0,0,0,0,0,0,0,0,0,0,0,0,0,0,0,0
PCM,0,0,0,0,0,0,0,0,0,0,0,0,0,0,0,0
PCM,0,0,0,0,0,0,0,0,0,0,0,0,0,0,0,0
PCM,0,0,0,0,0,0,0,0,0,0,0,0,0,0,0,0
PCM,0,0,0,0,0,0,0,0,0,0,0,0,0,0,0,0
PCM,0,0,0,0,0,0,0,0,0,0,0,0,0,0,0,0
PCM,0,0,0,0,0,0,0,0,0,0,0,0,0,0,0,0
PCM,0,0,0,0,0,0,0,0,0,0,0,0,0,0,0,0
PCM,0,0,0,0,0,0,0,0,0,0,0,0,0,0,0,0
PCM,0,0,0,0,0,0,0,0,0,0,0,0,0,0,0,0
PCM,0,0,0,0,0,0,0,0,0,0,0,0,0,0,0,0
PCM,0,0,0,0,0,0,0,0,0,0,0,0,0,0,0,0
PCM,0,0,0,0,0,0,0,0,0,0,0,0,0,0,0,0
PCM,0,0,0,0,0,0,0,0,0,0,0,0,0,0,0,0
PCM,0,0,0,0,0,0,0,0,0,0,0,0,0,0,0,0
PCM,0,0,0,0,0,0,0,0,0,0,0,0,0,0,0,0
PCM,0,0,0,0,0,0,0,0,0,0,0,0,0,0,0,0
PCM,0,0,0,0,0,0,0,0,0,0,0,0,0,0,0,0
PCM,0,0,0,0,0,0,0,0,0,0,0,0,0,0,0,0
PCM,0,0,0,0,0,0,0,0,0,0,0,0,0,0,0,0
PCM,0,0,0,0,0,0,0,0,0,0,0,0,0,0,0,0
PCM,0,0,0,0,0,0,0,0,0,0,0,0,0,0,0,0
PCM,0,0,0,0,0,0,0,0,0,0,0,0,0,0,0,0
PCM,0,0,0,0,0,0,0,0,0,0,0,0,0,0,0,0
PCM,0,0,0,0,0,0,0,0,0,0,0,0,0,0,0,0
PCM,0,0,0,0,0,0,0,0,0,0,0,0,0,0,0,0
PCM,0,0,0,0,0,0,0,0,0,0,0,0,0,0,0,0
PCM,0,0,0,0,0,0,0,0,0,0,0,0,0,0,0,0
PCM,0,0,0,0,0,0,0,0,0,0,0,0,0,0,0,0
PCM,0,0,0,0,0,0,0,0,0,0,0,0,0,0,0,0
PCM,0,0,0,0,0,0,0,0,0,0,0,0,0,0,0,0
PCM,0,0,0,0,0,0,0,0,0,0,0,0,0,0,0,0
PCM,0,0,0,0,0,0,0,0,0,0,0,0,0,0,0,0
PCM,0,0,0,0,0,0,0,0,0,0,0,0,0,0,0,0
PCM,0,0,0,0,0,0,0,0,0,0,0,0,0,0,0,0
PCM,0,0,0,0,0,0,0,0,0,0,0,0,0,0,0,0
PCM,0,0,0,0,0,0,0,0,0,0,0,0,0,0,0,0
PCM,0,0,0,0,0,0,0,0,0,0,0,0,0,0,0,0
PCM,0,0,0,0,0,0,0,0,0,0,0,0,0,0,0,0
PCM,0,0,0,0,0,0,0,0,0,0,0,0,0,0,0,0
PCM,0,0,0,0,0,0,0,0,0,0,0,0,0,0,0,0
PCM,0,0,0,0,0,0,0,0,0,0,0,0,0,0,0,0
PCM,0,0,0,0,0,0,0,0,0,0,0,0,0,0,0,0
PCM,0,0,0,0,0,0,0,0,0,0,0,0,0,0,0,0
PCM,0,0,0,0,0,0,0,0,0,0,0,0,0,0,0,0
PCM,0,0,0,0,0,0,0,0,0,0,0,0,0,0,0,0
PCM,0,0,0,0,0,0,0,0,0,0,0,0,0,0,0,0
PCM,0,0,0,0,0,0,0,0,0,0,0,0,0,0,0,0
PCM,0,0,0,0,0,0,0,0,0,0,0,0,0,0,0,0
PCM,0,0,0,0,0,0,0,0,0,0,0,0,0,0,0,0
PCM,0,0,0,0,0,0,0,0,0,0,0,0,0,0,0,0
PCM,0,0,0,0,0,0,0,0,0,0,0,0,0,0,0,0
PCM,0,0,0,0,0,0,0,0,0,0,0,0,0,0,0,0
PCM,0,0,0,0,0,0,0,0,0,0,0,0,0,0,0,0
PCM,0,0,0,0,0,0,0,0,0,0,0,0,0,0,0,0
PCM,0,0,0,0,0,0,0,0,0,0,0,0,0,0,0,0
PCM,0,0,0,0,0,0,0,0,0,0,0,0,0,0,0,0
PCM,0,0,0,0,0,0,0,0,0,0,0,0,0,0,0,0
PCM,0,0,0,0,0,0,0,0,0,0,0,0,0,0,0,0
PCM,0,0,0,0,0,0,0,0,0,0,0,0,0,0,0,0
PCM,0,0,0,0,0,0,0,0,0,0,0,0,0,0,0,0
PCM,0,0,0,0,0,0,0,0,0,0,0,0,0,0,0,0
PCM,0,0,0,0,0,0,0,0,0,0,0,0,0,0,0,0
PCM,0,0,0,0,0,0,0,0,0,0,0,0,0,0,0,0
PCM,0,0,0,0,0,0,0,0,0,0,0,0,0,0,0,0
PCM,0,0,0,0,0,0,0,0,0,0,0,0,0,0,0,0
PCM,0,0,0,0,0,0,0,0,0,0,0,0,0,0,0,0
PCM,0,0,0,0,0,0,0,0,0,0,0,0,0,0,0,0
PCM,0,0,0,0,0,0,0,0,0,0,0,0,0,0,0,0
PCM,0,0,0,0,0,0,0,0,0,0,0,0,0,0,0,0
PCM,0,0,0,0,0,0,0,0,0,0,0,0,0,0,0,0
PCM,0,0,0,0,0,0,0,0,0,0,0,0,0,0,0,0
PCM,0,0,0,0,0,0,0,0,0,0,0,0,0,0,0,0
PCM,0,0,0,0,0,0,0,0,0,0,0,0,0,0,0,0
PCM,0,0,0,0,0,0,0,0,0,0,0,0,0,0,0,0
PCM,0,0,0,0,0,0,0,0,0,0,0,0,0,0,0,0
PCM,0,0,0,0,0,0,0,0,0,0,0,0,0,0,0,0
PCM,0,0,0,0,0,0,0,0,0,0,0,0,0,0,0,0
PCM,0,0,0,0,0,0,0,0,0,0,0,0,0,0,0,0
PCM,0,0,0,0,0,0,0,0,0,0,0,0,0,0,0,0
PCM,0,0,0,0,0,0,0,0,0,0,0,0,0,0,0,0
PCM,0,0,0,0,0,0,0,0,0,0,0,0,0,0,0,0
PCM,0,0,0,0,0,0,0,0,0,0,0,0,0,0,0,0
PCM,0,0,0,0,0,0,0,0,0,0,0,0,0,0,0,0
PCM,0,0,0,0,0,0,0,0,0,0,0,0,0,0,0,0
PCM,0,0,0,0,0,0,0,0,0,0,0,0,0,0,0,0
PCM,0,0,0,0,0,0,0,0,0,0,0,0,0,0,0,0
PCM,0,0,0,0,0,0,0,0,0,0,0,0,0,0,0,0
PCM,0,0,0,0,0,0,0,0,0,0,0,0,0,0,0,0
PCM,0,0,0,0,0,0,0,0,0,0,0,0,0,0,0,0
PCM,0,0,0,0,0,0,0,0,0,0,0,0,0,0,0,0
PCM,0,0,0,0,0,0,0,0,0,0,0,0,0,0,0,0
PCM,0,0,0,0,0,0,0,0,0,0,0,0,0,0,0,0
PCM,0,0,0,0,0,0,0,0,0,0,0,0,0,0,0,0
PCM,0,0,0,0,0,0,0,0,0,0,0,0,0,0,0,0
PCM,0,0,0,0,0,0,0,0,0,0,0,0,0,0,0,0
PCM,0,0,0,0,0,0,0,0,0,0,0,0,0,0,0,0
PCM,0,0,0,0,0,0,0,0,0,0,0,0,0,0,0,0
PCM,0,0,0,0,0,0,0,0,0,0,0,0,0,0,0,0
PCM,0,0,0,0,0,0,0,0,0,0,0,0,0,0,0,0
PCM,0,0,0,0,0,0,0,0,0,0,0,0,0,0,0,0
PCM,0,0,0,0,0,0,0,0,0,0,0,0,0,0,0,0
PCM,0,0,0,0,0,0,0,0,0,0,0,0,0,0,0,0
PCM,0,0,0,0,0,0,0,0,0,0,0,0,0,0,0,0
PCM,0,0,0,0,0,0,0,0,0,0,0,0,0,0,0,0
PCM,0,0,0,0,0,0,0,0,0,0,0,0,0,0,0,0
PCM,0,0,0,0,0,0,0,0,0,0,0,0,0,0,0,0
PCM,0,0,0,0,0,0,0,0,0,0,0,0,0,0,0,0
PCM,0,0,0,0,0,0,0,0,0,0,0,0,0,0,0,0
PCM,0,0,0,0,0,0,0,0,0,0,0,0,0,0,0,0
PCM,0,0,0,0,0,0,0,0,0,0,0,0,0,0,0,0
PCM,0,0,0,0,0,0,0,0,0,0,0,0,0,0,0,0
PCM,0,0,0,0,0,0,0,0,0,0,0,0,0,0,0,0
PCM,0,0,0,0,0,0,0,0,0,0,0,0,0,0,0,0
PCM,0,0,0,0,0,0,0,0,0,0,0,0,0,0,0,0
PCM,0,0,0,0,0,0,0,0,0,0,0,0,0,0,0,0
PCM,0,0,0,0,0,0,0,0,0,0,0,0,0,0,0,0
PCM,0,0,0,0,0,0,0,0,0,0,0,0,0,0,0,0
PCM,0,0,0,0,0,0,0,0,0,0,0,0,0,0,0,0
PCM,0,0,0,0,0,0,0,0,0,0,0,0,0,0,0,0
PCM,0,0,0,0,0,0,0,0,0,0,0,0,0,0,0,0
PCM,0,0,0,0,0,0,0,0,0,0,0,0,0,0,0,0
PCM,0,0,0,0,0,0,0,0,0,0,0,0,0,0,0,0
PCM,0,0,0,0,0,0,0,0,0,0,0,0,0,0,0,0
PCM,0,0,0,0,0,0,0,0,0,0,0,0,0,0,0,0
PCM,0,0,0,0,0,0,0,0,0,0,0,0,0,0,0,0
PCM,0,0,0,0,0,0,0,0,0,0,0,0,0,0,0,0
PCM,0,0,0,0,0,0,0,0,0,0,0,0,0,0,0,0
PCM,0,0,0,0,0,0,0,0,0,0,0,0,0,0,0,0
PCM,0,0,0,0,0,0,0,0,0,0,0,0,0,0,0,0
PCM,0,0,0,0,0,0,0,0,0,0,0,0,0,0,0,0
PCM,0,0,0,0,0,0,0,0,0,0,0,0,0,0,0,0
PCM,0,0,0,0,0,0,0,0,0,0,0,0,0,0,0,0
PCM,0,0,0,0,0,0,0,0,0,0,0,0,0,0,0,0
PCM,0,0,0,0,0,0,0,0,0,0,0,0,0,0,0,0
PCM,0,0,0,0,0,0,0,0,0,0,0,0,0,0,0,0
PCM,0,0,0,0,0,0,0,0,0,0,0,0,0,0,0,0
PCM,0,0,0,0,0,0,0,0,0,0,0,0,0,0,0,0
PCM,0,0,0,0,0,0,0,0,0,0,0,0,0,0,0,0
PCM,0,0,0,0,0,0,0,0,0,0,0,0,0,0,0,0
PCM,0,0,0,0,0,0,0,0,0,0,0,0,0,0,0,0
PCM,0,0,0,0,0,0,0,0,0,0,0,0,0,0,0,0
PCM,0,0,0,0,0,0,0,0,0,0,0,0,0,0,0,0
PCM,0,0,0,0,0,0,0,0,0,0,0,0,0,0,0,0
PCM,0,0,0,0,0,0,0,0,0,0,0,0,0,0,0,0
PCM,0,0,0,0,0,0,0,0,0,0,0,0,0,0,0,0
PCM,0,0,0,0,0,0,0,0,0,0,0,0,0,0,0,0
PCM,0,0,0,0,0,0,0,0,0,0,0,0,0,0,0,0
PCM,0,0,0,0,0,0,0,0,0,0,0,0,0,0,0,0
PCM,0,0,0,0,0,0,0,0,0,0,0,0,0,0,0,0
PCM,0,0,0,0,0,0,0,0,0,0,0,0,0,0,0,0
PCM,0,0,0,0,0,0,0,0,0,0,0,0,0,0,0,0
PCM,0,0,0,0,0,0,0,0,0,0,0,0,0,0,0,0
PCM,0,0,0,0,0,0,0,0,0,0,0,0,0,0,0,0
PCM,0,0,0,0,0,0,0,0,0,0,0,0,0,0,0,0
PCM,0,0,0,0,0,0,0,0,0,0,0,0,0,0,0,0
PCM,0,0,0,0,0,0,0,0,0,0,0,0,0,0,0,0
PCM,0,0,0,0,0,0,0,0,0,0,0,0,0,0,0,0
PCM,0,0,0,0,0,0,0,0,0,0,0,0,0,0,0,0
PCM,0,0,0,0,0,0,0,0,0,0,0,0,0,0,0,0
PCM,0,0,0,0,0,0,0,0,0,0,0,0,0,0,0,0
PCM,0,0,0,0,0,0,0,0,0,0,0,0,0,0,0,0
PCM,0,0,0,0,0,0,0,0,0,0,0,0,0,0,0,0
PCM,0,0,0,0,0,0,0,0,0,0,0,0,0,0,0,0
PCM,0,0,0,0,0,0,0,0,0,0,0,0,0,0,0,0
PCM,0,0,0,0,0,0,0,0,0,0,0,0,0,0,0,0
PCM,0,0,0,0,0,0,0,0,0,0,0,0,0,0,0,0
PCM,0,0,0,0,0,0,0,0,0,0,0,0,0,0,0,0
PCM,0,0,0,0,0,0,0,0,0,0,0,0,0,0,0,0
PCM,0,0,0,0,0,0,0,0,0,0,0,0,0,0,0,0
PCM,0,0,0,0,0,0,0,0,0,0,0,0,0,0,0,0
PCM,0,0,0,0,0,0,0,0,0,0,0,0,0,0,0,0
PCM,0,0,0,0,0,0,0,0,0,0,0,0,0,0,0,0
PCM,0,0,0,0,0,0,0,0,0,0,0,0,0,0,0,0
PCM,0,0,0,0,0,0,0,0,0,0,0,0,0,0,0,0
PCM,0,0,0,0,0,0,0,0,0,0,0,0,0,0,0,0
PCM,0,0,0,0,0,0,0,0,0,0,0,0,0,0,0,0
PCM,0,0,0,0,0,0,0,0,0,0,0,0,0,0,0,0
PCM,0,0,0,0,0,0,0,0,0,0,0,0,0,0,0,0
PCM,0,0,0,0,0,0,0,0,0,0,0,0,0,0,0,0
PCM,0,0,0,0,0,0,0,0,0,0,0,0,0,0,0,0
PCM,0,0,0,0,0,0,0,0,0,0,0,0,0,0,0,0
PCM,0,0,0,0,0,0,0,0,0,0,0,0,0,0,0,0
PCM,0,0,0,0,0,0,0,0,0,0,0,0,0,0,0,0
PCM,0,0,0,0,0,0,0,0,0,0,0,0,0,0,0,0
PCM,0,0,0,0,0,0,0,0,0,0,0,0,0,0,0,0
PCM,0,0,0,0,0,0,0,0,0,0,0,0,0,0,0,0
PCM,0,0,0,0,0,0,0,0,0,0,0,0,0,0,0,0
PCM,0,0,0,0,0,0,0,0,0,0,0,0,0,0,0,0
PCM,0,0,0,0,0,0,0,0,0,0,0,0,0,0,0,0
PCM,0,0,0,0,0,0,0,0,0,0,0,0,0,0,0,0
PCM,0,0,0,0,0,0,0,0,0,0,0,0,0,0,0,0
PCM,0,0,0,0,0,0,0,0,0,0,0,0,0,0,0,0
PCM,0,0,0,0,0,0,0,0,0,0,0,0,0,0,0,0
PCM,0,0,0,0,0,0,0,0,0,0,0,0,0,0,0,0
PCM,0,0,0,0,0,0,0,0,0,0,0,0,0,0,0,0
PCM,0,0,0,0,0,0,0,0,0,0,0,0,0,0,0,0
PCM,0,0,0,0,0,0,0,0,0,0,0,0,0,0,0,0
PCM,0,0,0,0,0,0,0,0,0,0,0,0,0,0,0,0
PCM,0,0,0,0,0,0,0,0,0,0,0,0,0,0,0,0
PCM,0,0,0,0,0,0,0,0,0,0,0,0,0,0,0,0
PCM,0,0,0,0,0,0,0,0,0,0,0,0,0,0,0,0
PCM,0,0,0,0,0,0,0,0,0,0,0,0,0,0,0,0
PCM,0,0,0,0,0,0,0,0,0,0,0,0,0,0,0,0
PCM,0,0,0,0,0,0,0,0,0,0,0,0,0,0,0,0
PCM,0,0,0,0,0,0,0,0,0,0,0,0,0,0,0,0
PCM,0,0,0,0,0,0,0,0,0,0,0,0,0,0,0,0
PCM,0,0,0,0,0,0,0,0,0,0,0,0,0,0,0,0
PCM,0,0,0,0,0,0,0,0,0,0,0,0,0,0,0,0
PCM,0,0,0,0,0,0,0,0,0,0,0,0,0,0,0,0
PCM,0,0,0,0,0,0,0,0,0,0,0,0,0,0,0,0
PCM,0,0,0,0,0,0,0,0,0,0,0,0,0,0,0,0
PCM,0,0,0,0,0,0,0,0,0,0,0,0,0,0,0,0
PCM,0,0,0,0,0,0,0,0,0,0,0,0,0,0,0,0
PCM,0,0,0,0,0,0,0,0,0,0,0,0,0,0,0,0
PCM,0,0,0,0,0,0,0,0,0,0,0,0,0,0,0,0
PCM,0,0,0,0,0,0,0,0,0,0,0,0,0,0,0,0
PCM,0,0,0,0,0,0,0,0,0,0,0,0,0,0,0,0
PCM,0,0,0,0,0,0,0,0,0,0,0,0,0,0,0,0
PCM,0,0,0,0,0,0,0,0,0,0,0,0,0,0,0,0
PCM,0,0,0,0,0,0,0,0,0,0,0,0,0,0,0,0
PCM,0,0,0,0,0,0,0,0,0,0,0,0,0,0,0,0
PCM,0,0,0,0,0,0,0,0,0,0,0,0,0,0,0,0
PCM,0,0,0,0,0,0,0,0,0,0,0,0,0,0,0,0
PCM,0,0,0,0,0,0,0,0,0,0,0,0,0,0,0,0
PCM,0,0,0,0,0,0,0,0,0,0,0,0,0,0,0,0
PCM,0,0,0,0,0,0,0,0,0,0,0,0,0,0,0,0
PCM,0,0,0,0,0,0,0,0,0,0,0,0,0,0,0,0
PCM,0,0,0,0,0,0,0,0,0,0,0,0,0,0,0,0
PCM,0,0,0,0,0,0,0,0,0,0,0,0,0,0,0,0
PCM,0,0,0,0,0,0,0,0,0,0,0,0,0,0,0,0
PCM,0,0,0,0,0,0,0,0,0,0,0,0,0,0,0,0
PCM,0,0,0,0,0,0,0,0,0,0,0,0,0,0,0,0
PCM,0,0,0,0,0,0,0,0,0,0,0,0,0,0,0,0
PCM,0,0,0,0,0,0,0,0,0,0,0,0,0,0,0,0
PCM,0,0,0,0,0,0,0,0,0,0,0,0,0,0,0,0
PCM,0,0,0,0,0,0,0,0,0,0,0,0,0,0,0,0
PCM,0,0,0,0,0,0,0,0,0,0,0,0,0,0,0,0
PCM,0,0,0,0,0,0,0,0,0,0,0,0,0,0,0,0
PCM,0,0,0,0,0,0,0,0,0,0,0,0,0,0,0,0
PCM,0,0,0,0,0,0,0,0,0,0,0,0,0,0,0,0
PCM,0,0,0,0,0,0,0,0,0,0,0,0,0,0,0,0
PCM,0,0,0,0,0,0,0,0,0,0,0,0,0,0,0,0
PCM,0,0,0,0,0,0,0,0,0,0,0,0,0,0,0,0
PCM,0,0,0,0,0,0,0,0,0,0,0,0,0,0,0,0
PCM,0,0,0,0,0,0,0,0,0,0,0,0,0,0,0,0
PCM,0,0,0,0,0,0,0,0,0,0,0,0,0,0,0,0
PCM,0,0,0,0,0,0,0,0,0,0,0,0,0,0,0,0
PCM,0,0,0,0,0,0,0,0,0,0,0,0,0,0,0,0
PCM,0,0,0,0,0,0,0,0,0,0,0,0,0,0,0,0
PCM,0,0,0,0,0,0,0,0,0,0,0,0,0,0,0,0
PCM,0,0,0,0,0,0,0,0,0,0,0,0,0,0,0,0
PCM,0,0,0,0,0,0,0,0,0,0,0,0,0,0,0,0
PCM,0,0,0,0,0,0,0,0,0,0,0,0,0,0,0,0
PCM,0,0,0,0,0,0,0,0,0,0,0,0,0,0,0,0
PCM,0,0,0,0,0,0,0,0,0,0,0,0,0,0,0,0
PCM,0,0,0,0,0,0,0,0,0,0,0,0,0,0,0,0
PCM,0,0,0,0,0,0,0,0,0,0,0,0,0,0,0,0
PCM,0,0,0,0,0,0,0,0,0,0,0,0,0,0,0,0
PCM,0,0,0,0,0,0,0,0,0,0,0,0,0,0,0,0
PCM,0,0,0,0,0,0,0,0,0,0,0,0,0,0,0,0
PCM,0,0,0,0,0,0,0,0,0,0,0,0,0,0,0,0
PCM,0,0,0,0,0,0,0,0,0,0,0,0,0,0,0,0
PCM,0,0,0,0,0,0,0,0,0,0,0,0,0,0,0,0
PCM,0,0,0,0,0,0,0,0,0,0,0,0,0,0,0,0
PCM,0,0,0,0,0,0,0,0,0,0,0,0,0,0,0,0
PCM,0,0,0,0,0,0,0,0,0,0,0,0,0,0,0,0
PCM,0,0,0,0,0,0,0,0,0,0,0,0,0,0,0,0
PCM,0,0,0,0,0,0,0,0,0,0,0,0,0,0,0,0
PCM,0,0,0,0,0,0,0,0,0,0,0,0,0,0,0,0
PCM,0,0,0,0,0,0,0,0,0,0,0,0,0,0,0,0
PCM,0,0,0,0,0,0,0,0,0,0,0,0,0,0,0,0
PCM,0,0,0,0,0,0,0,0,0,0,0,0,0,0,0,0
PCM,0,0,0,0,0,0,0,0,0,0,0,0,0,0,0,0
PCM,0,0,0,0,0,0,0,0,0,0,0,0,0,0,0,0
PCM,0,0,0,0,0,0,0,0,0,0,0,0,0,0,0,0
PCM,0,0,0,0,0,0,0,0,0,0,0,0,0,0,0,0
PCM,0,0,0,0,0,0,0,0,0,0,0,0,0,0,0,0
PCM,0,0,0,0,0,0,0,0,0,0,0,0,0,0,0,0
PCM,0,0,0,0,0,0,0,0,0,0,0,0,0,0,0,0
PCM,0,0,0,0,0,0,0,0,0,0,0,0,0,0,0,0
PCM,0,0,0,0,0,0,0,0,0,0,0,0,0,0,0,0
PCM,0,0,0,0,0,0,0,0,0,0,0,0,0,0,0,0
PCM,0,0,0,0,0,0,0,0,0,0,0,0,0,0,0,0
PCM,0,0,0,0,0,0,0,0,0,0,0,0,0,0,0,0
PCM,0,0,0,0,0,0,0,0,0,0,0,0,0,0,0,0
PCM,0,0,0,0,0,0,0,0,0,0,0,0,0,0,0,0
PCM,0,0,0,0,0,0,0,0,0,0,0,0,0,0,0,0
PCM,0,0,0,0,0,0,0,0,0,0,0,0,0,0,0,0
PCM,0,0,0,0,0,0,0,0,0,0,0,0,0,0,0,0
PCM,0,0,0,0,0,0,0,0,0,0,0,0,0,0,0,0
PCM,0,0,0,0,0,0,0,0,0,0,0,0,0,0,0,0
PCM,0,0,0,0,0,0,0,0,0,0,0,0,0,0,0,0
PCM,0,0,0,0,0,0,0,0,0,0,0,0,0,0,0,0
PCM,0,0,0,0,0,0,0,0,0,0,0,0,0,0,0,0
PCM,0,0,0,0,0,0,0,0,0,0,0,0,0,0,0,0
PCM,0,0,0,0,0,0,0,0,0,0,0,0,0,0,0,0
PCM,0,0,0,0,0,0,0,0,0,0,0,0,0,0,0,0
PCM,0,0,0,0,0,0,0,0,0,0,0,0,0,0,0,0
PCM,0,0,0,0,0,0,0,0,0,0,0,0,0,0,0,0
PCM,0,0,0,0,0,0,0,0,0,0,0,0,0,0,0,0
PCM,0,0,0,0,0,0,0,0,0,0,0,0,0,0,0,0
PCM,0,0,0,0,0,0,0,0,0,0,0,0,0,0,0,0
PCM,0,0,0,0,0,0,0,0,0,0,0,0,0,0,0,0
PCM,0,0,0,0,0,0,0,0,0,0,0,0,0,0,0,0
PCM,0,0,0,0,0,0,0,0,0,0,0,0,0,0,0,0
PCM,0,0,0,0,0,0,0,0,0,0,0,0,0,0,0,0
PCM,0,0,0,0,0,0,0,0,0,0,0,0,0,0,0,0
PCM,0,0,0,0,0,0,0,0,0,0,0,0,0,0,0,0
PCM,0,0,0,0,0,0,0,0,0,0,0,0,0,0,0,0
PCM,0,0,0,0,0,0,0,0,0,0,0,0,0,0,0,0
PCM,0,0,0,0,0,0,0,0,0,0,0,0,0,0,0,0
PCM,0,0,0,0,0,0,0,0,0,0,0,0,0,0,0,0
PCM,0,0,0,0,0,0,0,0,0,0,0,0,0,0,0,0
PCM,0,0,0,0,0,0,0,0,0,0,0,0,0,0,0,0
PCM,0,0,0,0,0,0,0,0,0,0,0,0,0,0,0,0
PCM,0,0,0,0,0,0,0,0,0,0,0,0,0,0,0,0
PCM,0,0,0,0,0,0,0,0,0,0,0,0,0,0,0,0
PCM,0,0,0,0,0,0,0,0,0,0,0,0,0,0,0,0
PCM,0,0,0,0,0,0,0,0,0,0,0,0,0,0,0,0
PCM,0,0,0,0,0,0,0,0,0,0,0,0,0,0,0,0
PCM,0,0,0,0,0,0,0,0,0,0,0,0,0,0,0,0
PCM,0,0,0,0,0,0,0,0,0,0,0,0,0,0,0,0
PCM,0,0,0,0,0,0,0,0,0,0,0,0,0,0,0,0
PCM,0,0,0,0,0,0,0,0,0,0,0,0,0,0,0,0
PCM,0,0,0,0,0,0,0,0,0,0,0,0,0,0,0,0
PCM,0,0,0,0,0,0,0,0,0,0,0,0,0,0,0,0
PCM,0,0,0,0,0,0,0,0,0,0,0,0,0,0,0,0
PCM,0,0,0,0,0,0,0,0,0,0,0,0,0,0,0,0
PCM,0,0,0,0,0,0,0,0,0,0,0,0,0,0,0,0
PCM,0,0,0,0,0,0,0,0,0,0,0,0,0,0,0,0
PCM,0,0,0,0,0,0,0,0,0,0,0,0,0,0,0,0
PCM,0,0,0,0,0,0,0,0,0,0,0,0,0,0,0,0
PCM,0,0,0,0,0,0,0,0,0,0,0,0,0,0,0,0
PCM,0,0,0,0,0,0,0,0,0,0,0,0,0,0,0,0
PCM,0,0,0,0,0,0,0,0,0,0,0,0,0,0,0,0
PCM,0,0,0,0,0,0,0,0,0,0,0,0,0,0,0,0
PCM,0,0,0,0,0,0,0,0,0,0,0,0,0,0,0,0
PCM,0,0,0,0,0,0,0,0,0,0,0,0,0,0,0,0
PCM,0,0,0,0,0,0,0,0,0,0,0,0,0,0,0,0
PCM,0,0,0,0,0,0,0,0,0,0,0,0,0,0,0,0
PCM,0,0,0,0,0,0,0,0,0,0,0,0,0,0,0,0
PCM,0,0,0,0,0,0,0,0,0,0,0,0,0,0,0,0
PCM,0,0,0,0,0,0,0,0,0,0,0,0,0,0,0,0
PCM,0,0,0,0,0,0,0,0,0,0,0,0,0,0,0,0
PCM,0,0,0,0,0,0,0,0,0,0,0,0,0,0,0,0
PCM,0,0,0,0,0,0,0,0,0,0,0,0,0,0,0,0
PCM,0,0,0,0,0,0,0,0,0,0,0,0,0,0,0,0
PCM,0,0,0,0,0,0,0,0,0,0,0,0,0,0,0,0
PCM,0,0,0,0,0,0,0,0,0,0,0,0,0,0,0,0
PCM,0,0,0,0,0,0,0,0,0,0,0,0,0,0,0,0
PCM,0,0,0,0,0,0,0,0,0,0,0,0,0,0,0,0
PCM,0,0,0,0,0,0,0,0,0,0,0,0,0,0,0,0
PCM,0,0,0,0,0,0,0,0,0,0,0,0,0,0,0,0
PCM,0,0,0,0,0,0,0,0,0,0,0,0,0,0,0,0
PCM,0,0,0,0,0,0,0,0,0,0,0,0,0,0,0,0
PCM,0,0,0,0,0,0,0,0,0,0,0,0,0,0,0,0
PCM,0,0,0,0,0,0,0,0,0,0,0,0,0,0,0,0
PCM,0,0,0,0,0,0,0,0,0,0,0,0,0,0,0,0
PCM,0,0,0,0,0,0,0,0,0,0,0,0,0,0,0,0
PCM,0,0,0,0,0,0,0,0,0,0,0,0,0,0,0,0
PCM,0,0,0,0,0,0,0,0,0,0,0,0,0,0,0,0
PCM,0,0,0,0,0,0,0,0,0,0,0,0,0,0,0,0
PCM,0,0,0,0,0,0,0,0,0,0,0,0,0,0,0,0
PCM,0,0,0,0,0,0,0,0,0,0,0,0,0,0,0,0
PCM,0,0,0,0,0,0,0,0,0,0,0,0,0,0,0,0
PCM,0,0,0,0,0,0,0,0,0,0,0,0,0,0,0,0
PCM,0,0,0,0,0,0,0,0,0,0,0,0,0,0,0,0
PCM,0,0,0,0,0,0,0,0,0,0,0,0,0,0,0,0
PCM,0,0,0,0,0,0,0,0,0,0,0,0,0,0,0,0
PCM,0,0,0,0,0,0,0,0,0,0,0,0,0,0,0,0
PCM,0,0,0,0,0,0,0,0,0,0,0,0,0,0,0,0
PCM,0,0,0,0,0,0,0,0,0,0,0,0,0,0,0,0
PCM,0,0,0,0,0,0,0,0,0,0,0,0,0,0,0,0
PCM,0,0,0,0,0,0,0,0,0,0,0,0,0,0,0,0
PCM,0,0,0,0,0,0,0,0,0,0,0,0,0,0,0,0
PCM,0,0,0,0,0,0,0,0,0,0,0,0,0,0,0,0
PCM,0,0,0,0,0,0,0,0,0,0,0,0,0,0,0,0
PCM,0,0,0,0,0,0,0,0,0,0,0,0,0,0,0,0
PCM,0,0,0,0,0,0,0,0,0,0,0,0,0,0,0,0
PCM,0,0,0,0,0,0,0,0,0,0,0,0,0,0,0,0
PCM,0,0,0,0,0,0,0,0,0,0,0,0,0,0,0,0
PCM,0,0,0,0,0,0,0,0,0,0,0,0,0,0,0,0
PCM,0,0,0,0,0,0,0,0,0,0,0,0,0,0,0,0
PCM,0,0,0,0,0,0,0,0,0,0,0,0,0,0,0,0
PCM,0,0,0,0,0,0,0,0,0,0,0,0,0,0,0,0
PCM,0,0,0,0,0,0,0,0,0,0,0,0,0,0,0,0
PCM,0,0,0,0,0,0,0,0,0,0,0,0,0,0,0,0
PCM,0,0,0,0,0,0,0,0,0,0,0,0,0,0,0,0
PCM,0,0,0,0,0,0,0,0,0,0,0,0,0,0,0,0
PCM,0,0,0,0,0,0,0,0,0,0,0,0,0,0,0,0
PCM,0,0,0,0,0,0,0,0,0,0,0,0,0,0,0,0
PCM,0,0,0,0,0,0,0,0,0,0,0,0,0,0,0,0
PCM,0,0,0,0,0,0,0,0,0,0,0,0,0,0,0,0
PCM,0,0,0,0,0,0,0,0,0,0,0,0,0,0,0,0
PCM,0,0,0,0,0,0,0,0,0,0,0,0,0,0,0,0
PCM,0,0,0,0,0,0,0,0,0,0,0,0,0,0,0,0
PCM,0,0,0,0,0,0,0,0,0,0,0,0,0,0,0,0
PCM,0,0,0,0,0,0,0,0,0,0,0,0,0,0,0,0
PCM,0,0,0,0,0,0,0,0,0,0,0,0,0,0,0,0
PCM,0,0,0,0,0,0,0,0,0,0,0,0,0,0,0,0
PCM,0,0,0,0,0,0,0,0,0,0,0,0,0,0,0,0
PCM,0,0,0,0,0,0,0,0,0,0,0,0,0,0,0,0
PCM,0,0,0,0,0,0,0,0,0,0,0,0,0,0,0,0
PCM,0,0,0,0,0,0,0,0,0,0,0,0,0,0,0,0
PCM,0,0,0,0,0,0,0,0,0,0,0,0,0,0,0,0
PCM,0,0,0,0,0,0,0,0,0,0,0,0,0,0,0,0
PCM,0,0,0,0,0,0,0,0,0,0,0,0,0,0,0,0
PCM,0,0,0,0,0,0,0,0,0,0,0,0,0,0,0,0
PCM,0,0,0,0,0,0,0,0,0,0,0,0,0,0,0,0
PCM,0,0,0,0,0,0,0,0,0,0,0,0,0,0,0,0
PCM,0,0,0,0,0,0,0,0,0,0,0,0,0,0,0,0
PCM,0,0,0,0,0,0,0,0,0,0,0,0,0,0,0,0
PCM,0,0,0,0,0,0,0,0,0,0,0,0,0,0,0,0
PCM,0,0,0,0,0,0,0,0,0,0,0,0,0,0,0,0
PCM,0,0,0,0,0,0,0,0,0,0,0,0,0,0,0,0
PCM,0,0,0,0,0,0,0,0,0,0,0,0,0,0,0,0
PCM,0,0,0,0,0,0,0,0,0,0,0,0,0,0,0,0
PCM,0,0,0,0,0,0,0,0,0,0,0,0,0,0,0,0
PCM,0,0,0,0,0,0,0,0,0,0,0,0,0,0,0,0
PCM,0,0,0,0,0,0,0,0,0,0,0,0,0,0,0,0
PCM,0,0,0,0,0,0,0,0,0,0,0,0,0,0,0,0
PCM,0,0,0,0,0,0,0,0,0,0,0,0,0,0,0,0
PCM,0,0,0,0,0,0,0,0,0,0,0,0,0,0,0,0
PCM,0,0,0,0,0,0,0,0,0,0,0,0,0,0,0,0
PCM,0,0,0,0,0,0,0,0,0,0,0,0,0,0,0,0
PCM,0,0,0,0,0,0,0,0,0,0,0,0,0,0,0,0
PCM,0,0,0,0,0,0,0,0,0,0,0,0,0,0,0,0
PCM,0,0,0,0,0,0,0,0,0,0,0,0,0,0,0,0
PCM,0,0,0,0,0,0,0,0,0,0,0,0,0,0,0,0
PCM,0,0,0,0,0,0,0,0,0,0,0,0,0,0,0,0
PCM,0,0,0,0,0,0,0,0,0,0,0,0,0,0,0,0
PCM,0,0,0,0,0,0,0,0,0,0,0,0,0,0,0,0
PCM,0,0,0,0,0,0,0,0,0,0,0,0,0,0,0,0
PCM,0,0,0,0,0,0,0,0,0,0,0,0,0,0,0,0
PCM,0,0,0,0,0,0,0,0,0,0,0,0,0,0,0,0
PCM,0,0,0,0,0,0,0,0,0,0,0,0,0,0,0,0
PCM,0,0,0,0,0,0,0,0,0,0,0,0,0,0,0,0
PCM,0,0,0,0,0,0,0,0,0,0,0,0,0,0,0,0
PCM,0,0,0,0,0,0,0,0,0,0,0,0,0,0,0,0
PCM,0,0,0,0,0,0,0,0,0,0,0,0,0,0,0,0
PCM,0,0,0,0,0,0,0,0,0,0,0,0,0,0,0,0
PCM,0,0,0,0,0,0,0,0,0,0,0,0,0,0,0,0
PCM,0,0,0,0,0,0,0,0,0,0,0,0,0,0,0,0
PCM,0,0,0,0,0,0,0,0,0,0,0,0,0,0,0,0
PCM,0,0,0,0,0,0,0,0,0,0,0,0,0,0,0,0
PCM,0,0,0,0,0,0,0,0,0,0,0,0,0,0,0,0
PCM,0,0,0,0,0,0,0,0,0,0,0,0,0,0,0,0
PCM,0,0,0,0,0,0,0,0,0,0,0,0,0,0,0,0
PCM,0,0,0,0,0,0,0,0,0,0,0,0,0,0,0,0
PCM,0,0,0,0,0,0,0,0,0,0,0,0,0,0,0,0
PCM,0,0,0,0,0,0,0,0,0,0,0,0,0,0,0,0
PCM,0,0,0,0,0,0,0,0,0,0,0,0,0,0,0,0
PCM,0,0,0,0,0,0,0,0,0,0,0,0,0,0,0,0
PCM,0,0,0,0,0,0,0,0,0,0,0,0,0,0,0,0
PCM,0,0,0,0,0,0,0,0,0,0,0,0,0,0,0,0
PCM,0,0,0,0,0,0,0,0,0,0,0,0,0,0,0,0
PCM,0,0,0,0,0,0,0,0,0,0,0,0,0,0,0,0
PCM,0,0,0,0,0,0,0,0,0,0,0,0,0,0,0,0
PCM,0,0,0,0,0,0,0,0,0,0,0,0,0,0,0,0
PCM,0,0,0,0,0,0,0,0,0,0,0,0,0,0,0,0
PCM,0,0,0,0,0,0,0,0,0,0,0,0,0,0,0,0
PCM,0,0,0,0,0,0,0,0,0,0,0,0,0,0,0,0
PCM,0,0,0,0,0,0,0,0,0,0,0,0,0,0,0,0
PCM,0,0,0,0,0,0,0,0,0,0,0,0,0,0,0,0
PCM,0,0,0,0,0,0,0,0,0,0,0,0,0,0,0,0
PCM,0,0,0,0,0,0,0,0,0,0,0,0,0,0,0,0
PCM,0,0,0,0,0,0,0,0,0,0,0,0,0,0,0,0
PCM,0,0,0,0,0,0,0,0,0,0,0,0,0,0,0,0
PCM,0,0,0,0,0,0,0,0,0,0,0,0,0,0,0,0
PCM,0,0,0,0,0,0,0,0,0,0,0,0,0,0,0,0
PCM,0,0,0,0,0,0,0,0,0,0,0,0,0,0,0,0
PCM,0,0,0,0,0,0,0,0,0,0,0,0,0,0,0,0
PCM,0,0,0,0,0,0,0,0,0,0,0,0,0,0,0,0
PCM,0,0,0,0,0,0,0,0,0,0,0,0,0,0,0,0
PCM,0,0,0,0,0,0,0,0,0,0,0,0,0,0,0,0
PCM,0,0,0,0,0,0,0,0,0,0,0,0,0,0,0,0
PCM,0,0,0,0,0,0,0,0,0,0,0,0,0,0,0,0
PCM,0,0,0,0,0,0,0,0,0,0,0,0,0,0,0,0
PCM,0,0,0,0,0,0,0,0,0,0,0,0,0,0,0,0
PCM,0,0,0,0,0,0,0,0,0,0,0,0,0,0,0,0
PCM,0,0,0,0,0,0,0,0,0,0,0,0,0,0,0,0
PCM,0,0,0,0,0,0,0,0,0,0,0,0,0,0,0,0
PCM,0,0,0,0,0,0,0,0,0,0,0,0,0,0,0,0
PCM,0,0,0,0,0,0,0,0,0,0,0,0,0,0,0,0
PCM,0,0,0,0,0,0,0,0,0,0,0,0,0,0,0,0
PCM,0,0,0,0,0,0,0,0,0,0,0,0,0,0,0,0
PCM,0,0,0,0,0,0,0,0,0,0,0,0,0,0,0,0
PCM,0,0,0,0,0,0,0,0,0,0,0,0,0,0,0,0
PCM,0,0,0,0,0,0,0,0,0,0,0,0,0,0,0,0
PCM,0,0,0,0,0,0,0,0,0,0,0,0,0,0,0,0
PCM,0,0,0,0,0,0,0,0,0,0,0,0,0,0,0,0
PCM,0,0,0,0,0,0,0,0,0,0,0,0,0,0,0,0
PCM,0,0,0,0,0,0,0,0,0,0,0,0,0,0,0,0
PCM,0,0,0,0,0,0,0,0,0,0,0,0,0,0,0,0
PCM,0,0,0,0,0,0,0,0,0,0,0,0,0,0,0,0
PCM,0,0,0,0,0,0,0,0,0,0,0,0,0,0,0,0
PCM,0,0,0,0,0,0,0,0,0,0,0,0,0,0,0,0
PCM,0,0,0,0,0,0,0,0,0,0,0,0,0,0,0,0
PCM,0,0,0,0,0,0,0,0,0,0,0,0,0,0,0,0
PCM,0,0,0,0,0,0,0,0,0,0,0,0,0,0,0,0
PCM,0,0,0,0,0,0,0,0,0,0,0,0,0,0,0,0
PCM,0,0,0,0,0,0,0,0,0,0,0,0,0,0,0,0
PCM,0,0,0,0,0,0,0,0,0,0,0,0,0,0,0,0
PCM,0,0,0,0,0,0,0,0,0,0,0,0,0,0,0,0
PCM,0,0,0,0,0,0,0,0,0,0,0,0,0,0,0,0
PCM,0,0,0,0,0,0,0,0,0,0,0,0,0,0,0,0
PCM,0,0,0,0,0,0,0,0,0,0,0,0,0,0,0,0
PCM,0,0,0,0,0,0,0,0,0,0,0,0,0,0,0,0
PCM,0,0,0,0,0,0,0,0,0,0,0,0,0,463,479,465
PCM,388,427,443,458,493,423,383,328,298,391,388,389,483,405,337,465
PCM,453,351,353,361,332,361,423,335,263,333,272,326,385,274,381,298
PCM,224,321,270,279,361,374,314,377,372,417,493,429,413,316,389,435
PCM,358,455,407,355,391,347,262,246,379,337,293,321,262,290,332,330
PCM,270,286,333,335,307,365,444,351,307,300,316,333,358,230,170,232
PCM,172,268,270,279,449,355,291,274,235,235,214,221,221,244,182,188
PCM,152,96,87,26,-41,-80,-74,-34,-56,-56,-14,-42,-86,-132,-164,-213
PCM,-152,-171,-187,-84,-70,-27,10,19,40,45,61,99,96,33,33,67
PCM,61,77,101,82,128,207,131,103,218,165,207,248,149,186,93,-2
PCM,47,71,65,54,82,65,37,87,115,110,79,-11,-90,-62,-55,-74
PCM,-41,-84,-92,-100,-125,-132,-118,-96,-181,-180,-141,-183,-132,-153,-287,-306
PCM,-306,-319,-334,-392,-376,-278,-294,-343,-334,-292,-241,-261,-183,-157,-225,-139
PCM,-106,-136,-70,-66,-97,12,3,-41,19,7,63,63,26,117,145,179
PCM,128,24,110,89,59,123,93,82,89,67,126,89,-13,15,-14,27
PCM,27,-70,-44,-82,-148,-153,-195,-247,-171,-164,-223,-148,-239,-273,-305,-343
PCM,-396,-526,-468,-510,-459,-459,-510,-519,-540,-505,-589,-551,-561,-510,-468,-491
PCM,-428,-418,-357,-338,-315,-209,-195,-209,-143,-136,-44,41,63,145,161,230
PCM,254,258,330,218,188,282,248,284,358,307,337,388,365,318,312,369
PCM,391,405,249,147,152,33,27,-27,-92,-39,-58,-96,-94,-122,-173,-231
PCM,-306,-398,-468,-440,-547,-538,-468,-638,-663,-707,-659,-633,-656,-619,-686,-619
PCM,-571,-445,-412,-430,-305,-255,-225,-155,-114,-72,110,170,226,224,222,421
PCM,402,409,474,556,699,606,609,662,671,731,748,753,695,747,755,727
PCM,720,681,632,630,604,493,483,407,385,375,210,55,-11,-56,-150,-222
PCM,-414,-486,-519,-675,-722,-833,-1018,-1053,-1056,-1197,-1311,-1482,-1513,-1464,-1522,-1440
PCM,-1471,-1508,-1422,-1406,-1380,-1273,-1153,-1002,-812,-716,-521,-452,-424,-222,-78,81
PCM,205,298,469,534,701,880,938,973,1029,1093,1089,1232,1208,1096,1161,1206
PCM,1194,1178,1194,1154,1069,1089,1077,1077,998,874,860,769,771,662,427,369
PCM,258,138,89,-90,-208,-343,-528,-691,-847,-943,-1102,-1345,-1522,-1649,-1873,-1961
PCM,-2072,-2251,-2386,-2497,-2462,-2454,-2441,-2420,-2344,-2108,-1931,-1833,-1573,-1346,-1241,-929
PCM,-693,-503,-139,-6,96,409,651,808,980,1184,1414,1542,1616,1690,1741,1843
PCM,1825,1801,1779,1669,1650,1699,1650,1628,1634,1507,1465,1417,1373,1333,1316,1147
PCM,975,850,620,513,312,145,-39,-206,-257,-444,-612,-907,-1150,-1318,-1568,-1736
PCM,-2042,-2211,-2446,-2705,-2750,-2828,-2900,-2979,-3096,-3074,-2808,-2594,-2441,-2283,-2123,-1856
PCM,-1573,-1207,-927,-750,-596,-327,61,235,467,511,523,820,1022,1180,1319,1317
PCM,1367,1497,1623,1763,1715,1609,1674,1779,1820,1948,1866,1781,1936,1910,1966,2011
PCM,1882,1866,1850,1818,1797,1639,1403,1240,1143,1029,771,423,200,-80,-217,-334
PCM,-798,-1217,-1480,-1705,-1975,-2313,-2569,-2840,-3126,-3233,-3239,-3186,-3325,-3299,-2919,-2748
PCM,-2569,-2357,-2218,-1889,-1545,-1176,-877,-810,-489,-94,168,361,457,618,838,1123
PCM,1236,1219,1289,1463,1570,1685,1816,1813,1727,1706,2003,2143,2047,2063,2071,2057
PCM,2177,2328,2261,2159,2079,2187,2282,2143,1983,1876,1767,1622,1594,1381,1113,824
PCM,483,323,33,-311,-638,-1034,-1295,-1535,-1897,-2317,-2605,-2847,-3165,-3233,-3176,-3299
PCM,-3497,-3617,-3386,-3028,-2865,-2703,-2478,-2213,-1826,-1331,-1004,-740,-535,-143,393,581
PCM,715,759,898,1017,1212,1553,1441,1411,1427,1433,1590,1648,1532,1451,1477,1548
PCM,1706,1636,1470,1516,1634,1769,1916,2015,1990,2049,2159,2238,2440,2417,2373,2370
PCM,2343,2488,2467,2260,2122,1926,1760,1612,1353,980,546,180,-150,-489,-925,-1281
PCM,-1775,-2269,-2452,-2784,-3211,-3675,-3919,-3913,-4000,-3965,-4056,-4082,-3650,-3219,-2989,-2720
PCM,-2412,-2094,-1464,-943,-656,-271,121,562,948,1205,1403,1592,1816,1971,2150,2240
PCM,2111,2145,2184,2093,2119,2094,1997,1908,1806,1822,1787,1804,1855,1729,1731,1785
PCM,1878,1878,1760,1801,1934,2131,2099,1992,2013,1902,1888,1886,1636,1401,1300,1170
PCM,929,586,131,-94,-257,-623,-1074,-1640,-1988,-2290,-2774,-3246,-3724,-4058,-4165,-4147
PCM,-4370,-4716,-4611,-3982,-3399,-3414,-3274,-2734,-2204,-1571,-1096,-826,-570,-48,639,989
PCM,1129,1477,1795,2006,2203,2308,2389,2248,2206,2284,2166,2055,1910,1690,1391,1298
PCM,1491,1467,1296,1177,1182,1216,1305,1469,1467,1449,1526,1781,2001,2108,2069,1948
PCM,2081,2261,2331,2303,2150,2043,2097,1994,1760,1676,1435,1091,822,509,33,-364
PCM,-872,-1459,-1937,-2478,-2870,-3410,-3861,-4189,-4476,-4458,-4669,-4994,-4744,-4161,-3833,-3717
PCM,-3315,-2752,-2271,-1597,-1042,-629,5,457,838,1642,2456,2488,2246,2646,3280,3628
PCM,3134,2500,2705,2980,2604,1969,1697,1509,1411,1252,841,600,713,693,355,149
PCM,369,674,558,393,556,1129,1580,1595,1521,1701,2219,2604,2651,2580,2649,2878
PCM,3050,2811,2518,2496,2217,1846,1521,1035,467,-132,-826,-1426,-2139,-2913,-3520,-4351
PCM,-5058,-5680,-5889,-5929,-6481,-7128,-6989,-5813,-5163,-5488,-5323,-4291,-3190,-2496,-2007,-1468
PCM,-856,54,998,1463,1797,2495,2992,3001,3111,3663,3967,3558,3089,2990,3039,2880
PCM,2393,1693,1054,975,1087,646,45,-253,-333,-528,-585,-533,-631,-583,-489,-194
PCM,123,367,651,723,998,1409,1850,2264,2465,2705,2804,2980,3562,3814,3493,3108
PCM,3001,3071,2866,2377,1769,1117,528,33,-609,-1524,-2378,-3144,-3961,-4699,-5384,-6064
PCM,-7078,-7853,-8215,-8277,-7770,-7865,-8973,-9434,-7060,-4798,-5418,-6088,-4913,-2764,-1603,-979
PCM,-345,-36,1166,2667,3319,3276,3809,4851,4584,3953,4443,5222,4677,3359,3009,3083
PCM,3029,2667,1484,222,-80,813,818,-559,-1148,-849,-396,-338,-130,168,40,447
PCM,1274,1910,2260,2635,2941,2807,3113,3950,4336,3757,3097,3065,2946,2759,2178,1085
PCM,-60,-925,-1299,-2357,-3671,-5054,-6360,-7476,-8271,-7275,-7203,-9730,-11561,-9213,-5562,-5985
PCM,-7921,-7363,-5237,-3241,-1895,-1565,-1923,-865,1546,2729,2317,2790,4489,4797,3791,3988
PCM,5304,5463,4045,2976,2679,2757,3190,2365,59,-1448,-390,799,-533,-2118,-2496,-2096
PCM,-1462,-1037,-937,-1398,-983,228,962,1375,2093,3192,3333,3352,4343,5670,6473,6366
PCM,6118,6039,6761,7675,7464,6099,4884,5059,5157,4308,3050,1737,525,-400,-1023,-2122
PCM,-3555,-4794,-5889,-6943,-7909,-8463,-9141,-10498,-11736,-12183,-10772,-9082,-9879,-11941,-11237,-6728
PCM,-3996,-4634,-5275,-3764,-668,1568,2928,2735,2646,4647,6612,6860,6144,6687,7576,6962
PCM,6053,6115,6371,5496,3950,2688,1916,1848,1801,415,-1975,-2608,-1380,-972,-1851,-2788
PCM,-2847,-1981,-684,395,497,458,1646,3284,4340,4882,5698,6431,6757,7041,7407,7771
PCM,7613,7218,6308,5325,4878,4435,3535,1567,-392,-1659,-2645,-3752,-5618,-7736,-9723,-10672
PCM,-11303,-12285,-11942,-11120,-12174,-14030,-11991,-7168,-5504,-6889,-6927,-4165,-955,1606,2860,2284
PCM,2411,5035,7966,8251,7248,7457,8335,8133,7411,7393,6849,5415,4111,3120,2108,1419
PCM,945,-535,-2800,-3406,-2309,-2130,-3052,-4023,-4023,-3153,-1603,-215,-289,-211,1344,3568
PCM,4904,5373,5858,6877,8083,8713,8916,8632,8717,8950,8399,7158,6037,5715,5032,3361
PCM,1280,-418,-1549,-2677,-4163,-6418,-8788,-10090,-10612,-11624,-13273,-14722,-15088,-13318,-11215,-11889
PCM,-13810,-11925,-6446,-3293,-3905,-4161,-1995,1516,4542,5707,4928,4703,7311,9604,9087,8051
PCM,8003,8385,7650,6272,5489,4508,3020,1560,165,-1531,-2440,-2527,-3606,-5609,-6293,-5221
PCM,-4506,-4562,-4692,-4269,-3149,-1249,1077,2291,2651,3651,5835,7896,8970,9224,9248,9594
PCM,9864,10119,9780,8890,7991,6810,5550,4087,2781,1528,-357,-2740,-4941,-6156,-7198,-8605
PCM,-10499,-12826,-14257,-14339,-14418,-15173,-14392,-11913,-11030,-12464,-10839,-5256,-1677,-1410,-1053,1140
PCM,3535,6097,8165,7780,6751,7506,9525,9868,8232,7085,6735,5531,3864,2878,1449,-735
PCM,-2394,-3297,-4868,-6493,-6386,-6189,-7479,-8394,-7217,-5245,-4394,-3889,-2633,-1593,117,2767
PCM,5034,6492,7280,8640,9597,10570,11860,12205,11286,9425,8638,8753,8360,6723,4389,2236
PCM,789,61,-886,-2736,-5149,-6702,-7783,-8599,-9581,-10763,-11969,-13424,-14126,-13896,-13523,-13915
PCM,-12253,-8456,-6964,-8535,-7681,-1561,3470,4208,3619,4260,6021,8485,10576,9689,7153,6487
PCM,7629,7689,5972,4202,3034,1353,-563,-1476,-2444,-4261,-5776,-6255,-6850,-7611,-7193,-6358
PCM,-6660,-6209,-4186,-2712,-1903,-607,2075,3952,4898,6322,8439,10827,11600,11387,10743,10894
PCM,11723,11699,9915,6710,4868,4695,4449,2618,147,-1870,-3239,-3639,-3996,-5064,-6674,-7752
PCM,-7907,-7830,-8285,-8779,-9183,-9707,-10237,-10362,-10269,-10233,-7535,-3288,-2478,-5349,-5047,1365
PCM,6944,7615,5745,4791,5487,7462,9314,8039,4618,2747,3329,3477,1822,-143,-1231,-2386
PCM,-3842,-4732,-5400,-6284,-7001,-6476,-6221,-6697,-6381,-5325,-3889,-2569,-1007,0,943,2793
PCM,4536,6693,8039,8826,9717,10908,11932,11644,11576,10890,9715,8513,7151,5675,3827,2331
PCM,1123,-60,-1422,-2617,-3277,-3434,-3787,-4000,-4300,-4820,-4911,-4827,-4750,-5618,-6187,-6569
PCM,-7551,-8563,-9118,-9154,-9626,-7644,-3488,-2304,-5207,-5617,546,6200,6781,5097,4171,4463
PCM,5930,7805,7119,3878,1797,2498,3244,1741,-647,-1585,-1927,-2762,-3474,-4432,-5989,-6950
PCM,-5611,-4149,-4764,-5390,-4798,-3426,-1213,827,1735,1894,2614,4783,7515,9107,8968,8629
PCM,9692,11491,11799,10305,8202,7304,7336,6712,4717,1946,305,235,671,-269,-2412,-3603
PCM,-3096,-2092,-1760,-2705,-4052,-4518,-3977,-3334,-4070,-5762,-7770,-9134,-9477,-9537,-10287,-9874
PCM,-5583,-2492,-4453,-7098,-3030,4745,8044,7236,5016,3719,4619,7503,8840,5866,1739,735
PCM,2066,2099,-124,-2279,-3058,-3915,-4286,-4402,-5683,-7767,-7695,-5158,-3842,-4216,-4629,-3474
PCM,-1446,999,3465,4560,4616,5011,7023,9458,10584,10437,9719,9492,10093,10681,10323,7822
PCM,5449,4729,4369,3568,1421,-56,-315,-547,-1348,-2462,-2668,-2255,-1290,-776,-1977,-3657
PCM,-3754,-2792,-2692,-4302,-6903,-9249,-10601,-10802,-10941,-12188,-11647,-6655,-2884,-4412,-6549,-2021
PCM,5789,9548,9817,8151,6285,6248,8836,10514,7689,3431,1706,2111,1804,-714,-2989,-4230
PCM,-5465,-5885,-6048,-7361,-9746,-9682,-6618,-4539,-4346,-4478,-3422,-1663,1054,4369,6375,6600
PCM,6447,7613,9388,11447,12324,11220,9383,8703,9423,9290,7443,4926,3161,2041,1351,556
PCM,-327,-1106,-1579,-1698,-2067,-2058,-1651,-844,-350,-949,-2167,-2901,-2756,-3028,-4146,-6106
PCM,-8841,-11276,-12677,-12742,-13605,-13715,-9016,-3495,-2905,-6400,-4460,3681,10417,13071,11447,8403
PCM,6415,8031,10644,9126,5039,1882,841,-114,-2766,-5156,-6168,-6601,-6996,-7438,-8642,-11120
PCM,-11482,-7780,-3434,-2092,-2657,-2611,-1404,1860,6847,9978,9713,7963,7751,9566,11381,12690
PCM,12049,9685,7559,7002,7181,5592,3252,1906,1075,-28,-1571,-2531,-2471,-1854,-1225,-1306
PCM,-1583,-1599,-665,799,1087,-2,-1484,-2088,-2483,-3856,-5941,-8498,-11123,-13316,-14466,-14984
PCM,-15825,-12527,-5382,-1722,-4118,-5211,1428,9437,14141,15169,12916,9316,7640,8872,9057,6548
PCM,3329,514,-2253,-5237,-7929,-8600,-8180,-8078,-8422,-9313,-10888,-12030,-9113,-3595,516,1665
PCM,888,912,2653,7198,12093,13731,11502,8306,7898,9276,10447,10228,8154,5230,3335,2888
PCM,2208,723,-127,-264,-577,-1329,-2037,-1919,-1083,616,1755,1537,964,667,1275,2105
PCM,2024,669,-1287,-2967,-4937,-7356,-9540,-11788,-14502,-17022,-18175,-18855,-16212,-7971,-1069,-2054
PCM,-5376,-215,9731,16093,17936,16545,12431,8348,7840,8214,5779,2031,-965,-3583,-6834,-10626
PCM,-12164,-11213,-9663,-8380,-7878,-8895,-10839,-9447,-3190,3425,6148,5489,4224,4216,6896,12036
PCM,15296,13164,8028,5457,6067,6538,5954,4618,2097,-637,-1373,-1169,-2114,-2499,-364,1882
PCM,2129,1236,1219,2672,4992,7222,7580,6049,4006,2850,3180,3324,2214,41,-2742,-5381
PCM,-7971,-10292,-12218,-14286,-16269,-18291,-19946,-20893,-21116,-15012,-2891,4881,1922,-1682,5155,15602
PCM,21792,22729,19284,12187,6615,6153,5886,1858,-3913,-8315,-10306,-11652,-13871,-14993,-13912,-10929
PCM,-7477,-4515,-4049,-5857,-4474,2343,10179,12841,10695,7963,6601,8228,11528,12463,8348,2651
PCM,916,1258,476,-1478,-2684,-2925,-2311,-209,1001,13,103,3326,7508,9777,9511,8281
PCM,7399,8184,9361,8536,5719,2535,648,-14,-955,-3462,-6732,-8331,-8746,-10028,-12875,-15615
PCM,-17363,-18535,-18253,-17827,-17981,-19162,-14499,-1595,8529,7826,3192,7707,16944,22291,22763,19210
PCM,12359,6132,4698,3157,-2835,-9853,-12929,-11925,-11016,-12482,-14384,-14189,-11241,-5667,121,2592
PCM,191,-1243,3365,10254,13421,11882,8678,5586,4025,4783,6162,3649,-1241,-3436,-2372,-2098
PCM,-3520,-3455,-1780,783,4240,6701,6079,5268,8055,12284,13890,12934,11113,9262,7499,6188
PCM,4457,1658,-1141,-2972,-4502,-6748,-9060,-10341,-10084,-9322,-9625,-11308,-13355,-14562,-14991,-14258
PCM,-13024,-13176,-13838,-14577,-9420,2426,11751,10580,4990,7838,15174,19590,19304,15616,9435,3661
PCM,630,-3016,-8915,-13527,-14453,-11955,-9746,-10947,-13358,-13466,-9127,-2539,3349,5753,2910,41
PCM,2340,8552,12159,10180,6113,2298,970,1679,2495,971,-2796,-3682,-1450,662,578,-116
PCM,1363,4598,9546,12518,10495,7072,6954,10123,12648,12275,9580,5230,1890,706,-201,-1972
PCM,-4426,-6149,-7201,-7780,-8526,-9271,-9444,-8542,-7006,-6637,-7823,-9348,-9986,-9649,-8905,-8587
PCM,-10217,-12673,-14987,-12631,-1398,10282,10912,2894,2936,11202,17132,18743,18016,13218,4786,-802
PCM,-3297,-7505,-12654,-14118,-11591,-8575,-9809,-12627,-13311,-10545,-4515,2572,7703,6183,1458,1003
PCM,5995,10957,11391,9128,5946,2904,1291,1978,2711,574,-1080,924,3562,2950,943,1493
PCM,3804,7246,11330,12278,8945,5364,5299,7069,7420,6420,4802,2435,-417,-3325,-5579,-6867
PCM,-6585,-5110,-3940,-4412,-6421,-7641,-6848,-4925,-3441,-3156,-3863,-5031,-6495,-7092,-7245,-7978
PCM,-10255,-12058,-12887,-13815,-7593,4369,10664,4872,1356,8610,15944,17946,16529,13713,6453,-263
PCM,-3372,-6196,-10448,-13680,-13297,-10694,-9376,-10417,-10587,-8070,-3104,2992,8506,9681,6371,4216
PCM,7483,12941,14270,10566,6025,3580,2598,3069,4489,2688,-1830,-3318,385,3143,1916,1600
PCM,2846,4937,7218,9246,8373,5409,4948,6837,7425,4821,1637,-542,-1798,-2394,-2872,-4474
PCM,-6557,-6957,-4880,-2506,-1901,-2580,-3304,-3137,-2388,-1623,-1689,-2833,-4325,-5818,-6351,-7402
PCM,-8943,-11109,-12931,-14831,-15952,-8194,3683,9200,3749,2101,9824,15478,16617,15580,13988,6900
PCM,240,-2404,-6038,-11988,-15671,-13615,-9447,-7281,-7296,-7279,-5949,-2339,3624,10101,12073,9200
PCM,6663,8462,12043,12218,9260,5846,3869,2447,1804,1458,-1601,-5233,-4947,-289,2429,1270
PCM,110,676,2677,5811,9298,9248,6482,4767,5067,5021,3443,1936,817,-682,-2541,-3959
PCM,-5541,-7356,-7388,-4464,-1524,-1069,-1945,-2884,-3963,-4263,-2733,-1297,-1396,-2756,-4687,-6416
PCM,-7804,-8396,-8617,-10551,-12784,-15297,-15353,-7802,3370,9610,6146,5288,10013,13401,14747,14391
PCM,12716,6747,1715,-1292,-7004,-13378,-16120,-14186,-9183,-4466,-2706,-4327,-5142,-1499,4814,11065
PCM,13482,12008,9430,9158,10785,10101,6315,2375,1386,1463,1147,77,-3551,-7324,-6521,-740
PCM,3168,2177,987,1449,3162,5556,7914,7462,4101,2544,3955,4614,2665,-466,-2900,-3380
PCM,-2424,-1255,-2414,-5163,-6699,-5481,-2915,-1318,-911,-1446,-1607,-875,200,349,-169,-750
PCM,-1909,-3738,-5337,-7257,-10677,-13921,-15513,-15509,-16611,-13768,-3509,6574,8516,5157,7715,12305
PCM,14407,15226,15765,13039,5846,96,-4774,-10176,-13975,-13557,-9547,-5024,-2830,-3193,-3998,-2183
PCM,2133,7604,12834,14085,11305,8061,7872,8337,6016,3329,2516,1938,-80,-1619,-3619,-6937
PCM,-7943,-4367,701,1598,112,-434,447,2405,4769,6341,5153,2960,2495,3011,2250,375
PCM,-432,-60,-132,-482,-1181,-1979,-2599,-2150,-501,838,1486,1113,562,-74,-1171,-1712
PCM,-1997,-2249,-3715,-6058,-7839,-9531,-11343,-13132,-13551,-14108,-15058,-16058,-11295,71,10033,11705
PCM,8332,10954,15113,17771,18792,18254,13862,5769,45,-4982,-10587,-14412,-13778,-9874,-6158,-3945
PCM,-3462,-3824,-1666,3576,10121,13538,12588,9692,6951,7014,8009,7137,3779,403,-1837,-4052
PCM,-5022,-5780,-7806,-9528,-7943,-3506,-1134,-273,781,2510,4745,7100,8896,7919,6115,5783
PCM,6348,5487,3091,1307,79,-1030,-1273,-1247,-1895,-3007,-3249,-2218,-1313,-679,-1018,-2372
PCM,-3460,-3675,-2940,-2710,-3371,-4593,-5323,-4984,-4899,-5627,-7637,-9140,-9955,-11011,-11446,-11800
PCM,-6832,2342,10001,11268,8968,11222,13946,16439,17216,15299,9987,2864,-2304,-7630,-12007,-14080
PCM,-13545,-10120,-5448,-2457,-2070,-2285,3,4159,8441,10838,9922,7385,5139,5670,5526,2175
PCM,-2249,-4859,-4683,-4522,-4021,-5295,-8261,-9273,-6273,-368,2925,3550,3419,4687,7417,9527
PCM,9655,7378,5085,4343,4647,3475,318,-3724,-6971,-7416,-5492,-4348,-4448,-4214,-2970,-1343
PCM,-291,936,1906,2565,3384,4065,3004,-311,-3492,-4356,-3263,-2661,-3592,-5699,-8245,-9746
PCM,-10055,-9199,-8726,-9470,-10935,-12295,-7354,1973,8713,9014,8395,12261,15069,16224,14926,11444
PCM,6705,2289,-259,-4706,-10359,-14520,-15569,-11935,-6706,-2740,-2317,-3577,-2318,1337,6030,8073
PCM,7222,5269,4363,5786,6578,4463,-86,-3780,-4993,-4798,-4068,-4706,-6223,-6062,-3982,-1098
PCM,662,1904,3217,4950,8111,9755,8417,5093,2282,1973,2129,1787,514,-1733,-3662,-4575
PCM,-3508,-2444,-2762,-3204,-2819,-1350,288,1500,1706,1143,447,147,-66,-475,-1506,-3110
PCM,-4316,-5396,-6497,-8166,-9619,-10317,-10517,-10004,-10513,-8807,-2490,4385,7030,7181,10502,14268
PCM,15658,14918,12818,9147,4383,493,-3350,-8219,-12420,-14007,-11942,-8252,-6114,-5021,-4269,-2293
PCM,1210,5343,8202,7715,5811,4733,5341,5759,4015,729,-2197,-3390,-4070,-3929,-3712,-4488
PCM,-4947,-3399,-456,968,1414,2250,4204,6371,8030,8087,5930,3099,1431,1799,2447,2159
PCM,827,-981,-2887,-4012,-3673,-2410,-1120,-134,706,968,536,319,878,1745,2439,2662
PCM,1576,-568,-2394,-2895,-2995,-3722,-4925,-5994,-6525,-7193,-7440,-7370,-7046,-7374,-8523,-10108
PCM,-8690,-2608,4159,7671,7719,9415,11537,12535,12006,9731,6888,4148,2006,-1269,-6340,-11635
PCM,-14448,-13010,-8790,-4490,-1794,-1234,-888,123,2208,4441,5169,4693,4423,5485,6032,4368
PCM,739,-2078,-2197,-790,820,737,-1663,-4104,-4506,-2420,305,1904,2858,3598,4484,4914
PCM,4770,4366,3686,3846,5129,5888,4517,1971,242,-475,-844,-1120,-1652,-2742,-3726,-3800
PCM,-2909,-2016,-1193,82,1041,1307,1226,560,-1086,-2503,-2717,-2225,-2979,-5163,-7388,-8299
PCM,-8235,-8245,-8665,-9944,-8164,-3007,2823,5981,7017,8538,9443,10154,10198,8980,6568,3848
PCM,910,-2694,-7161,-10366,-11315,-9667,-6577,-4128,-2487,-1933,-649,1769,4284,5872,5837,5018
PCM,4737,5081,5341,4083,1723,-239,-1048,-615,-239,-746,-1903,-2193,-983,868,1669,1725
PCM,2381,3757,5252,6137,6564,5747,4087,3524,3950,3988,2521,664,-770,-1921,-2492,-2462
PCM,-2346,-2720,-2671,-1835,-707,31,759,1692,2361,2405,1941,1170,-259,-1696,-2719,-3625
PCM,-5328,-7923,-9958,-10943,-10766,-9846,-9169,-6966,-3134,827,3846,5894,8039,9295,10260,10968
PCM,10326,7961,4588,1250,-1438,-3957,-6024,-7059,-7020,-6064,-4883,-3218,-1736,-195,1660,3345
PCM,4568,4723,4303,4009,4554,5194,4216,2431,254,-1139,-1392,-542,458,-97,-889,-846
PCM,511,1850,2606,3610,4735,6148,7531,8012,7160,5107,3633,3133,2964,2632,1296,-41
PCM,-1152,-1886,-2273,-2770,-2898,-2227,-521,1085,1683,934,-464,-1084,-917,-227,-301,-1338
PCM,-2444,-3690,-4671,-6050,-7633,-8621,-8428,-7402,-6799,-6546,-5337,-2538,1140,4273,6248,7306
PCM,7594,8576,9389,9023,7216,4266,1427,-1303,-3543,-5094,-6384,-6818,-6090,-4564,-2661,-1583
PCM,-684,755,2755,4679,5192,4640,3700,3349,3894,4173,3658,2157,527,-322,-554,-354
PCM,-148,57,441,1071,1802,2552,3063,3771,4626,6188,7568,7304,5907,4157,3524,3122
PCM,2709,2371,1310,-291,-2011,-3307,-4140,-4583,-4100,-2907,-1722,-960,-1023,-1215,-1100,-459
PCM,657,1264,1008,-638,-2522,-3090,-3082,-3482,-4790,-6270,-7655,-8173,-7736,-6836,-5255,-3288
PCM,-390,2159,3725,4802,5769,6812,7450,6894,5196,2454,-436,-2858,-4831,-5573,-5973,-5476
PCM,-4342,-3086,-1872,-1243,-387,924,2442,3908,4271,3837,3184,2908,3004,2999,2718,1609
PCM,747,207,165,236,-56,0,502,1751,3133,4011,4327,4106,4155,4361,4644,4783
PCM,4257,3614,2321,548,-1221,-2816,-3455,-3515,-3054,-2471,-2418,-2506,-2408,-1875,-1374,-1078
PCM,-538,31,743,929,-46,-1406,-2774,-2995,-2733,-2638,-3277,-5205,-6728,-7611,-7440,-7004
PCM,-6289,-4897,-3114,-865,1071,2626,3568,3976,4176,3860,3296,2860,1885,337,-1788,-3710
PCM,-4683,-4529,-3404,-2016,-867,-171,465,792,1055,1628,2194,2593,2860,3242,3240,2411
PCM,1469,996,1441,2205,2463,2173,1721,1387,1189,1379,1941,1839,1725,2612,3473,3825
PCM,2962,2261,2260,2045,1830,1256,240,-1053,-1840,-1789,-1666,-2155,-2647,-2457,-1526,-338
PCM,-11,-640,-1694,-2668,-3084,-2845,-2597,-2775,-3118,-3406,-3671,-4167,-4847,-5358,-5617,-5613
PCM,-5061,-4469,-3750,-2780,-1967,-347,1855,3994,4904,4665,4159,3661,3004,1763,138,-1297
PCM,-2136,-2613,-2742,-2851,-2861,-2633,-1249,813,2447,3333,3078,2439,2047,2291,2969,3196
PCM,3022,2305,1486,916,735,852,999,1739,2415,2665,2266,1115,202,69,978,2294
PCM,2751,2463,1783,1648,2029,2117,2133,1525,1220,1403,1582,1236,-94,-1348,-2223,-2438
PCM,-2353,-2547,-2666,-2884,-3016,-3035,-3205,-3364,-3274,-2533,-1716,-1227,-1327,-2072,-2714,-2536
PCM,-2221,-2295,-2817,-3539,-3689,-3527,-2879,-2355,-2257,-2106,-1538,-473,286,566,556,634
PCM,1121,1530,1576,1296,581,-94,-209,346,741,773,852,1124,1182,898,748,715
PCM,848,1220,2073,2560,2210,1370,657,866,1512,2409,2688,2236,1846,1658,1955,2154
PCM,2308,2166,2069,2105,1790,1574,1437,1548,1648,1644,1456,1013,389,-215,-748,-1267
PCM,-1961,-2652,-3090,-3434,-3420,-3265,-2879,-2406,-2023,-1517,-1213,-1192,-1199,-1366,-1694,-2037
PCM,-2181,-2104,-1953,-1693,-1693,-2221,-2859,-2963,-2346,-1394,-748,-199,-222,-642,-696,-396
PCM,490,1286,1706,1906,2212,2312,1882,1521,1548,1855,1827,1484,1109,411,26,210
PCM,611,773,594,776,1117,1623,2401,2896,2688,2486,2735,3037,2839,2119,1630,1504
PCM,1704,1858,1616,1015,413,105,77,-116,-540,-925,-802,-432,-241,-199,-710,-1136
PCM,-1338,-1211,-547,-403,-990,-1750,-2673,-3414,-3754,-3750,-3545,-3364,-3098,-3344,-3718,-3760
PCM,-3485,-2830,-2323,-1700,-1313,-1072,-844,-707,-640,-990,-1058,-603,-62,163,103,21
PCM,107,483,1178,1790,2203,2477,2623,2981,2974,2704,2192,1636,1477,1224,857,785
PCM,973,1022,964,811,797,910,1266,1760,1858,1451,1220,1431,1699,1755,1539,1294
PCM,936,829,1063,1317,1047,472,-55,-378,-180,-169,-317,-345,-243,-136,-378,-682
PCM,-1083,-1066,-357,198,89,-735,-1700,-2575,-2828,-2273,-1886,-2169,-2919,-3330,-3123,-2808
PCM,-2607,-2468,-2229,-1454,-568,57,89,-281,-76,430,1261,1759,1950,1922,1300,1057
PCM,970,952,940,1029,1431,1858,2119,1720,1222,1180,1767,2785,3305,2773,1674,918
PCM,717,762,597,335,326,304,45,-345,-640,-672,-414,399,1226,1107,636,548
PCM,959,1363,1467,1113,272,-60,31,51,-334,-971,-1543,-2000,-1721,-988,-689,-895
PCM,-1292,-1529,-1368,-1235,-983,-705,-619,-468,-726,-1148,-1605,-1761,-1255,-788,-821,-1480
PCM,-2293,-2643,-2385,-2028,-1617,-967,-675,-508,26,709,945,797,1083,1598,1799,1734
PCM,1720,1544,1049,606,361,236,263,499,818,926,634,574,542,499,451,500
PCM,864,733,644,530,149,-489,-953,-693,-456,-233,-52,212,349,161,339,685
PCM,901,1087,1244,1200,665,-32,-705,-1271,-1540,-1840,-2190,-2199,-1983,-1754,-1585,-1627
PCM,-1538,-1231,-661,-237,-283,-347,-417,-319,-343,-680,-1146,-1541,-1730,-1640,-1290,-1181
PCM,-1513,-1909,-1983,-1714,-1396,-1171,-659,-102,266,697,924,874,898,1059,1168,1164
PCM,1164,994,542,284,200,210,474,662,485,145,165,393,560,556,546,367
PCM,95,224,177,154,279,636,721,419,19,-772,-1275,-1124,-352,224,514,460
PCM,77,71,198,458,506,316,95,-289,-610,-874,-1259,-1722,-1863,-1700,-1482,-1322
PCM,-1083,-654,-146,175,266,96,-294,-245,57,135,81,-166,-510,-659,-700,-812
PCM,-1013,-877,-498,-382,-249,-247,-350,-549,-589,-11,411,625,1035,1484,1830,1888
PCM,1715,1316,884,783,910,964,757,385,248,385,539,653,511,256,309,762
PCM,1328,1330,674,79,-116,-36,534,884,737,318,-55,-52,-364,-554,-800,-707
PCM,-575,-565,-475,-1002,-1080,-997,-702,-241,21,-80,-528,-587,-666,-631,-607,-661
PCM,-736,-816,-478,-134,13,-181,-136,40,258,163,-289,-178,-333,-712,-735,-378
PCM,-187,-361,-320,-199,-190,89,346,307,379,580,683,449,377,651,845,1124
PCM,1383,1795,1574,773,518,697,1075,1065,723,556,290,262,319,720,878,218
PCM,276,671,1045,824,409,609,346,-9,-74,-350,-570,-1074,-1152,-721,-941,-1259
PCM,-1422,-1074,-656,-261,-278,-535,-278,-90,751,1059,725,474,-11,-104,-90,57
PCM,-267,-1037,-1044,-977,-867,-740,-1178,-1348,-1118,-596,-259,-251,-322,-176,530,713
PCM,447,558,767,604,908,1055,1303,1247,312,300,137,149,377,451,415,516
PCM,781,775,1124,1194,1400,1683,1876,1321,871,1140,558,274,389,145,-253,-571
PCM,-422,75,188,-359,-791,-575,-382,-185,544,866,532,-291,-629,-327,-347,-348
PCM,-143,71,-146,-400,-610,-730,-529,-82,188,119,-458,-595,-13,-138,-317,-512
PCM,-487,-805,-1195,-780,-746,-633,-1104,-1144,-969,-1169,-1074,-1164,-716,-18,707,767
PCM,427,286,279,520,1022,1152,914,725,430,715,811,65,-587,-464,-273,430
PCM,1029,550,-88,-418,-50,678,912,687,1065,1272,968,397,249,260,-217,349
PCM,469,210,-291,-677,-343,-257,-30,-311,33,-27,-64,389,149,-132,-384,138
PCM,284,-208,-595,-498,-96,-297,-287,-517,-698,-979,-1289,-791,-796,-596,-665,-772
PCM,-432,-247,282,24,-341,-865,-784,184,389,453,3,-403,-943,-710,-222,-362
PCM,-11,-30,110,31,35,284,-428,-327,346,1024,1403,600,679,367,188,799
PCM,815,1117,451,101,168,-364,-373,-341,-259,17,-398,-261,-20,-682,110,778
PCM,1008,441,-141,1335,936,342,641,908,815,337,-173,112,135,-515,-225,-217
PCM,-334,-972,-999,-684,-579,-480,-22,-74,-615,-410,-617,-243,-2,196,236,-213
PCM,112,1,-209,-136,282,523,-13,-635,-410,-347,-417,-556,-132,242,-1098,-408
PCM,-155,-11,-36,-320,641,-203,-64,-88,-160,284,-311,486,667,773,790,365
PCM,435,-181,235,-127,-939,-406,-110,305,-473,-916,-313,-74,210,580,1126,140
PCM,51,126,342,757,212,542,827,829,516,55,-30,101,-354,-247,-430,-403
PCM,-529,-1072,-1030,-995,-1011,-1146,-947,-387,-352,-860,-549,-777,-341,-652,-526,110
PCM,-327,347,332,419,344,-591,10,165,-2,-124,-90,35,-561,-152,-27,54
PCM,-289,-245,693,95,318,616,-436,-313,-947,-535,-243,-860,-881,-881,-434,-943
PCM,-542,-76,-90,-237,-213,880,63,7,323,-324,133,69,353,-42,-11,188
PCM,-157,342,186,518,992,481,622,75,739,685,-34,248,-291,355,-430,-292
PCM,-370,-366,-211,-921,-376,-833,-645,-786,-473,152,-247,-44,-368,24,685,230
PCM,488,660,950,429,553,600,249,630,-108,333,-32,-60,-90,-605,31,-338
PCM,-554,-348,-257,121,202,372,230,-120,-362,-167,-185,-125,-329,-596,-251,-1171
PCM,-384,-514,-482,-535,-166,262,121,586,604,1799,751,940,140,93,407,-341
PCM,586,266,-100,-559,-400,590,151,-76,21,12,597,539,556,-305,-86,119
PCM,536,35,112,112,-378,-111,-333,546,-484,-1122,-1134,-863,-125,184,339,-222
PCM,81,395,154,419,-209,952,279,514,198,-201,481,-965,-55,-903,-707,-1066
PCM,-1088,-642,-985,-557,-320,-322,-141,-241,-436,12,-90,441,-257,-587,-448,-237
PCM,-368,-192,-693,-338,-148,-352,41,194,829,-233,-251,-766,110,214,-501,240
PCM,-236,82,-264,-155,-194,-960,-94,-111,184,-13,-605,-654,-804,409,776,799
PCM,511,110,792,165,69,759,61,430,279,423,210,-361,-301,-473,117,142
PCM,158,-166,-384,-150,248,472,-334,-100,-138,1,79,-418,99,-478,-155,-526
PCM,-223,-28,-702,-505,-826,-152,-50,-376,-275,-418,277,421,-42,-162,166,711
PCM,-267,-192,-233,-233,-341,-663,-434,-308,-143,-494,-556,-680,-86,-267,-152,-155
PCM,-141,226,-157,-66,-243,667,667,252,-120,-417,449,-166,333,151,158,1054
PCM,-160,553,423,284,447,131,707,-350,-164,-675,-498,33,-563,277,-243,33
PCM,184,-549,248,-111,785,87,-390,121,-585,82,-1004,-621,-521,-726,-236,-1000
PCM,-793,-784,-444,-180,-679,-185,31,-138,-110,-46,224,912,249,7,409,-102
PCM,572,-110,228,77,-561,-167,-171,-267,-640,-501,-714,-373,-247,-50,-241,-348
PCM,-236,-86,262,145,534,514,597,1015,651,665,425,636,161,61,290,272
PCM,558,-13,254,-64,375,674,676,765,681,542,504,351,-448,-9,-412,-41
PCM,-66,421,878,-86,664,268,1244,1057,365,898,-373,639,-281,-139,-76,-1023
PCM,393,-531,184,-136,-136,562,-72,701,188,634,291,40,202,165,634,67
PCM,347,-245,63,-171,-41,-82,-400,-215,-357,110,-278,-39,19,54,-171,372
PCM,707,358,305,528,776,553,369,801,518,358,41,713,922,444,687,73
PCM,502,453,920,616,460,781,337,912,304,803,817,196,534,-181,518,17
PCM,-90,135,-698,-136,-66,367,586,145,532,128,497,771,415,753,214,622
PCM,85,131,353,-13,520,-130,-20,137,99,244,-157,182,236,367,103,-36
PCM,-247,85,-239,21,290,-181,135,-551,335,35,548,323,-130,513,439,1035
PCM,363,476,873,846,934,449,1045,576,465,541,360,483,-102,467,-125,369
PCM,360,298,639,326,481,103,662,290,344,-74,124,272,377,423,-208,403
PCM,37,427,441,207,126,7,460,323,687,488,63,403,441,623,737,369
PCM,43,17,-56,-50,172,-50,119,-30,-225,-108,-408,63,-501,-324,-86,-208
PCM,-225,-581,-350,-526,-239,99,-271,-498,-303,-88,188,137,-148,210,212,65
PCM,372,425,880,423,441,471,-90,221,481,307,415,67,-478,124,-287,214
PCM,79,-167,349,-187,252,81,13,485,252,731,186,-100,351,-251,486,323
PCM,372,358,-97,298,49,403,224,-220,224,49,71,-50,-118,-229,123,51
PCM,-299,12,-459,-55,-426,-387,-166,-341,-141,-517,-501,-378,-317,-139,-187,-74
PCM,35,-194,43,-545,-259,-9,-281,353,-417,-596,-222,-776,-27,-169,-317,402
PCM,-257,333,262,240,520,126,318,115,-185,-22,-125,-331,-659,-531,-583,-677
PCM,-515,-301,-199,-206,54,-148,260,117,235,443,244,319,330,570,465,-404
PCM,-39,202,-166,270,-122,54,-96,-484,314,-209,65,5,-336,200,-373,63
PCM,-169,-153,-39,-420,196,-589,-573,-694,-426,-354,-269,-60,-707,-220,-722,-241
PCM,147,145,67,-464,29,-348,89,-173,-345,-357,-222,128,-528,-269,-631,-104
PCM,-575,117,55,17,71,-468,520,-543,351,-400,123,246,-491,207,-1076,-487
PCM,-565,-80,-146,49,152,-102,435,184,662,202,532,488,674,627,124,296
PCM,-396,-194,-106,-311,-32,-373,-528,-422,-153,-97,-311,59,-14,361,548,282
PCM,101,-243,312,-412,35,218,-631,133,-1122,15,-762,-197,200,-963,578,-972
PCM,226,-475,-150,242,-173,539,-414,536,-181,-6,-313,-132,-46,-222,-261,-661
PCM,-756,-943,-551,-788,10,-408,-185,7,-194,342,99,457,152,137,71,188
PCM,-299,-292,-27,-818,-122,-412,152,248,-69,184,161,395,-199,205,123,115
PCM,-171,-303,-396,-872,-359,-473,-114,-148,-194,-291,-122,-243,-195,286,260,467
PCM,518,437,69,252,-181,57,112,-229,-110,-770,-494,-406,-851,-255,-410,-382
PCM,-387,-343,182,-432,137,-382,27,224,-111,395,-269,413,-100,13,-92,-472
PCM,-185,-705,-556,-768,-498,-696,-500,-478,-301,75,-106,411,249,186,430,254
PCM,451,296,37,119,-426,-171,-324,-203,-292,-185,-406,-41,-236,-141,-111,-444
PCM,96,-315,147,-164,-30,-108,-472,-42,184,-194,415,-285,-46,-171,-478,17
PCM,-470,-100,-208,-72,347,-376,-96,-264,-178,309,-482,-102,-712,-122,-524,-155
PCM,-48,-486,-341,-169,-206,-247,-195,-559,-130,-267,-354,-521,-784,-303,-659,-148
PCM,-400,-255,-166,-475,-162,-271,242,-496,154,-299,-72,-62,-294,-104,-273,-102
PCM,-82,-414,177,-299,-111,-301,-528,109,-267,-139,-166,-294,105,-470,186,276
PCM,-306,433,-303,230,-313,131,-11,-185,-438,-58,-153,101,-206,-434,1,-362
PCM,-180,140,154,-58,-55,-64,138,-195,-90,-146,-50,191,-209,-208,-20,-816
PCM,194,-220,276,-44,-48,149,-239,-36,-124,17,-50,-42,-637,-180,-601,-480
PCM,-556,87,-412,-305,-76,-444,-458,35,-90,-420,-162,-236,-458,-464,-368,-565
PCM,-155,-426,-120,-438,-96,-382,-211,24,-136,1,636,-18,453,67,367,163
PCM,71,597,-354,248,-320,29,-203,-227,-384,-501,-239,-231,41,27,-39,-11
PCM,-758,318,-171,124,323,-264,581,-482,550,-231,-206,427,-444,298,154,-313
PCM,-141,-652,377,107,202,244,-626,474,-90,184,790,-32,272,175,-146,165
PCM,-173,-46,-233,-292,-44,-503,-222,-110,-800,263,-92,202,-329,-251,17,-505
PCM,630,-812,166,-329,-526,321,-426,850,-538,333,799,-74,1049,194,706,1019
PCM,447,922,138,45,407,-308,679,-114,-301,753,-531,65,151,-357,954,-275
PCM,709,29,-223,721,-830,222,107,105,511,-601,180,-111,-243,403,-472,375
PCM,-36,158,7,337,196,202,594,455,627,321,196,40,184,212,447,96
PCM,147,-239,-450,147,-408,-104,-4,-581,333,-652,-60,-487,-418,266,-203,375
PCM,-9,77,-308,-412,107,5,-199,193,-55,82,288,-194,584,-11,375,600
PCM,194,822,254,339,249,93,-122,202,45,-239,-489,230,-88,-714,411,-317
PCM,218,458,361,421,55,419,-257,403,347,-180,539,205,158,149,193,-30
PCM,-41,803,266,332,910,109,676,469,523,857,230,801,19,495,43,-148
PCM,926,-209,358,161,-257,89,-125,216,-36,158,333,-88,641,193,-106,789
PCM,413,330,929,304,608,121,163,536,-203,711,-392,328,71,41,490,-30
PCM,534,230,725,419,437,500,-11,389,133,238,361,-84,226,184,-55,112
PCM,182,216,453,200,590,168,95,393,-66,518,15,135,326,93,198,-58
PCM,447,96,-48,163,335,342,193,200,138,286,184,556,194,312,351,89
PCM,385,-2,103,-106,-25,-86,43,-46,-139,363,-97,383,177,288,415,333
PCM,409,158,282,497,402,347,293,15,244,-41,-227,232,-361,67,-104,-217
PCM,-56,-375,437,-58,560,365,467,564,395,427,395,207,499,425,-120,112
PCM,-162,367,-436,87,29,-4,360,-46,222,85,429,79,669,469,319,238
PCM,210,119,77,177,-225,323,260,-90,427,256,-34,198,263,502,51,580
PCM,103,-76,145,-141,54,79,-305,-116,-456,37,-366,-162,99,-320,574,-305
PCM,307,-303,-389,138,-211,274,-239,-4,-20,-380,441,-283,73,99,-380,302
PCM,-473,-97,-122,-141,51,-166,305,87,107,191,-110,379,-217,-267,258,-343
PCM,41,-486,15,-357,-505,-50,-489,-39,-315,-245,-66,-148,-187,51,-261,262
PCM,-50,236,-36,-66,198,-376,222,-239,-187,-292,-412,-255,-277,-462,-110,-249
PCM,-132,-69,-195,-122,-486,-18,-297,-366,-30,-693,-46,-442,-130,19,-414,216
PCM,-480,330,-192,-111,208,-333,57,-438,57,-92,-194,-130,-543,55,-275,-434
PCM,107,-243,-150,-124,-313,-20,-505,-11,-589,-74,248,-505,379,-229,-162,168
PCM,-281,458,-324,-197,165,-958,344,-929,-134,91,-807,513,-472,182,-66,-227
PCM,262,-130,95,-132,-390,-41,-489,-110,-472,-333,-114,-776,-134,-336,-120,-269
PCM,63,-203,-69,-350,107,-478,-183,-130,-382,145,-842,-237,-542,-92,-291,1
PCM,-48,-46,-62,0,-223,-517,-104,-324,-116,-370,-432,-320,-303,-348,-294,-301
PCM,13,-60,374,-90,-46,49,-70,499,-269,110,154,-197,-42,10,161,89
PCM,21,293,-72,133,-2,202,81,-275,244,65,179,221,12,177,142,-125
PCM,226,-199,-74,-211,-76,-41,-233,93,-50,-116,-60,154,-231,193,-50,77
PCM,180,51,367,200,367,10,-30,168,-4,286,1,-42,433,-32,37,149
PCM,-220,293,51,248,-18,107,339,-417,451,-152,117,276,-171,304,-66,205
PCM,-18,262,254,41,451,152,89,578,260,268,544,244,112,170,402,119
PCM,180,13,-190,413,-195,214,542,-60,616,55,657,235,184,391,-136,254
PCM,-76,128,105,-277,61,41,-11,149,-114,351,-102,472,-139,328,12,105
PCM,323,47,262,-223,632,-338,502,-39,140,500,-111,542,-90,135,355,-114
PCM,560,-152,499,377,-42,743,-211,455,379,-41,314,-167,437,-97,-521,569
PCM,-714,363,-233,-60,429,-438,481,-329,318,61,24,572,73,212,244,-173
PCM,369,-108,151,-277,-58,205,-500,208,-213,212,21,218,488,258,443,228
PCM,145,447,-176,447,291,-34,319,-176,347,-220,24,-308,-20,133,-303,24
PCM,-403,-138,-283,-90,96,-162,71,-152,-141,49,-354,-78,-494,-44,-74,-343
PCM,240,-599,73,-162,-213,214,-301,175,-354,-299,230,-500,274,-181,170,-13
PCM,-595,54,-668,109,-629,-100,-44,-524,-18,-396,-56,-370,-96,7,-486,-100
PCM,-153,-263,166,-406,-86,-141,-267,-122,-587,-70,-308,-223,71,-426,170,-124
PCM,-11,330,-247,509,-201,-9,-70,-491,140,-387,57,-475,-478,-46,-881,-34
PCM,-732,-543,-14,-696,57,-663,-114,-64,-187,302,-538,138,-362,-341,-62,-637
PCM,-106,-577,-245,-56,-663,15,-610,69,-292,-361,175,-603,79,-498,-187,-245
PCM,-535,-122,-347,-341,-556,-517,-138,-603,-400,-237,-557,-561,-384,-570,-478,-684
PCM,-94,-547,-359,-305,-478,117,-445,-320,-259,-88,-392,-670,-146,-317,-510,-138
PCM,-529,-364,-568,-164,-169,-124,-384,-251,-96,-489,-359,-804,156,-939,-583,-52
PCM,-1138,-257,-828,-116,-821,-846,166,-927,-491,-679,-842,-225,-519,-484,-629,-623
PCM,-178,-1018,-261,-740,-875,-187,-261,-301,-1158,-90,-638,-267,-418,-819,-106,-902
PCM,196,-631,-816,-39,-581,288,-557,-445,179,-394,-9,-294,-724,147,-452,123
PCM,-74,-721,200,-275,81,-243,-366,1,-225,13,-211,-561,-74,-102,-18,-39
PCM,-285,-378,91,-208,19,-194,-291,156,-249,221,-343,-39,47,65,210,-88
PCM,26,19,230,-116,200,-176,-2,238,-160,210,-362,272,270,59,-52,61
PCM,449,37,288,319,63,609,221,123,391,-50,149,49,669,-211,-301,530
PCM,-160,182,24,96,367,221,558,-236,421,172,-141,622,-78,242,260,467
PCM,277,-102,93,188,-76,555,156,214,419,-297,667,96,570,123,200,761
PCM,-418,393,163,500,232,-39,520,142,328,318,-88,437,520,-41,616,57
PCM,411,205,367,388,3,435,186,430,163,572,115,693,546,-273,968,194
PCM,588,266,270,586,-162,609,115,126,578,112,443,423,137,541,5,683
PCM,186,268,790,-9,674,222,556,381,890,305,191,1073,7,1008,-20,928
PCM,288,-56,868,-454,1274,-11,518,743,184,745,-34,929,337,372,745,82
PCM,681,472,-6,648,258,443,415,117,678,49,606,284,342,443,309,831
PCM,-203,469,105,634,307,180,564,-62,1081,95,218,430,711,254,485,553
PCM,274,393,463,504,-14,1005,-55,339,590,79,411,194,179,300,-60,514
PCM,55,151,936,-141,335,449,154,158,51,214,152,-70,307,-436,260,254
PCM,-14,175,-106,316,193,-41,342,175,-364,509,-190,279,-269,21,222,-275
PCM,671,-392,179,-96,344,-150,-275,866,-450,584,166,-359,669,-239,402,93
PCM,161,623,-301,499,316,-66,437,-50,-148,381,-291,147,-64,110,453,-166
PCM,252,-138,-70,444,-176,73,288,-86,163,-13,-64,249,-106,-60,19,-94
PCM,-134,-324,147,358,-538,319,191,-373,534,-229,99,-239,-14,268,-410,67
PCM,-146,-285,474,-125,-56,228,-146,115,-32,109,-209,-331,248,-313,-561,344
PCM,-361,-199,179,-39,-78,-92,-223,91,-384,105,-370,-389,288,-651,276,-400
PCM,240,-247,-58,37,-400,115,-338,1,-487,-185,-271,-157,-406,-430,-176,-529
PCM,-347,-30,-403,-236,-153,-124,123,-736,-55,-162,-556,24,-400,-208,-336,-473
PCM,-155,-327,-243,-551,-36,63,-347,-28,-333,249,-215,-141,430,-398,417,-414
PCM,-72,147,-357,10,-299,263,-468,-237,87,-334,128,-42,-540,381,-64,-229
PCM,177,-275,326,-705,683,-426,-519,495,-440,256,-345,33,-277,67,-27,-225
PCM,82,3,41,-257,151,-466,516,-50,-69,254,-700,347,-557,242,-308,-404
PCM,-39,-257,277,-462,145,-521,286,-32,-638,288,-190,236,-519,69,252,-287
PCM,339,-86,-324,89,-361,415,-169,-236,184,-468,713,-503,40,193,49,429
PCM,-209,137,263,-36,-120,344,-60,103,-82,266,221,-46,282,-58,302,230
PCM,-231,518,73,13,-285,-60,246,-362,107,-361,-16,-148,-303,-86,-223,-6
PCM,-150,182,279,-278,105,152,107,-190,423,5,-180,266,-134,-297,-52,182
PCM,-607,59,-148,-297,-319,7,-132,-510,-70,-157,-195,55,10,-231,486,-368
PCM,298,-345,151,-127,-484,175,-626,506,-303,-90,-211,-215,-195,1,0,-361
PCM,-243,207,7,-414,570,-672,71,-27,-359,443,-547,413,-370,177,375,-334
PCM,506,-146,-39,284,-114,31,-39,-403,-36,-327,284,-535,17,85,-736,240
PCM,-152,-100,-264,272,-34,-315,107,-141,96,-336,437,-69,-259,457,-666,-36
PCM,-173,-271,-143,-299,182,-357,12,218,-261,0,-187,-223,115,-148,260,-227
PCM,-124,1,-392,419,-521,-70,126,-462,-102,-445,-138,-315,-705,26,-417,-438
PCM,-301,-722,-9,-375,33,-220,-450,-84,-225,-494,-153,-589,-482,137,-642,12
PCM,-370,-155,149,-470,332,-357,-155,117,-542,326,-378,-55,-97,-359,-28,-176
PCM,-292,-389,-208,-313,-319,-491,-197,-417,-508,112,-735,-152,-180,-559,47,-839
PCM,383,-694,-292,-201,-619,-20,-375,57,-343,24,-313,33,-70,-236,-206,-160
PCM,-324,-114,-334,-199,-561,-361,-317,-512,-52,-714,81,-478,-243,-333,-500,-27
PCM,-387,-263,-647,-261,-417,-104,-473,-287,-414,-227,-114,-501,29,-654,-122,-619
PCM,282,-410,-124,-143,-396,399,-736,514,-501,24,117,-199,474,-361,152,-319
PCM,-96,-110,-178,-94,-259,-201,-308,-102,-390,-100,-251,-215,40,-118,-257,1
PCM,-69,-173,-275,-277,389,-524,-271,-167,-30,-150,-542,99,-798,180,-201,-579
PCM,-74,15,-90,-331,180,-760,256,-432,47,-139,-370,131,-860,539,-626,-55
PCM,121,-264,65,-480,-13,-239,-111,59,-311,-94,69,-106,-42,-414,59,-125
PCM,-66,95,-14,-130,-88,389,-271,349,-331,-404,165,-341,49,-211,-44,-317
PCM,-152,67,-239,-243,93,-164,-245,330,-143,194,24,-18,96,-39,224,40
PCM,-169,-56,266,-247,82,-120,-30,137,-217,467,-185,196,276,0,166,63
PCM,65,288,105,210,413,-96,379,-132,105,296,59,630,-127,467,-69,40
PCM,447,133,594,79,530,240,463,105,246,137,-9,486,19,409,-62,240
PCM,191,193,147,451,57,105,692,-486,836,-227,138,493,-195,781,-34,365
PCM,479,51,630,395,388,427,103,514,258,399,369,286,513,493,328,580
PCM,290,188,555,93,402,284,179,291,-2,402,266,-48,679,75,397,514
PCM,93,437,502,701,249,669,402,309,246,222,530,-34,717,351,249,781
PCM,124,328,135,409,711,351,578,314,425,342,564,600,81,375,550,403
PCM,332,263,59,419,258,293,430,372,375,595,497,372,693,314,435,305
PCM,369,488,349,639,276,205,218,262,403,232,367,244,369,270,441,249
PCM,272,417,514,481,29,759,29,653,471,252,685,-74,667,128,550,291
PCM,608,282,372,860,346,928,77,572,330,305,423,293,391,59,351,-118
PCM,439,79,31,330,112,460,117,375,254,135,576,328,488,112,316,513
PCM,0,483,101,290,63,208,611,35,300,123,493,423,372,588,147,193
PCM,168,300,1,244,93,274,119,35,644,-208,715,77,430,402,0,655
PCM,-301,618,-106,238,124,349,335,236,580,89,518,-225,246,235,163,268
PCM,-74,451,45,307,372,140,207,528,121,516,355,168,488,-114,330,119
PCM,249,123,-153,349,397,-25,290,81,274,381,-11,602,-74,532,193,-9
PCM,600,-289,542,-139,323,123,202,270,138,393,-220,455,-247,467,-114,65
PCM,254,-247,570,-241,236,89,-9,175,93,3,-2,236,-315,282,12,152
PCM,133,-125,435,-247,208,-20,-255,397,-241,26,175,-222,248,-245,-20,-150
PCM,-259,158,-456,200,45,5,212,-157,43,-380,332,-215,-32,19,-510,210
PCM,-596,539,-505,-183,24,-714,421,-478,256,-283,-86,236,-255,293,-86,-84
PCM,29,5,29,40,-306,-120,-69,-157,-39,-166,-180,-237,1,-4,170,7
PCM,-139,-215,-124,43,-64,-231,-28,-303,-50,-127,-30,138,-354,121,-519,262
PCM,-347,131,35,-275,222,-231,358,-368,-132,-74,-380,-277,26,-139,-452,-157
PCM,-111,-376,79,-225,-27,-247,17,-162,-236,166,-529,221,-62,-138,-41,71
PCM,-236,276,24,214,-25,-76,214,-470,430,-201,256,29,-41,-162,-164,212
PCM,-299,-4,-70,-136,-190,184,-190,-34,-278,-30,-311,-277,-25,-454,307,-500
PCM,-181,-263,-2,17,40,293,-261,-22,-74,-11,-217,177,-225,-157,-50,-209
PCM,-70,-56,242,-127,-11,-69,228,-122,302,-127,-96,180,-400,330,-404,208
PCM,-241,-76,12,-164,79,-178,33,-209,307,-195,216,-58,95,77,-74,335
PCM,-408,152,-269,133,214,-84,453,-30,277,-69,200,-127,-30,107,57,222
PCM,-130,238,-334,302,-220,-197,-122,-69,87,-445,254,-213,82,-114,82,-199
PCM,-32,138,-208,447,-450,606,-327,191,149,-382,402,-595,374,-361,244,-141
PCM,54,222,-36,430,-269,639,-267,221,188,29,307,-253,447,-273,168,-86
PCM,47,-46,-160,214,-392,636,-424,326,-166,-148,333,-666,590,-486,490,-6
PCM,-130,293,-668,600,-464,332,41,-289,254,-521,290,-484,-4,79,-462,296
PCM,-524,242,-319,-157,300,-700,419,-835,82,-278,-408,332,-832,648,-540,140
PCM,81,-480,449,-736,170,-535,-225,51,-718,304,-571,-69,-215,-291,67,-533
PCM,158,-338,-66,-34,-306,1,-370,21,71,13,177,-292,242,-6,-28,298
PCM,-561,244,-368,-199,-166,-577,236,-752,54,-338,-364,5,-528,154,-595,-62
PCM,-350,-392,75,-807,119,-603,-277,-152,-684,300,-939,355,-208,-581,115,-872
PCM,393,-730,-267,19,-677,214,-557,-66,-16,-313,375,-350,40,-25,-494,221
PCM,-500,-42,-259,-531,95,-691,-27,-494,-217,-155,-563,242,-599,-58,-225,-245
PCM,152,-436,-58,-118,-403,1,-426,-201,55,-503,15,-531,-124,-271,-482,395
PCM,-571,151,-389,-561,-206,-943,-213,-666,-292,-100,-370,-171,-436,-368,-201,-102
PCM,33,71,-166,-206,-231,-319,-28,-398,-222,-225,-448,-55,-187,-155,40,40
PCM,-102,-233,-245,-46,-338,65,-181,-122,119,-301,-66,-264,-281,-283,-139,-410
PCM,-111,-267,-194,-106,-684,-52,-675,-515,-249,-986,-227,-458,-459,-80,-724,-211
PCM,-696,-672,-287,-917,-352,-384,-444,-211,-571,-468,-263,-273,-281,-389,-227,-417
PCM,-394,-166,-194,-273,-264,-400,-456,-206,-470,-362,7,-362,-206,-253,-341,-4
PCM,-370,154,-120,-176,110,-269,161,-180,-173,65,-176,-178,-201,-255,121,-96
PCM,-277,107,-422,43,-264,-285,37,-438,-48,-403,-217,-350,-264,-357,-368,-389
PCM,-533,-118,-524,21,-195,-100,85,-229,109,-162,-50,17,-181,-39,0,-92
PCM,-27,-134,17,-70,-243,-169,-241,-143,-76,-84,-92,19,-44,-22,13,31
PCM,168,85,115,51,-64,-28,-62,-28,26,-227,-27,99,-32,367,57,121
PCM,1,-157,296,-44,147,262,121,200,137,79,-39,137,-46,33,13,-139
PCM,-72,-166,81,-76,35,87,-60,-25,-157,-72,-171,-141,-100,-203,-124,3
PCM,-64,-127,-50,-92,95,-62,-64,140,-97,79,51,-55,69,19,19,-20
PCM,-16,-25,-36,-82,-18,-60,-13,-48,-100,110,13,109,69,10,-25,-69
PCM,26,33,99,-30,-9,-4,12,-11,-92,168,73,63,43,51,168,-11
PCM,82,31,180,221,89,236,168,145,224,188,65,168,218,242,214,198
PCM,224,254,300,230,279,235,288,258,316,309,221,277,180,214,152,188
PCM,79,10,45,27,151,124,124,95,61,121,73,123,175,107,179,180
PCM,279,260,249,276,274,447,277,304,207,172,262,61,427,342,214,393
PCM,263,403,393,435,347,369,413,323,374,230,282,170,235,309,198,353
PCM,210,291,361,256,342,180,109,258,63,105,258,7,-2,-2,-28,43
PCM,126,175,221,263,372,342,346,372,335,372,254,274,179,166,381,147
PCM,184,221,35,184,156,307,346,302,391,252,138,147,168,31,13,-62
PCM,-32,3,-60,49,110,252,218,179,318,175,163,288,208,202,205,166
PCM,196,263,291,216,210,282,304,282,288,182,298,333,333,423,291,274
PCM,193,101,168,221,238,232,170,260,119,151,147,115,212,135,105,-9
PCM,172,95,115,101,-62,41,-143,-39,43,35,193,87,51,135,27,67
PCM,124,65,177,154,110,91,67,-13,0,67,152,154,3,93,5,-36
PCM,-153,-211,-138,-183,-162,-185,-194,-187,-225,-203,-160,-183,-116,-223,-241,-236
PCM,-194,-229,-348,-187,-275,-78,-155,-141,-16,-110,69,49,152,117,142,31
PCM,-44,-9,-162,-110,-243,-327,-257,-275,-56,-86,-148,-86,-150,-116,-50,-46
PCM,-74,-166,-111,-150,-404,-287,-354,-320,-303,-278,-194,-273,-122,-139,-78,55
PCM,-20,15,21,-52,-36,-100,-55,-118,-66,-41,-231,5,-55,-116,19,-153
PCM,-110,-150,-195,-320,-220,-150,-143,-72,-206,-39,-157,-171,-241,-338,-277,-362
PCM,-366,-428,-319,-306,-366,-319,-375,-387,-345,-375,-319,-264,-243,-181,-146,-152
PCM,-152,-114,-203,-138,-195,-257,-134,-162,-108,-187,-141,-116,-208,-100,-167,-41
PCM,37,-55,12,-62,-41,-69,-155,-110,-169,-94,-64,-58,21,-84,-76,-74
PCM,-118,-86,-180,-222,-239,-178,-233,-185,-20,-82,-88,-64,-27,-150,-22,7
PCM,-50,3,-30,87,45,17,26,67,13,59,77,13,82,-52,35,107
PCM,63,96,27,-18,54,163,138,202,202,149,232,262,177,274,226,216
PCM,279,193,228,151,208,124,87,91,156,163,82,193,67,142,210,184
PCM,235,207,235,224,163,65,57,3,40,69,29,165,149,170,170,33
PCM,57,43,13,115,77,207,180,85,235,138,109,133,77,140,236,193
PCM,270,421,282,246,274,222,346,351,363,369,335,395,288,284,238,156
PCM,272,156,235,262,236,210,110,180,82,196,207,202,133,85,222,99
PCM,138,142,93,67,-28,19,-44,-106,-127,-102,19,-18,-69,5,37,65
PCM,79,47,-104,-141,-178,-199,12,-118,-118,-42,3,15,-16,-30,-146,-84
PCM,-80,-9,65,67,126,5,107,103,-69,37,40,93,82,119,193,147
PCM,151,165,188,96,89,35,-25,26,-48,-2,79,67,158,168,154,319
PCM,232,235,302,186,288,207,262,212,82,121,81,207,191,188,191,182
PCM,224,140,145,184,145,67,89,156,79,15,21,121,147,91,93,-6
PCM,-28,-78,-160,-27,27,1,10,-104,-42,-78,-153,12,-44,17,101,96
PCM,89,119,151,184,81,57,5,-80,-11,-25,-16,-74,37,-46,0,26
PCM,-108,-20,-52,-27,-32,12,-55,-58,-86,-56,19,-138,-84,-185,-187,-227
PCM,-291,-173,-267,-136,-173,-181,-192,-223,-52,-74,77,45,31,5,-74,-16
PCM,-237,-271,-229,-343,-225,-171,-120,-90,-146,-22,-41,-76,-27,-16,-139,-194
PCM,-192,-327,-166,-9,-2,-60,-78,-118,-217,-199,-201,-146,-138,-195,-239,-110
PCM,13,10,-48,17,107,-9,0,75,73,26,27,40,41,-11,-62,-116
PCM,-180,-110,-125,-104,-58,-78,12,65,-36,-18,3,-28,-143,-180,-118,-331
PCM,-333,-264,-283,-208,-178,-143,-173,-185,-143,-220,-194,-80,-30,7,-88,-56
PCM,-30,-84,-106,-118,-97,-132,-62,-42,-25,-62,-138,-127,-74,-58,-108,-122
PCM,-92,-110,-111,-153,-94,29,-66,-102,-245,-317,-319,-390,-373,-426,-410,-350
PCM,-420,-362,-361,-306,-239,-317,-275,-287,-255,-277,-180,-227,-208,-42,-141,-97
PCM,-215,-245,-311,-305,-223,-303,-185,-233,-118,-69,-180,-78,-52,-171,-211,-209
PCM,-277,-322,-320,-366,-338,-253,-301,-261,-348,-338,-263,-398,-311,-297,-289,-251
PCM,-247,-209,-315,-291,-203,-102,-18,-41,-92,19,-25,15,-2,-74,-86,-127
PCM,63,15,82,121,131,172,161,202,194,179,151,191,99,244,272,151
PCM,262,149,142,123,45,95,117,131,1,0,-16,-9,-18,-66,-11,-94
PCM,-90,-4,24,-125,-116,-58,-88,33,-76,-56,31,43,147,218,244,279
PCM,330,335,182,115,172,85,65,0,71,207,248,149,236,312,222,212
PCM,126,81,135,207,96,123,205,170,131,19,101,235,172,242,262,296
PCM,430,388,409,377,374,391,411,504,409,429,389,307,344,355,405,391
PCM,372,377,379,367,365,391,402,451,360,296,388,353,391,351,333,332
PCM,232,282,305,337,413,506,471,413,402,314,279,369,403,417,481,457
PCM,588,669,651,622,634,690,608,588,574,592,499,430,506,523,488,586
PCM,609,564,625,560,502,514,509,483,457,358,444,530,469,453,497,518
PCM,502,516,548,580,574,588,506,534,572,497,471,504,608,627,560,562
PCM,523,472,435,502,506,405,481,447,443,457,474,532,639,646,602,604
PCM,458,592,513,441,458,389,514,472,425,483,506,527,506,421,471,465
PCM,474,465,471,0,0,0,0,0,0,0,0,0,0,0,0,0
PCM,0,0,0,0,0,0,0,0,0,0,0,0,0,0,0,0
PCM,0,0,0,0,0,0,0,0,0,0,0,0,0,0,0,0
PCM,0,0,0,0,0,0,0,0,0,0,0,0,0,0,0,0
PCM,0,0,0,0,0,0,0,0,0,0,0,0,0,0,0,0
PCM,0,0,0,0,0,0,0,0,0,0,0,0,0,0,0,0
PCM,0,0,0,0,0,0,0,0,0,0,0,0,0,0,0,0
PCM,0,0,0,0,0,0,0,0,0,0,0,0,0,0,0,0
PCM,0,0,0,0,0,0,0,0,0,0,0,0,0,0,0,0
PCM,0,0,0,0,0,0,0,0,0,0,0,0,0,0,0,0
PCM,0,0,0,0,0,0,0,0,0,0,0,0,0,0,0,0
PCM,0,0,0,0,0,0,0,0,0,0,0,0,0,0,0,0
PCM,0,0,0,0,0,0,0,0,0,0,0,0,0,0,0,0
PCM,0,0,0,0,0,0,0,0,0,0,0,0,0,0,0,0
PCM,0,0,0,0,0,0,0,0,0,0,0,0,0,0,0,0
PCM,0,0,0,0,0,0,0,0,0,0,0,0,0,0,0,0
PCM,0,0,0,0,0,0,0,0,0,0,0,0,0,0,0,0
PCM,0,0,0,0,0,0,0,0,0,0,0,0,0,0,0,0
PCM,0,0,0,0,0,0,0,0,0,0,0,0,0,0,0,0
PCM,0,0,0,0,0,0,0,0,0,0,0,0,0,0,0,0
PCM,0,0,0,0,0,0,0,0,0,0,0,0,0,0,0,0
PCM,0,0,0,0,0,0,0,0,0,0,0,0,0,0,0,0
PCM,0,0,0,0,0,0,0,0,0,0,0,0,0,0,0,0
PCM,0,0,0,0,0,0,0,0,0,0,0,0,0,0,0,0
PCM,0,0,0,0,0,0,0,0,0,0,0,0,0,0,0,0
PCM,0,0,0,0,0,0,0,0,0,0,0,0,0,0,0,0
PCM,0,0,0,0,0,0,0,0,0,0,0,0,0,0,0,0
PCM,0,0,0,0,0,0,0,0,0,0,0,0,0,0,0,0
PCM,0,0,0,0,0,0,0,0,0,0,0,0,0,0,0,0
PCM,0,0,0,0,0,0,0,0,0,0,0,0,0,0,0,0
PCM,0,0,0,0,0,0,0,0,0,0,0,0,0,0,0,0
PCM,0,0,0,0,0,0,0,0,0,0,0,0,0,0,0,0
PCM,0,0,0,0,0,0,0,0,0,0,0,0,0,0,0,0
PCM,0,0,0,0,0,0,0,0,0,0,0,0,0,0,0,0
PCM,0,0,0,0,0,0,0,0,0,0,0,0,0,0,0,0
PCM,0,0,0,0,0,0,0,0,0,0,0,0,0,0,0,0
PCM,0,0,0,0,0,0,0,0,0,0,0,0,0,0,0,0
PCM,0,0,0,0,0,0,0,0,0,0,0,0,0,0,0,0
PCM,0,0,0,0,0,0,0,0,0,0,0,0,0,0,0,0
PCM,0,0,0,0,0,0,0,0,0,0,0,0,0,0,0,0
PCM,0,0,0,0,0,0,0,0,0,0,0,0,0,0,0,0
PCM,0,0,0,0,0,0,0,0,0,0,0,0,0,0,0,0
PCM,0,0,0,0,0,0,0,0,0,0,0,0,0,0,0,0
PCM,0,0,0,0,0,0,0,0,0,0,0,0,0,0,0,0
PCM,0,0,0,0,0,0,0,0,0,0,0,0,0,0,0,0
PCM,0,0,0,0,0,0,0,0,0,0,0,0,0,0,0,0
PCM,0,0,0,0,0,0,0,0,0,0,0,0,0,0,0,0
PCM,0,0,0,0,0,0,0,0,0,0,0,0,0,0,0,0
PCM,0,0,0,0,0,0,0,0,0,0,0,0,0,0,0,0
PCM,0,0,0,0,0,0,0,0,0,0,0,0,0,0,0,0
PCM,0,0,0,0,0,0,0,0,0,0,0,0,0,0,0,0
PCM,0,0,0,0,0,0,0,0,0,0,0,0,0,0,0,0
PCM,0,0,0,0,0,0,0,0,0,0,0,0,0,0,0,0
PCM,0,0,0,0,0,0,0,0,0,0,0,0,0,0,0,0
PCM,0,0,0,0,0,0,0,0,0,0,0,0,0,0,0,0
PCM,0,0,0,0,0,0,0,0,0,0,0,0,0,0,0,0
PCM,0,0,0,0,0,0,0,0,0,0,0,0,0,0,0,0
PCM,0,0,0,0,0,0,0,0,0,0,0,0,0,0,0,0
PCM,0,0,0,0,0,0,0,0,0,0,0,0,0,0,0,0
PCM,0,0,0,0,0,0,0,0,0,0,0,0,0,0,0,0
PCM,0,0,0,0,0,0,0,0,0,0,0,0,0,0,0,0
PCM,0,0,0,0,0,0,0,0,0,0,0,0,0,0,0,0
PCM,0,0,0,0,0,0,0,0,0,0,0,0,0,0,0,0
PCM,0,0,0,0,0,0,0,0,0,0,0,0,0,0,0,0
PCM,0,0,0,0,0,0,0,0,0,0,0,0,0,0,0,0
PCM,0,0,0,0,0,0,0,0,0,0,0,0,0,0,0,0
PCM,0,0,0,0,0,0,0,0,0,0,0,0,0,0,0,0
PCM,0,0,0,0,0,0,0,0,0,0,0,0,0,0,0,0
PCM,0,0,0,0,0,0,0,0,0,0,0,0,0,0,0,0
PCM,0,0,0,0,0,0,0,0,0,0,0,0,0,0,0,0
PCM,0,0,0,0,0,0,0,0,0,0,0,0,0,0,0,0
PCM,0,0,0,0,0,0,0,0,0,0,0,0,0,0,0,0
PCM,0,0,0,0,0,0,0,0,0,0,0,0,0,0,0,0
PCM,0,0,0,0,0,0,0,0,0,0,0,0,0,0,0,0
PCM,0,0,0,0,0,0,0,0,0,0,0,0,0,0,0,0
PCM,0,0,0,0,0,0,0,0,0,0,0,0,0,0,0,0
PCM,0,0,0,0,0,0,0,0,0,0,0,0,0,0,0,0
PCM,0,0,0,0,0,0,0,0,0,0,0,0,0,0,0,0
PCM,0,0,0,0,0,0,0,0,0,0,0,0,0,0,0,0
PCM,0,0,0,0,0,0,0,0,0,0,0,0,0,0,0,0
PCM,0,0,0,0,0,0,0,0,0,0,0,0,0,0,0,0
PCM,0,0,0,0,0,0,0,0,0,0,0,0,0,0,0,0
PCM,0,0,0,0,0,0,0,0,0,0,0,0,0,0,0,0
PCM,0,0,0,0,0,0,0,0,0,0,0,0,0,0,0,0
PCM,0,0,0,0,0,0,0,0,0,0,0,0,0,0,0,0
PCM,0,0,0,0,0,0,0,0,0,0,0,0,0,0,0,0
PCM,0,0,0,0,0,0,0,0,0,0,0,0,0,0,0,0
PCM,0,0,0,0,0,0,0,0,0,0,0,0,0,0,0,0
PCM,0,0,0,0,0,0,0,0,0,0,0,0,0,0,0,0
PCM,0,0,0,0,0,0,0,0,0,0,0,0,0,0,0,0
PCM,0,0,0,0,0,0,0,0,0,0,0,0,0,0,0,0
PCM,0,0,0,0,0,0,0,0,0,0,0,0,0,0,0,0
PCM,0,0,0,0,0,0,0,0,0,0,0,0,0,0,0,0
PCM,0,0,0,0,0,0,0,0,0,0,0,0,0,0,0,0
PCM,0,0,0,0,0,0,0,0,0,0,0,0,0,0,0,0
PCM,0,0,0,0,0,0,0,0,0,0,0,0,0,0,0,0
PCM,0,0,0,0,0,0,0,0,0,0,0,0,0,0,0,0
PCM,0,0,0,0,0,0,0,0,0,0,0,0,0,0,0,0
PCM,0,0,0,0,0,0,0,0,0,0,0,0,0,0,0,0
PCM,0,0,0,0,0,0,0,0,0,0,0,0,0,0,0,0
PCM,0,0,0,0,0,0,0,0,0,0,0,0,0,0,0,0
PCM,0,0,0,0,0,0,0,0,0,0,0,0,0,0,0,0
PCM,0,0,0,0,0,0,0,0,0,0,0,0,0,0,0,0
PCM,0,0,0,0,0,0,0,0,0,0,0,0,0,0,0,0
PCM,0,0,0,0,0,0,0,0,0,0,0,0,0,0,0,0
PCM,0,0,0,0,0,0,0,0,0,0,0,0,0,0,0,0
PCM,0,0,0,0,0,0,0,0,0,0,0,0,0,0,0,0
PCM,0,0,0,0,0,0,0,0,0,0,0,0,0,0,0,0
PCM,0,0,0,0,0,0,0,0,0,0,0,0,0,0,0,0
PCM,0,0,0,0,0,0,0,0,0,0,0,0,0,0,0,0
PCM,0,0,0,0,0,0,0,0,0,0,0,0,0,0,0,0
PCM,0,0,0,0,0,0,0,0,0,0,0,0,0,0,0,0
PCM,0,0,0,0,0,0,0,0,0,0,0,0,0,0,0,0
PCM,0,0,0,0,0,0,0,0,0,0,0,0,0,0,0,0
PCM,0,0,0,0,0,0,0,0,0,0,0,0,0,0,0,0
PCM,0,0,0,0,0,0,0,0,0,0,0,0,0,0,0,0
PCM,0,0,0,0,0,0,0,0,0,0,0,0,0,0,0,0
PCM,0,0,0,0,0,0,0,0,0,0,0,0,0,0,0,0
PCM,0,0,0,0,0,0,0,0,0,0,0,0,0,0,0,0
PCM,0,0,0,0,0,0,0,0,0,0,0,0,0,0,0,0
PCM,0,0,0,0,0,0,0,0,0,0,0,0,0,0,0,0
PCM,0,0,0,0,0,0,0,0,0,0,0,0,0,0,0,0
PCM,0,0,0,0,0,0,0,0,0,0,0,0,0,0,0,0
PCM,0,0,0,0,0,0,0,0,0,0,0,0,0,0,0,0
PCM,0,0,0,0,0,0,0,0,0,0,0,0,0,0,0,0
PCM,0,0,0,0,0,0,0,0,0,0,0,0,0,0,0,0
PCM,0,0,0,0,0,0,0,0,0,0,0,0,0,0,0,0
PCM,0,0,0,0,0,0,0,0,0,0,0,0,0,0,0,0
PCM,0,0,0,0,0,0,0,0,0,0,0,0,0,0,0,0
PCM,0,0,0,0,0,0,0,0,0,0,0,0,0,0,0,0
PCM,0,0,0,0,0,0,0,0,0,0,0,0,0,0,0,0
PCM,0,0,0,0,0,0,0,0,0,0,0,0,0,0,0,0
PCM,0,0,0,0,0,0,0,0,0,0,0,0,0,0,0,0
PCM,0,0,0,0,0,0,0,0,0,0,0,0,0,0,0,0
PCM,0,0,0,0,0,0,0,0,0,0,0,0,0,0,0,0
PCM,0,0,0,0,0,0,0,0,0,0,0,0,0,0,0,0
PCM,0,0,0,0,0,0,0,0,0,0,0,0,0,0,0,0
PCM,0,0,0,0,0,0,0,0,0,0,0,0,0,0,0,0
PCM,0,0,0,0,0,0,0,0,0,0,0,0,0,0,0,0
PCM,0,0,0,0,0,0,0,0,0,0,0,0,0,0,0,0
PCM,0,0,0,0,0,0,0,0,0,0,0,0,0,0,0,0
PCM,0,0,0,0,0,0,0,0,0,0,0,0,0,0,0,0
PCM,0,0,0,0,0,0,0,0,0,0,0,0,0,0,0,0
PCM,0,0,0,0,0,0,0,0,0,0,0,0,0,0,0,0
PCM,0,0,0,0,0,0,0,0,0,0,0,0,0,0,0,0
PCM,0,0,0,0,0,0,0,0,0,0,0,0,0,0,0,0
PCM,0,0,0,0,0,0,0,0,0,0,0,0,0,0,0,0
PCM,0,0,0,0,0,0,0,0,0,0,0,0,0,0,0,0
PCM,0,0,0,0,0,0,0,0,0,0,0,0,0,0,0,0
PCM,0,0,0,0,0,0,0,0,0,0,0,0,0,0,0,0
PCM,0,0,0,0,0,0,0,0,0,0,0,0,0,0,0,0
PCM,0,0,0,0,0,0,0,0,0,0,0,0,0,0,0,0
PCM,0,0,0,0,0,0,0,0,0,0,0,0,0,0,0,0
PCM,0,0,0,0,0,0,0,0,0,0,0,0,0,0,0,0
PCM,0,0,0,0,0,0,0,0,0,0,0,0,0,0,0,0
PCM,0,0,0,0,0,0,0,0,0,0,0,0,0,0,0,0
PCM,0,0,0,0,0,0,0,0,0,0,0,0,0,0,0,0
PCM,0,0,0,0,0,0,0,0,0,0,0,0,0,0,0,0
PCM,0,0,0,0,0,0,0,0,0,0,0,0,0,0,0,0
PCM,0,0,0,0,0,0,0,0,0,0,0,0,0,0,0,0
PCM,0,0,0,0,0,0,0,0,0,0,0,0,0,0,0,0
PCM,0,0,0,0,0,0,0,0,0,0,0,0,0,0,0,0
PCM,0,0,0,0,0,0,0,0,0,0,0,0,0,0,0,0
PCM,0,0,0,0,0,0,0,0,0,0,0,0,0,0,0,0
PCM,0,0,0,0,0,0,0,0,0,0,0,0,0,0,0,0
PCM,0,0,0,0,0,0,0,0,0,0,0,0,0,0,0,0
PCM,0,0,0,0,0,0,0,0,0,0,0,0,0,0,0,0
PCM,0,0,0,0,0,0,0,0,0,0,0,0,0,0,0,0
PCM,0,0,0,0,0,0,0,0,0,0,0,0,0,0,0,0
PCM,0,0,0,0,0,0,0,0,0,0,0,0,0,0,0,0
PCM,0,0,0,0,0,0,0,0,0,0,0,0,0,0,0,0
PCM,0,0,0,0,0,0,0,0,0,0,0,0,0,0,0,0
PCM,0,0,0,0,0,0,0,0,0,0,0,0,0,0,0,0
PCM,0,0,0,0,0,0,0,0,0,0,0,0,0,0,0,0
PCM,0,0,0,0,0,0,0,0,0,0,0,0,0,0,0,0
PCM,0,0,0,0,0,0,0,0,0,0,0,0,0,0,0,0
PCM,0,0,0,0,0,0,0,0,0,0,0,0,0,0,0,0
PCM,0,0,0,0,0,0,0,0,0,0,0,0,0,0,0,0
PCM,0,0,0,0,0,0,0,0,0,0,0,0,0,0,0,0
PCM,0,0,0,0,0,0,0,0,0,0,0,0,0,0,0,0
PCM,0,0,0,0,0,0,0,0,0,0,0,0,0,0,0,0
PCM,0,0,0,0,0,0,0,0,0,0,0,0,0,0,0,0
PCM,0,0,0,0,0,0,0,0,0,0,0,0,0,0,0,0
PCM,0,0,0,0,0,0,0,0,0,0,0,0,0,0,0,0
PCM,0,0,0,0,0,0,0,0,0,0,0,0,0,0,0,0
PCM,0,0,0,0,0,0,0,0,0,0,0,0,0,0,0,0
PCM,0,0,0,0,0,0,0,0,0,0,0,0,0,0,0,0
PCM,0,0,0,0,0,0,0,0,0,0,0,0,0,0,0,0
PCM,0,0,0,0,0,0,0,0,0,0,0,0,0,0,0,0
PCM,0,0,0,0,0,0,0,0,0,0,0,0,0,0,0,0
PCM,0,0,0,0,0,0,0,0,0,0,0,0,0,0,0,0
PCM,0,0,0,0,0,0,0,0,0,0,0,0,0,0,0,0
PCM,0,0,0,0,0,0,0,0,0,0,0,0,0,0,0,0
PCM,0,0,0,0,0,0,0,0,0,0,0,0,0,0,0,0
PCM,0,0,0,0,0,0,0,0,0,0,0,0,0,0,0,0
PCM,0,0,0,0,0,0,0,0,0,0,0,0,0,0,0,0
PCM,0,0,0,0,0,0,0,0,0,0,0,0,0,0,0,0
PCM,0,0,0,0,0,0,0,0,0,0,0,0,0,0,0,0
PCM,0,0,0,0,0,0,0,0,0,0,0,0,0,0,0,0
PCM,0,0,0,0,0,0,0,0,0,0,0,0,0,0,0,0
PCM,0,0,0,0,0,0,0,0,0,0,0,0,0,0,0,0
PCM,0,0,0,0,0,0,0,0,0,0,0,0,0,0,0,0
PCM,0,0,0,0,0,0,0,0,0,0,0,0,0,0,0,0
PCM,0,0,0,0,0,0,0,0,0,0,0,0,0,0,0,0
PCM,0,0,0,0,0,0,0,0,0,0,0,0,0,0,0,0
PCM,0,0,0,0,0,0,0,0,0,0,0,0,0,0,0,0
PCM,0,0,0,0,0,0,0,0,0,0,0,0,0,0,0,0
PCM,0,0,0,0,0,0,0,0,0,0,0,0,0,0,0,0
PCM,0,0,0,0,0,0,0,0,0,0,0,0,0,0,0,0
PCM,0,0,0,0,0,0,0,0,0,0,0,0,0,0,0,0
PCM,0,0,0,0,0,0,0,0,0,0,0,0,0,0,0,0
PCM,0,0,0,0,0,0,0,0,0,0,0,0,0,0,0,0
PCM,0,0,0,0,0,0,0,0,0,0,0,0,0,0,0,0
PCM,0,0,0,0,0,0,0,0,0,0,0,0,0,0,0,0
PCM,0,0,0,0,0,0,0,0,0,0,0,0,0,0,0,0
PCM,0,0,0,0,0,0,0,0,0,0,0,0,0,0,0,0
PCM,0,0,0,0,0,0,0,0,0,0,0,0,0,0,0,0
PCM,0,0,0,0,0,0,0,0,0,0,0,0,0,0,0,0
PCM,0,0,0,0,0,0,0,0,0,0,0,0,0,0,0,0
PCM,0,0,0,0,0,0,0,0,0,0,0,0,0,0,0,0
PCM,0,0,0,0,0,0,0,0,0,0,0,0,0,0,0,0
PCM,0,0,0,0,0,0,0,0,0,0,0,0,0,0,0,0
PCM,0,0,0,0,0,0,0,0,0,0,0,0,0,0,0,0
PCM,0,0,0,0,0,0,0,0,0,0,0,0,0,0,0,0
PCM,0,0,0,0,0,0,0,0,0,0,0,0,0,0,0,0
PCM,0,0,0,0,0,0,0,0,0,0,0,0,0,0,0,0
PCM,0,0,0,0,0,0,0,0,0,0,0,0,0,0,0,0
PCM,0,0,0,0,0,0,0,0,0,0,0,0,0,0,0,0
PCM,0,0,0,0,0,0,0,0,0,0,0,0,0,0,0,0
PCM,0,0,0,0,0,0,0,0,0,0,0,0,0,0,0,0
PCM,0,0,0,0,0,0,0,0,0,0,0,0,0,0,0,0
PCM,0,0,0,0,0,0,0,0,0,0,0,0,0,0,0,0
PCM,0,0,0,0,0,0,0,0,0,0,0,0,0,0,0,0
PCM,0,0,0,0,0,0,0,0,0,0,0,0,0,0,0,0
PCM,0,0,0,0,0,0,0,0,0,0,0,0,0,0,0,0
PCM,0,0,0,0,0,0,0,0,0,0,0,0,0,0,0,0
PCM,0,0,0,0,0,0,0,0,0,0,0,0,0,0,0,0
PCM,0,0,0,0,0,0,0,0,0,0,0,0,0,0,0,0
PCM,0,0,0,0,0,0,0,0,0,0,0,0,0,0,0,0
PCM,0,0,0,0,0,0,0,0,0,0,0,0,0,0,0,0
PCM,0,0,0,0,0,0,0,0,0,0,0,0,0,0,0,0
PCM,0,0,0,0,0,0,0,0,0,0,0,0,0,0,0,0
PCM,0,0,0,0,0,0,0,0,0,0,0,0,0,0,0,0
PCM,0,0,0,0,0,0,0,0,0,0,0,0,0,0,0,0
PCM,0,0,0,0,0,0,0,0,0,0,0,0,0,0,0,0
PCM,0,0,0,0,0,0,0,0,0,0,0,0,0,0,0,0
PCM,0,0,0,0,0,0,0,0,0,0,0,0,0,0,0,0
PCM,0,0,0,0,0,0,0,0,0,0,0,0,0,0,0,0
PCM,0,0,0,0,0,0,0,0,0,0,0,0,0,0,0,0
PCM,0,0,0,0,0,0,0,0,0,0,0,0,0,0,0,0
PCM,0,0,0,0,0,0,0,0,0,0,0,0,0,0,0,0
PCM,0,0,0,0,0,0,0,0,0,0,0,0,0,0,0,0
PCM,0,0,0,0,0,0,0,0,0,0,0,0,0,0,0,0
PCM,0,0,0,0,0,0,0,0,0,0,0,0,0,0,0,0
PCM,0,0,0,0,0,0,0,0,0,0,0,0,0,0,0,0
PCM,0,0,0,0,0,0,0,0,0,0,0,0,0,0,0,0
PCM,0,0,0,0,0,0,0,0,0,0,0,0,0,0,0,0
PCM,0,0,0,0,0,0,0,0,0,0,0,0,0,0,0,0
PCM,0,0,0,0,0,0,0,0,0,0,0,0,0,0,0,0
PCM,0,0,0,0,0,0,0,0,0,0,0,0,0,0,0,0
PCM,0,0,0,0,0,0,0,0,0,0,0,0,0,0,0,0
PCM,0,0,0,0,0,0,0,0,0,0,0,0,0,0,0,0
PCM,0,0,0,0,0,0,0,0,0,0,0,0,0,0,0,0
PCM,0,0,0,0,0,0,0,0,0,0,0,0,0,0,0,0
PCM,0,0,0,0,0,0,0,0,0,0,0,0,0,0,0,0
PCM,0,0,0,0,0,0,0,0,0,0,0,0,0,0,0,0
PCM,0,0,0,0,0,0,0,0,0,0,0,0,0,0,0,0
PCM,0,0,0,0,0,0,0,0,0,0,0,0,0,0,0,0
PCM,0,0,0,0,0,0,0,0,0,0,0,0,0,0,0,0
PCM,0,0,0,0,0,0,0,0,0,0,0,0,0,0,0,0
PCM,0,0,0,0,0,0,0,0,0,0,0,0,0,0,0,0
PCM,0,0,0,0,0,0,0,0,0,0,0,0,0,0,0,0
PCM,0,0,0,0,0,0,0,0,0,0,0,0,0,0,0,0
PCM,0,0,0,0,0,0,0,0,0,0,0,0,0,0,0,0
PCM,0,0,0,0,0,0,0,0,0,0,0,0,0,0,0,0
PCM,0,0,0,0,0,0,0,0,0,0,0,0,0,0,0,0
PCM,0,0,0,0,0,0,0,0,0,0,0,0,0,0,0,0
PCM,0,0,0,0,0,0,0,0,0,0,0,0,0,0,0,0
PCM,0,0,0,0,0,0,0,0,0,0,0,0,0,0,0,0
PCM,0,0,0,0,0,0,0,0,0,0,0,0,0,0,0,0
PCM,0,0,0,0,0,0,0,0,0,0,0,0,0,0,0,0
PCM,0,0,0,0,0,0,0,0,0,0,0,0,0,0,0,0
PCM,0,0,0,0,0,0,0,0,0,0,0,0,0,0,0,0
PCM,0,0,0,0,0,0,0,0,0,0,0,0,0,0,0,0
PCM,0,0,0,0,0,0,0,0,0,0,0,0,0,0,0,0
PCM,0,0,0,0,0,0,0,0,0,0,0,0,0,0,0,0
PCM,0,0,0,0,0,0,0,0,0,0,0,0,0,0,0,0
PCM,0,0,0,0,0,0,0,0,0,0,0,0,0,0,0,0
PCM,0,0,0,0,0,0,0,0,0,0,0,0,0,0,0,0
PCM,0,0,0,0,0,0,0,0,0,0,0,0,0,0,0,0
PCM,0,0,0,0,0,0,0,0,0,0,0,0,0,0,0,0
PCM,0,0,0,0,0,0,0,0,0,0,0,0,0,0,0,0
PCM,0,0,0,0,0,0,0,0,0,0,0,0,0,0,0,0
PCM,0,0,0,0,0,0,0,0,0,0,0,0,0,0,0,0
PCM,0,0,0,0,0,0,0,0,0,0,0,0,0,0,0,0
PCM,0,0,0,0,0,0,0,0,0,0,0,0,0,0,0,0
PCM,0,0,0,0,0,0,0,0,0,0,0,0,0,0,0,0
PCM,0,0,0,0,0,0,0,0,0,0,0,0,0,0,0,0
PCM,0,0,0,0,0,0,0,0,0,0,0,0,0,0,0,0
PCM,0,0,0,0,0,0,0,0,0,0,0,0,0,0,0,0
PCM,0,0,0,0,0,0,0,0,0,0,0,0,0,0,0,0
PCM,0,0,0,0,0,0,0,0,0,0,0,0,0,0,0,0
PCM,0,0,0,0,0,0,0,0,0,0,0,0,0,0,0,0
PCM,0,0,0,0,0,0,0,0,0,0,0,0,0,0,0,0
PCM,0,0,0,0,0,0,0,0,0,0,0,0,0,0,0,0
PCM,0,0,0,0,0,0,0,0,0,0,0,0,0,0,0,0
PCM,0,0,0,0,0,0,0,0,0,0,0,0,0,0,0,0
PCM,0,0,0,0,0,0,0,0,0,0,0,0,0,0,0,0
PCM,0,0,0,0,0,0,0,0,0,0,0,0,0,0,0,0
PCM,0,0,0,0,0,0,0,0,0,0,0,0,0,0,0,0
PCM,0,0,0,0,0,0,0,0,0,0,0,0,0,0,0,0
PCM,0,0,0,0,0,0,0,0,0,0,0,0,0,0,0,0
PCM,0,0,0,0,0,0,0,0,0,0,0,0,0,0,0,0
PCM,0,0,0,0,0,0,0,0,0,0,0,0,0,0,0,0
PCM,0,0,0,0,0,0,0,0,0,0,0,0,0,0,0,0
PCM,0,0,0,0,0,0,0,0,0,0,0,0,0,0,0,0
PCM,0,0,0,0,0,0,0,0,0,0,0,0,0,0,0,0
PCM,0,0,0,0,0,0,0,0,0,0,0,0,0,0,0,0
PCM,0,0,0,0,0,0,0,0,0,0,0,0,0,0,0,0
PCM,0,0,0,0,0,0,0,0,0,0,0,0,0,0,0,0
PCM,0,0,0,0,0,0,0,0,0,0,0,0,0,0,0,0
PCM,0,0,0,0,0,0,0,0,0,0,0,0,0,0,0,0
PCM,0,0,0,0,0,0,0,0,0,0,0,0,0,0,0,0
PCM,0,0,0,0,0,0,0,0,0,0,0,0,0,0,0,0
PCM,0,0,0,0,0,0,0,0,0,0,0,0,0,0,0,0
PCM,0,0,0,0,0,0,0,0,0,0,0,0,0,0,0,0
PCM,0,0,0,0,0,0,0,0,0,0,0,0,0,0,0,0
PCM,0,0,0,0,0,0,0,0,0,0,0,0,0,0,0,0
PCM,0,0,0,0,0,0,0,0,0,0,0,0,0,0,0,0
PCM,0,0,0,0,0,0,0,0,0,0,0,0,0,0,0,0
PCM,0,0,0,0,0,0,0,0,0,0,0,0,0,0,0,0
PCM,0,0,0,0,0,0,0,0,0,0,0,0,0,0,0,0
PCM,0,0,0,0,0,0,0,0,0,0,0,0,0,0,0,0
PCM,0,0,0,0,0,0,0,0,0,0,0,0,0,0,0,0
PCM,0,0,0,0,0,0,0,0,0,0,0,0,0,0,0,0
PCM,0,0,0,0,0,0,0,0,0,0,0,0,0,0,0,0
PCM,0,0,0,0,0,0,0,0,0,0,0,0,0,0,0,0
PCM,0,0,0,0,0,0,0,0,0,0,0,0,0,0,0,0
PCM,0,0,0,0,0,0,0,0,0,0,0,0,0,0,0,0
PCM,0,0,0,0,0,0,0,0,0,0,0,0,0,0,0,0
PCM,0,0,0,0,0,0,0,0,0,0,0,0,0,0,0,0
PCM,0,0,0,0,0,0,0,0,0,0,0,0,0,0,0,0
PCM,0,0,0,0,0,0,0,0,0,0,0,0,0,0,0,0
PCM,0,0,0,0,0,0,0,0,0,0,0,0,0,0,0,0
PCM,0,0,0,0,0,0,0,0,0,0,0,0,0,0,0,0
PCM,0,0,0,0,0,0,0,0,0,0,0,0,0,0,0,0
PCM,0,0,0,0,0,0,0,0,0,0,0,0,0,0,0,0
PCM,0,0,0,0,0,0,0,0,0,0,0,0,0,0,0,0
PCM,0,0,0,0,0,0,0,0,0,0,0,0,0,0,0,0
PCM,0,0,0,0,0,0,0,0,0,0,0,0,0,0,0,0
PCM,0,0,0,0,0,0,0,0,0,0,0,0,0,0,0,0
PCM,0,0,0,0,0,0,0,0,0,0,0,0,0,0,0,0
PCM,0,0,0,0,0,0,0,0,0,0,0,0,0,0,0,0
PCM,0,0,0,0,0,0,0,0,0,0,0,0,0,0,0,0
PCM,0,0,0,0,0,0,0,0,0,0,0,0,0,0,0,0
PCM,0,0,0,0,0,0,0,0,0,0,0,0,0,0,0,0
PCM,0,0,0,0,0,0,0,0,0,0,0,0,0,0,0,0
PCM,0,0,0,0,0,0,0,0,0,0,0,0,0,0,0,0
PCM,0,0,0,0,0,0,0,0,0,0,0,0,0,0,0,0
PCM,0,0,0,0,0,0,0,0,0,0,0,0,0,0,0,0
PCM,0,0,0,0,0,0,0,0,0,0,0,0,0,0,0,0
PCM,0,0,0,0,0,0,0,0,0,0,0,0,0,0,0,0
PCM,0,0,0,0,0,0,0,0,0,0,0,0,0,0,0,0
PCM,0,0,0,0,0,0,0,0,0,0,0,0,0,0,0,0
PCM,0,0,0,0,0,0,0,0,0,0,0,0,0,0,0,0
PCM,0,0,0,0,0,0,0,0,0,0,0,0,0,0,0,0
PCM,0,0,0,0,0,0,0,0,0,0,0,0,0,0,0,0
PCM,0,0,0,0,0,0,0,0,0,0,0,0,0,0,0,0
PCM,0,0,0,0,0,0,0,0,0,0,0,0,0,0,0,0
PCM,0,0,0,0,0,0,0,0,0,0,0,0,0,0,0,0
PCM,0,0,0,0,0,0,0,0,0,0,0,0,0,0,0,0
PCM,0,0,0,0,0,0,0,0,0,0,0,0,0,0,0,0
PCM,0,0,0,0,0,0,0,0,0,0,0,0,0,0,0,0
PCM,0,0,0,0,0,0,0,0,0,0,0,0,0,0,0,0
PCM,0,0,0,0,0,0,0,0,0,0,0,0,0,0,0,0
PCM,0,0,0,0,0,0,0,0,0,0,0,0,0,0,0,0
PCM,0,0,0,0,0,0,0,0,0,0,0,0,0,0,0,0
PCM,0,0,0,0,0,0,0,0,0,0,0,0,0,0,0,0
PCM,0,0,0,0,0,0,0,0,0,0,0,0,0,0,0,0
PCM,0,0,0,0,0,0,0,0,0,0,0,0,0,0,0,0
PCM,0,0,0,0,0,0,0,0,0,0,0,0,0,0,0,0
PCM,0,0,0,0,0,0,0,0,0,0,0,0,0,0,0,0
PCM,0,0,0,0,0,0,0,0,0,0,0,0,0,0,0,0
PCM,0,0,0,0,0,0,0,0,0,0,0,0,0,0,0,0
PCM,0,0,0,0,0,0,0,0,0,0,0,0,0,0,0,0
PCM,0,0,0,0,0,0,0,0,0,0,0,0,0,0,0,0
PCM,0,0,0,0,0,0,0,0,0,0,0,0,0,0,0,0
PCM,0,0,0,0,0,0,0,0,0,0,0,0,0,0,0,0
PCM,0,0,0,0,0,0,0,0,0,0,0,0,0,0,0,0
PCM,0,0,0,0,0,0,0,0,0,0,0,0,0,0,0,0
PCM,0,0,0,0,0,0,0,0,0,0,0,0,0,0,0,0
PCM,0,0,0,0,0,0,0,0,0,0,0,0,0,0,0,0
PCM,0,0,0,0,0,0,0,0,0,0,0,0,0,0,0,0
PCM,0,0,0,0,0,0,0,0,0,0,0,0,0,0,0,0
PCM,0,0,0,0,0,0,0,0,0,0,0,0,0,0,0,0
PCM,0,0,0,0,0,0,0,0,0,0,0,0,0,0,0,0
PCM,0,0,0,0,0,0,0,0,0,0,0,0,0,0,0,0
PCM,0,0,0,0,0,0,0,0,0,0,0,0,0,0,0,0
PCM,0,0,0,0,0,0,0,0,0,0,0,0,0,0,0,0
PCM,0,0,0,0,0,0,0,0,0,0,0,0,0,0,0,0
PCM,0,0,0,0,0,0,0,0,0,0,0,0,0,0,0,0
PCM,0,0,0,0,0,0,0,0,0,0,0,0,0,0,0,0
PCM,0,0,0,0,0,0,0,0,0,0,0,0,0,0,0,0
PCM,0,0,0,0,0,0,0,0,0,0,0,0,0,0,0,0
PCM,0,0,0,0,0,0,0,0,0,0,0,0,0,0,0,0
PCM,0,0,0,0,0,0,0,0,0,0,0,0,0,0,0,0
PCM,0,0,0,0,0,0,0,0,0,0,0,0,0,0,0,0
PCM,0,0,0,0,0,0,0,0,0,0,0,0,0,0,0,0
PCM,0,0,0,0,0,0,0,0,0,0,0,0,0,0,0,0
PCM,0,0,0,0,0,0,0,0,0,0,0,0,0,0,0,0
PCM,0,0,0,0,0,0,0,0,0,0,0,0,0,0,0,0
PCM,0,0,0,0,0,0,0,0,0,0,0,0,0,0,0,0
PCM,0,0,0,0,0,0,0,0,0,0,0,0,0,0,0,0
PCM,0,0,0,0,0,0,0,0,0,0,0,0,0,0,0,0
PCM,0,0,0,0,0,0,0,0,0,0,0,0,0,0,0,0
PCM,0,0,0,0,0,0,0,0,0,0,0,0,0,0,0,0
PCM,0,0,0,0,0,0,0,0,0,0,0,0,0,0,0,0
PCM,0,0,0,0,0,0,0,0,0,0,0,0,0,0,0,0
PCM,0,0,0,0,0,0,0,0,0,0,0,0,0,0,0,0
PCM,0,0,0,0,0,0,0,0,0,0,0,0,0,0,0,0
PCM,0,0,0,0,0,0,0,0,0,0,0,0,0,0,0,0
PCM,0,0,0,0,0,0,0,0,0,0,0,0,0,0,0,0
PCM,0,0,0,0,0,0,0,0,0,0,0,0,0,0,0,0
PCM,0,0,0,0,0,0,0,0,0,0,0,0,0,0,0,0
PCM,0,0,0,0,0,0,0,0,0,0,0,0,0,0,0,0
PCM,0,0,0,0,0,0,0,0,0,0,0,0,0,0,0,0
PCM,0,0,0,0,0,0,0,0,0,0,0,0,0,0,0,0
PCM,0,0,0,0,0,0,0,0,0,0,0,0,0,0,0,0
PCM,0,0,0,0,0,0,0,0,0,0,0,0,0,0,0,0
PCM,0,0,0,0,0,0,0,0,0,0,0,0,0,0,0,0
PCM,0,0,0,0,0,0,0,0,0,0,0,0,0,0,0,0
PCM,0,0,0,0,0,0,0,0,0,0,0,0,0,0,0,0
PCM,0,0,0,0,0,0,0,0,0,0,0,0,0,0,0,0
PCM,0,0,0,0,0,0,0,0,0,0,0,0,0,0,0,0
PCM,0,0,0,0,0,0,0,0,0,0,0,0,0,0,0,0
PCM,0,0,0,0,0,0,0,0,0,0,0,0,0,0,0,0
PCM,0,0,0,0,0,0,0,0,0,0,0,0,0,0,0,0
PCM,0,0,0,0,0,0,0,0,0,0,0,0,0,0,0,0
PCM,0,0,0,0,0,0,0,0,0,0,0,0,0,0,0,0
PCM,0,0,0,0,0,0,0,0,0,0,0,0,0,0,0,0
PCM,0,0,0,0,0,0,0,0,0,0,0,0,0,0,0,0
PCM,0,0,0,0,0,0,0,0,0,0,0,0,0,0,0,0
PCM,0,0,0,0,0,0,0,0,0,0,0,0,0,0,0,0
PCM,0,0,0,0,0,0,0,0,0,0,0,0,0,0,0,0
PCM,0,0,0,0,0,0,0,0,0,0,0,0,0,0,0,0
PCM,0,0,0,0,0,0,0,0,0,0,0,0,0,0,0,0
PCM,0,0,0,0,0,0,0,0,0,0,0,0,0,0,0,0
PCM,0,0,0,0,0,0,0,0,0,0,0,0,0,0,0,0
PCM,0,0,0,0,0,0,0,0,0,0,0,0,0,0,0,0
PCM,0,0,0,0,0,0,0,0,0,0,0,0,0,0,0,0
PCM,0,0,0,0,0,0,0,0,0,0,0,0,0,0,0,0
PCM,0,0,0,0,0,0,0,0,0,0,0,0,0,0,0,0
PCM,0,0,0,0,0,0,0,0,0,0,0,0,0,0,0,0
PCM,0,0,0,0,0,0,0,0,0,0,0,0,0,0,0,0
PCM,0,0,0,0,0,0,0,0,0,0,0,0,0,0,0,0
PCM,0,0,0,0,0,0,0,0,0,0,0,0,0,0,0,0
PCM,0,0,0,0,0,0,0,0,0,0,0,0,0,0,0,0
PCM,0,0,0,0,0,0,0,0,0,0,0,0,0,0,0,0
PCM,0,0,0,0,0,0,0,0,0,0,0,0,0,0,0,0
PCM,0,0,0,0,0,0,0,0,0,0,0,0,0,0,0,0
PCM,0,0,0,0,0,0,0,0,0,0,0,0,0,0,0,0
PCM,0,0,0,0,0,0,0,0,0,0,0,0,0,0,0,0
PCM,0,0,0,0,0,0,0,0,0,0,0,0,0,0,0,0
PCM,0,0,0,0,0,0,0,0,0,0,0,0,0,0,0,0
PCM,0,0,0,0,0,0,0,0,0,0,0,0,0,0,0,0
PCM,0,0,0,0,0,0,0,0,0,0,0,0,0,0,0,0
PCM,0,0,0,0,0,0,0,0,0,0,0,0,0,0,0,0
PCM,0,0,0,0,0,0,0,0,0,0,0,0,0,0,0,0
PCM,0,0,0,0,0,0,0,0,0,0,0,0,0,0,0,0
PCM,0,0,0,0,0,0,0,0,0,0,0,0,0,0,0,0
PCM,0,0,0,0,0,0,0,0,0,0,0,0,0,0,0,0
PCM,0,0,0,0,0,0,0,0,0,0,0,0,0,0,0,0
PCM,0,0,0,0,0,0,0,0,0,0,0,0,0,0,0,0
PCM,0,0,0,0,0,0,0,0,0,0,0,0,0,0,0,0
PCM,0,0,0,0,0,0,0,0,0,0,0,0,0,0,0,0
PCM,0,0,0,0,0,0,0,0,0,0,0,0,0,0,0,0
PCM,0,0,0,0,0,0,0,0,0,0,0,0,0,0,0,0
PCM,0,0,0,0,0,0,0,0,0,0,0,0,0,0,0,0
PCM,0,0,0,0,0,0,0,0,0,0,0,0,0,0,0,0
PCM,0,0,0,0,0,0,0,0,0,0,0,0,0,0,0,0
PCM,0,0,0,0,0,0,0,0,0,0,0,0,0,0,0,0
PCM,0,0,0,0,0,0,0,0,0,0,0,0,0,0,0,0
PCM,0,0,0,0,0,0,0,0,0,0,0,0,0,0,0,0
PCM,0,0,0,0,0,0,0,0,0,0,0,0,0,0,0,0
PCM,0,0,0,0,0,0,0,0,0,0,0,0,0,0,0,0
PCM,0,0,0,0,0,0,0,0,0,0,0,0,0,0,0,0
PCM,0,0,0,0,0,0,0,0,0,0,0,0,0,0,0,0
PCM,0,0,0,0,0,0,0,0,0,0,0,0,0,0,0,0
PCM,0,0,0,0,0,0,0,0,0,0,0,0,0,0,0,0
PCM,0,0,0,0,0,0,0,0,0,0,0,0,0,0,0,0
PCM,0,0,0,0,0,0,0,0,0,0,0,0,0,0,0,0
PCM,0,0,0,0,0,0,0,0,0,0,0,0,0,0,0,0
PCM,0,0,0,0,0,0,0,0,0,0,0,0,0,0,0,0
PCM,0,0,0,0,0,0,0,0,0,0,0,0,0,0,0,0
PCM,0,0,0,0,0,0,0,0,0,0,0,0,0,0,0,0
PCM,0,0,0,0,0,0,0,0,0,0,0,0,0,0,0,0
PCM,0,0,0,0,0,0,0,0,0,0,0,0,0,0,0,0
PCM,0,0,0,0,0,0,0,0,0,0,0,0,0,0,0,0
PCM,0,0,0,0,0,0,0,0,0,0,0,0,0,0,0,0
PCM,0,0,0,0,0,0,0,0,0,0,0,0,0,0,0,0
PCM,0,0,0,0,0,0,0,0,0,0,0,0,0,0,0,0
PCM,0,0,0,0,0,0,0,0,0,0,0,0,0,0,0,0
PCM,0,0,0,0,0,0,0,0,0,0,0,0,0,0,0,0
PCM,0,0,0,0,0,0,0,0,0,0,0,0,0,0,0,0
PCM,0,0,0,0,0,0,0,0,0,0,0,0,0,0,0,0
PCM,0,0,0,0,0,0,0,0,0,0,0,0,0,0,0,0
PCM,0,0,0,0,0,0,0,0,0,0,0,0,0,0,0,0
PCM,0,0,0,0,0,0,0,0,0,0,0,0,0,0,0,0
PCM,0,0,0,0,0,0,0,0,0,0,0,0,0,0,0,0
PCM,0,0,0,0,0,0,0,0,0,0,0,0,0,0,0,0
PCM,0,0,0,0,0,0,0,0,0,0,0,0,0,0,0,0
PCM,0,0,0,0,0,0,0,0,0,0,0,0,0,0,0,0
PCM,0,0,0,0,0,0,0,0,0,0,0,0,0,0,0,0
PCM,0,0,0,0,0,0,0,0,0,0,0,0,0,0,0,0
PCM,0,0,0,0,0,0,0,0,0,0,0,0,0,0,0,0
PCM,0,0,0,0,0,0,0,0,0,0,0,0,0,0,0,0
PCM,0,0,0,0,0,0,0,0,0,0,0,0,0,0,0,0
PCM,0,0,0,0,0,0,0,0,0,0,0,0,0,0,0,0
PCM,0,0,0,0,0,0,0,0,0,0,0,0,0,0,0,0
PCM,0,0,0,0,0,0,0,0,0,0,0,0,0,0,0,0
PCM,0,0,0,0,0,0,0,0,0,0,0,0,0,0,0,0
PCM,0,0,0,0,0,0,0,0,0,0,0,0,0,0,0,0
PCM,0,0,0,0,0,0,0,0,0,0,0,0,0,0,0,0
PCM,0,0,0,0,0,0,0,0,0,0,0,0,0,0,0,0
PCM,0,0,0,0,0,0,0,0,0,0,0,0,0,0,0,0
PCM,0,0,0,0,0,0,0,0,0,0,0,0,0,0,0,0
PCM,0,0,0,0,0,0,0,0,0,0,0,0,0,0,0,0
PCM,0,0,0,0,0,0,0,0,0,0,0,0,0,0,0,0
PCM,0,0,0,0,0,0,0,0,0,0,0,0,0,0,0,0
PCM,0,0,0,0,0,0,0,0,0,0,0,0,0,0,0,0
PCM,0,0,0,0,0,0,0,0,0,0,0,0,0,0,0,0
PCM,0,0,0,0,0,0,0,0,0,0,0,0,0,0,0,0
PCM,0,0,0,0,0,0,0,0,0,0,0,0,0,0,0,0
PCM,0,0,0,0,0,0,0,0,0,0,0,0,0,0,0,0
PCM,0,0,0,0,0,0,0,0,0,0,0,0,0,0,0,0
PCM,0,0,0,0,0,0,0,0,0,0,0,0,0,0,0,0
PCM,0,0,0,0,0,0,0,0,0,0,0,0,0,0,0,0
PCM,0,0,0,0,0,0,0,0,0,0,0,0,0,0,0,0
PCM,0,0,0,0,0,0,0,0,0,0,0,0,0,0,0,0
PCM,0,0,0,0,0,0,0,0,0,0,0,0,0,0,0,0
PCM,0,0,0,0,0,0,0,0,0,0,0,0,0,0,0,0
PCM,0,0,0,0,0,0,0,0,0,0,0,0,0,0,0,0
PCM,0,0,0,0,0,0,0,0,0,0,0,0,0,0,0,0
PCM,0,0,0,0,0,0,0,0,0,0,0,0,0,0,0,0
PCM,0,0,0,0,0,0,0,0,0,0,0,0,0,0,0,0
PCM,0,0,0,0,0,0,0,0,0,0,0,0,0,0,0,0
PCM,0,0,0,0,0,0,0,0,0,0,0,0,0,0,0,0
PCM,0,0,0,0,0,0,0,0,0,0,0,0,0,0,0,0
PCM,0,0,0,0,0,0,0,0,0,0,0,0,0,0,0,0
PCM,0,0,0,0,0,0,0,0,0,0,0,0,0,0,0,0
PCM,0,0,0,0,0,0,0,0,0,0,0,0,0,0,0,0
PCM,0,0,0,0,0,0,0,0,0,0,0,0,0,0,0,0
PCM,0,0,0,0,0,0,0,0,0,0,0,0,0,0,0,0
PCM,0,0,0,0,0,0,0,0,0,0,0,0,0,0,0,0
PCM,0,0,0,0,0,0,0,0,0,0,0,0,0,0,0,0
PCM,0,0,0,0,0,0,0,0,0,0,0,0,0,0,0,0
PCM,0,0,0,0,0,0,0,0,0,0,0,0,0,0,0,0
PCM,0,0,0,0,0,0,0,0,0,0,0,0,0,0,0,0
PCM,0,0,0,0,0,0,0,0,0,0,0,0,0,0,0,0
PCM,0,0,0,0,0,0,0,0,0,0,0,0,0,0,0,0
PCM,0,0,0,0,0,0,0,0,0,0,0,0,0,0,0,0
PCM,0,0,0,0,0,0,0,0,0,0,0,0,0,0,0,0
PCM,0,0,0,0,0,0,0,0,0,0,0,0,0,0,0,0
PCM,0,0,0,0,0,0,0,0,0,0,0,0,0,0,0,0
PCM,0,0,0,0,0,0,0,0,0,0,0,0,0,0,0,0
PCM,0,0,0,0,0,0,0,0,0,0,0,0,0,0,0,0
PCM,0,0,0,0,0,0,0,0,0,0,0,0,0,0,0,0
PCM,0,0,0,0,0,0,0,0,0,0,0,0,0,0,0,0
PCM,0,0,0,0,0,0,0,0,0,0,0,0,0,0,0,0
PCM,0,0,0,0,0,0,0,0,0,0,0,0,0,0,0,0
PCM,0,0,0,0,0,0,0,0,0,0,0,0,0,0,0,0
PCM,0,0,0,0,0,0,0,0,0,0,0,0,0,0,0,0
PCM,0,0,0,0,0,0,0,0,0,0,0,0,0,0,0,0
PCM,0,0,0,0,0,0,0,0,0,0,0,0,0,0,0,0
PCM,0,0,0,0,0,0,0,0,0,0,0,0,0,0,0,0
PCM,0,0,0,0,0,0,0,0,0,0,0,0,0,0,0,0
PCM,0,0,0,0,0,0,0,0,0,0,0,0,0,0,0,0
PCM,0,0,0,0,0,0,0,0,0,0,0,0,0,0,0,0
PCM,0,0,0,0,0,0,0,0,0,0,0,0,0,0,0,0
PCM,0,0,0,0,0,0,0,0,0,0,0,0,0,0,0,0
PCM,0,0,0,0,0,0,0,0,0,0,0,0,0,0,0,0
PCM,0,0,0,0,0,0,0,0,0,0,0,0,0,0,0,0
PCM,0,0,0,0,0,0,0,0,0,0,0,0,0,0,0,0
PCM,0,0,0,0,0,0,0,0,0,0,0,0,0,0,0,0
PCM,0,0,0,0,0,0,0,0,0,0,0,0,0,0,0,0
PCM,0,0,0,0,0,0,0,0,0,0,0,0,0,0,0,0
PCM,0,0,0,0,0,0,0,0,0,0,0,0,0,0,0,0
PCM,0,0,0,0,0,0,0,0,0,0,0,0,0,0,0,0
PCM,0,0,0,0,0,0,0,0,0,0,0,0,0,0,0,0
PCM,0,0,0,0,0,0,0,0,0,0,0,0,0,0,0,0
PCM,0,0,0,0,0,0,0,0,0,0,0,0,0,0,0,0
PCM,0,0,0,0,0,0,0,0,0,0,0,0,0,0,0,0
PCM,0,0,0,0,0,0,0,0,0,0,0,0,0,0,0,0
PCM,0,0,0,0,0,0,0,0,0,0,0,0,0,0,0,0
PCM,0,0,0,0,0,0,0,0,0,0,0,0,0,0,0,0
PCM,0,0,0,0,0,0,0,0,0,0,0,0,0,0,0,0
PCM,0,0,0,0,0,0,0,0,0,0,0,0,0,0,0,0
PCM,0,0,0,0,0,0,0,0,0,0,0,0,0,0,0,0
PCM,0,0,0,0,0,0,0,0,0,0,0,0,0,0,0,0
PCM,0,0,0,0,0,0,0,0,0,0,0,0,0,0,0,0
PCM,0,0,0,0,0,0,0,0,0,0,0,0,0,0,0,0
PCM,0,0,0,0,0,0,0,0,0,0,0,0,0,0,0,0
PCM,0,0,0,0,0,0,0,0,0,0,0,0,0,0,0,0
PCM,0,0,0,0,0,0,0,0,0,0,0,0,0,0,0,0
PCM,0,0,0,0,0,0,0,0,0,0,0,0,0,0,0,0
PCM,0,0,0,0,0,0,0,0,0,0,0,0,0,0,0,0
PCM,0,0,0,0,0,0,0,0,0,0,0,0,0,0,0,0
PCM,0,0,0,0,0,0,0,0,0,0,0,0,0,0,0,0
PCM,0,0,0,0,0,0,0,0,0,0,0,0,0,0,0,0
PCM,0,0,0,0,0,0,0,0,0,0,0,0,0,0,0,0
PCM,0,0,0,0,0,0,0,0,0,0,0,0,0,0,0,0
PCM,0,0,0,0,0,0,0,0,0,0,0,0,0,0,0,0
PCM,0,0,0,0,0,0,0,0,0,0,0,0,0,0,0,0
PCM,0,0,0,0,0,0,0,0,0,0,0,0,0,0,0,0
PCM,0,0,0,0,0,0,0,0,0,0,0,0,0,0,0,0
PCM,0,0,0,0,0,0,0,0,0,0,0,0,0,0,0,0
PCM,0,0,0,0,0,0,0,0,0,0,0,0,0,0,0,0
PCM,0,0,0,0,0,0,0,0,0,0,0,0,0,0,0,0
PCM,0,0,0,0,0,0,0,0,0,0,0,0,0,0,0,0
PCM,0,0,0,0,0,0,0,0,0,0,0,0,0,0,0,0
PCM,0,0,0,0,0,0,0,0,0,0,0,0,0,0,0,0
PCM,0,0,0,0,0,0,0,0,0,0,0,0,0,0,0,0
PCM,0,0,0,0,0,0,0,0,0,0,0,0,0,0,0,0
PCM,0,0,0,0,0,0,0,0,0,0,0,0,0,0,0,0
PCM,0,0,0,0,0,0,0,0,0,0,0,0,0,0,0,0
PCM,0,0,0,0,0,0,0,0,0,0,0,0,0,0,0,0
PCM,0,0,0,0,0,0,0,0,0,0,0,0,0,0,0,0
PCM,0,0,0,0,0,0,0,0,0,0,0,0,0,0,0,0
PCM,0,0,0,0,0,0,0,0,0,0,0,0,0,0,0,0
PCM,0,0,0,0,0,0,0,0,0,0,0,0,0,0,0,0
PCM,0,0,0,0,0,0,0,0,0,0,0,0,0,0,0,0
PCM,0,0,0,0,0,0,0,0,0,0,0,0,0,0,0,0
PCM,0,0,0,0,0,0,0,0,0,0,0,0,0,0,0,0
PCM,0,0,0,0,0,0,0,0,0,0,0,0,0,0,0,0
PCM,0,0,0,0,0,0,0,0,0,0,0,0,0,0,0,0
PCM,0,0,0,0,0,0,0,0,0,0,0,0,0,0,0,0
PCM,0,0,0,0,0,0,0,0,0,0,0,0,0,0,0,0
PCM,0,0,0,0,0,0,0,0,0,0,0,0,0,0,0,0
PCM,0,0,0,0,0,0,0,0,0,0,0,0,0,0,0,0
PCM,0,0,0,0,0,0,0,0,0,0,0,0,0,0,0,0
PCM,0,0,0,0,0,0,0,0,0,0,0,0,0,0,0,0
PCM,0,0,0,0,0,0,0,0,0,0,0,0,0,0,0,0
PCM,0,0,0,0,0,0,0,0,0,0,0,0,0,0,0,0
PCM,0,0,0,0,0,0,0,0,0,0,0,0,0,0,0,0
PCM,0,0,0,0,0,0,0,0,0,0,0,0,0,0,0,0
PCM,0,0,0,0,0,0,0,0,0,0,0,0,0,0,0,0
PCM,0,0,0,0,0,0,0,0,0,0,0,0,0,0,0,0
PCM,0,0,0,0,0,0,0,0,0,0,0,0,0,0,0,0
PCM,0,0,0,0,0,0,0,0,0,0,0,0,0,0,0,0
PCM,0,0,0,0,0,0,0,0,0,0,0,0,0,0,0,0
PCM,0,0,0,0,0,0,0,0,0,0,0,0,0,0,0,0
PCM,0,0,0,0,0,0,0,0,0,0,0,0,0,0,0,0
PCM,0,0,0,0,0,0,0,0,0,0,0,0,0,0,0,0
PCM,0,0,0,0,0,0,0,0,0,0,0,0,0,0,0,0
PCM,0,0,0,0,0,0,0,0,0,0,0,0,0,0,0,0
PCM,0,0,0,0,0,0,0,0,0,0,0,0,0,0,0,0
PCM,0,0,0,0,0,0,0,0,0,0,0,0,0,0,0,0
PCM,0,0,0,0,0,0,0,0,0,0,0,0,0,0,0,0
PCM,0,0,0,0,0,0,0,0,0,0,0,0,0,0,0,0
PCM,0,0,0,0,0,0,0,0,0,0,0,0,0,0,0,0
PCM,0,0,0,0,0,0,0,0,0,0,0,0,0,0,0,0
PCM,0,0,0,0,0,0,0,0,0,0,0,0,0,0,0,0
PCM,0,0,0,0,0,0,0,0,0,0,0,0,0,0,0,0
PCM,0,0,0,0,0,0,0,0,0,0,0,0,0,0,0,0
PCM,0,0,0,0,0,0,0,0,0,0,0,0,0,0,0,0
PCM,0,0,0,0,0,0,0,0,0,0,0,0,0,0,0,0
PCM,0,0,0,0,0,0,0,0,0,0,0,0,0,0,0,0
PCM,0,0,0,0,0,0,0,0,0,0,0,0,0,0,0,0
PCM,0,0,0,0,0,0,0,0,0,0,0,0,0,0,0,0
PCM,0,0,0,0,0,0,0,0,0,0,0,0,0,0,0,0
PCM,0,0,0,0,0,0,0,0,0,0,0,0,0,0,0,0
PCM,0,0,0,0,0,0,0,0,0,0,0,0,0,0,0,0
PCM,0,0,0,0,0,0,0,0,0,0,0,0,0,0,0,0
PCM,0,0,0,0,0,0,0,0,0,0,0,0,0,0,0,0
PCM,0,0,0,0,0,0,0,0,0,0,0,0,0,0,0,0
PCM,0,0,0,0,0,0,0,0,0,0,0,0,0,0,0,0
PCM,0,0,0,0,0,0,0,0,0,0,0,0,0,0,0,0
PCM,0,0,0,0,0,0,0,0,0,0,0,0,0,0,0,0
PCM,0,0,0,0,0,0,0,0,0,0,0,0,0,0,0,0
PCM,0,0,0,0,0,0,0,0,0,0,0,0,0,0,0,0
PCM,0,0,0,0,0,0,0,0,0,0,0,0,0,0,0,0
PCM,0,0,0,0,0,0,0,0,0,0,0,0,0,0,0,0
PCM,0,0,0,0,0,0,0,0,0,0,0,0,0,0,0,0
PCM,0,0,0,0,0,0,0,0,0,0,0,0,0,0,0,0
PCM,0,0,0,0,0,0,0,0,0,0,0,0,0,0,0,0
PCM,0,0,0,0,0,0,0,0,0,0,0,0,0,0,0,0
PCM,0,0,0,0,0,0,0,0,0,0,0,0,0,0,0,0
PCM,0,0,0,0,0,0,0,0,0,0,0,0,0,0,0,0
PCM,0,0,0,0,0,0,0,0,0,0,0,0,0,0,0,0
PCM,0,0,0,0,0,0,0,0,0,0,0,0,0,0,0,0
PCM,0,0,0,0,0,0,0,0,0,0,0,0,0,0,0,0
PCM,0,0,0,0,0,0,0,0,0,0,0,0,0,0,0,0
PCM,0,0,0,0,0,0,0,0,0,0,0,0,0,0,0,0
PCM,0,0,0,0,0,0,0,0,0,0,0,0,0,0,0,0
PCM,0,0,0,0,0,0,0,0,0,0,0,0,0,0,0,0
PCM,0,0,0,0,0,0,0,0,0,0,0,0,0,0,0,0
PCM,0,0,0,0,0,0,0,0,0,0,0,0,0,0,0,0
PCM,0,0,0,0,0,0,0,0,0,0,0,0,0,0,0,0
PCM,0,0,0,0,0,0,0,0,0,0,0,0,0,0,0,0
PCM,0,0,0,0,0,0,0,0,0,0,0,0,0,0,0,0
PCM,0,0,0,0,0,0,0,0,0,0,0,0,0,0,0,0
PCM,0,0,0,0,0,0,0,0,0,0,0,0,0,0,0,0
[SNAPSHOT] --- END PCM --- (lines: 2000)
[SNAPSHOT] --- BEGIN MFCC (raw float, pre-normalization) ---
MFCC,0,-135.363754,-0.000001,-0.000001,0.000000,-0.000000,-0.000002,-0.000000,-0.000000,0.000000,-0.000000,-0.000000,0.000000,0.000000
MFCC,1,-135.363754,-0.000001,-0.000001,0.000000,-0.000000,-0.000002,-0.000000,-0.000000,0.000000,-0.000000,-0.000000,0.000000,0.000000
MFCC,2,-135.363754,-0.000001,-0.000001,0.000000,-0.000000,-0.000002,-0.000000,-0.000000,0.000000,-0.000000,-0.000000,0.000000,0.000000
MFCC,3,-135.363754,-0.000001,-0.000001,0.000000,-0.000000,-0.000002,-0.000000,-0.000000,0.000000,-0.000000,-0.000000,0.000000,0.000000
MFCC,4,-135.363754,-0.000001,-0.000001,0.000000,-0.000000,-0.000002,-0.000000,-0.000000,0.000000,-0.000000,-0.000000,0.000000,0.000000
MFCC,5,-135.363754,-0.000001,-0.000001,0.000000,-0.000000,-0.000002,-0.000000,-0.000000,0.000000,-0.000000,-0.000000,0.000000,0.000000
MFCC,6,-135.363754,-0.000001,-0.000001,0.000000,-0.000000,-0.000002,-0.000000,-0.000000,0.000000,-0.000000,-0.000000,0.000000,0.000000
MFCC,7,-135.363754,-0.000001,-0.000001,0.000000,-0.000000,-0.000002,-0.000000,-0.000000,0.000000,-0.000000,-0.000000,0.000000,0.000000
MFCC,8,-135.363754,-0.000001,-0.000001,0.000000,-0.000000,-0.000002,-0.000000,-0.000000,0.000000,-0.000000,-0.000000,0.000000,0.000000
MFCC,9,-135.363754,-0.000001,-0.000001,0.000000,-0.000000,-0.000002,-0.000000,-0.000000,0.000000,-0.000000,-0.000000,0.000000,0.000000
MFCC,10,-135.363754,-0.000001,-0.000001,0.000000,-0.000000,-0.000002,-0.000000,-0.000000,0.000000,-0.000000,-0.000000,0.000000,0.000000
MFCC,11,-135.363754,-0.000001,-0.000001,0.000000,-0.000000,-0.000002,-0.000000,-0.000000,0.000000,-0.000000,-0.000000,0.000000,0.000000
MFCC,12,-135.363754,-0.000001,-0.000001,0.000000,-0.000000,-0.000002,-0.000000,-0.000000,0.000000,-0.000000,-0.000000,0.000000,0.000000
MFCC,13,-135.363754,-0.000001,-0.000001,0.000000,-0.000000,-0.000002,-0.000000,-0.000000,0.000000,-0.000000,-0.000000,0.000000,0.000000
MFCC,14,-135.363754,-0.000001,-0.000001,0.000000,-0.000000,-0.000002,-0.000000,-0.000000,0.000000,-0.000000,-0.000000,0.000000,0.000000
MFCC,15,-135.363754,-0.000001,-0.000001,0.000000,-0.000000,-0.000002,-0.000000,-0.000000,0.000000,-0.000000,-0.000000,0.000000,0.000000
MFCC,16,-135.363754,-0.000001,-0.000001,0.000000,-0.000000,-0.000002,-0.000000,-0.000000,0.000000,-0.000000,-0.000000,0.000000,0.000000
MFCC,17,-135.363754,-0.000001,-0.000001,0.000000,-0.000000,-0.000002,-0.000000,-0.000000,0.000000,-0.000000,-0.000000,0.000000,0.000000
MFCC,18,-135.363754,-0.000001,-0.000001,0.000000,-0.000000,-0.000002,-0.000000,-0.000000,0.000000,-0.000000,-0.000000,0.000000,0.000000
MFCC,19,-135.363754,-0.000001,-0.000001,0.000000,-0.000000,-0.000002,-0.000000,-0.000000,0.000000,-0.000000,-0.000000,0.000000,0.000000
MFCC,20,-135.363754,-0.000001,-0.000001,0.000000,-0.000000,-0.000002,-0.000000,-0.000000,0.000000,-0.000000,-0.000000,0.000000,0.000000
MFCC,21,-135.363754,-0.000001,-0.000001,0.000000,-0.000000,-0.000002,-0.000000,-0.000000,0.000000,-0.000000,-0.000000,0.000000,0.000000
MFCC,22,-135.363754,-0.000001,-0.000001,0.000000,-0.000000,-0.000002,-0.000000,-0.000000,0.000000,-0.000000,-0.000000,0.000000,0.000000
MFCC,23,-135.363754,-0.000001,-0.000001,0.000000,-0.000000,-0.000002,-0.000000,-0.000000,0.000000,-0.000000,-0.000000,0.000000,0.000000
MFCC,24,-135.363754,-0.000001,-0.000001,0.000000,-0.000000,-0.000002,-0.000000,-0.000000,0.000000,-0.000000,-0.000000,0.000000,0.000000
MFCC,25,-135.363754,-0.000001,-0.000001,0.000000,-0.000000,-0.000002,-0.000000,-0.000000,0.000000,-0.000000,-0.000000,0.000000,0.000000
MFCC,26,-135.363754,-0.000001,-0.000001,0.000000,-0.000000,-0.000002,-0.000000,-0.000000,0.000000,-0.000000,-0.000000,0.000000,0.000000
MFCC,27,-135.363754,-0.000001,-0.000001,0.000000,-0.000000,-0.000002,-0.000000,-0.000000,0.000000,-0.000000,-0.000000,0.000000,0.000000
MFCC,28,-135.363754,-0.000001,-0.000001,0.000000,-0.000000,-0.000002,-0.000000,-0.000000,0.000000,-0.000000,-0.000000,0.000000,0.000000
MFCC,29,-135.363754,-0.000001,-0.000001,0.000000,-0.000000,-0.000002,-0.000000,-0.000000,0.000000,-0.000000,-0.000000,0.000000,0.000000
MFCC,30,-135.363754,-0.000001,-0.000001,0.000000,-0.000000,-0.000002,-0.000000,-0.000000,0.000000,-0.000000,-0.000000,0.000000,0.000000
MFCC,31,-135.363754,-0.000001,-0.000001,0.000000,-0.000000,-0.000002,-0.000000,-0.000000,0.000000,-0.000000,-0.000000,0.000000,0.000000
MFCC,32,-135.363754,-0.000001,-0.000001,0.000000,-0.000000,-0.000002,-0.000000,-0.000000,0.000000,-0.000000,-0.000000,0.000000,0.000000
MFCC,33,-135.363754,-0.000001,-0.000001,0.000000,-0.000000,-0.000002,-0.000000,-0.000000,0.000000,-0.000000,-0.000000,0.000000,0.000000
MFCC,34,-24.209658,1.788171,1.967995,0.877483,0.545816,0.354097,0.915149,0.569019,-0.649879,0.225085,0.592809,0.280289,0.167214
MFCC,35,-20.120861,1.923604,2.883193,1.234281,1.413744,0.522742,0.068803,-0.862441,-1.272355,-0.361534,-1.301692,0.044679,-0.458367
MFCC,36,-14.193654,4.100266,4.251895,1.877785,-1.520471,-1.694337,-0.773705,-1.168410,-1.960967,-0.428601,-0.962927,-0.794816,-0.155465
MFCC,37,-7.669166,4.312596,4.197270,3.129651,-4.101186,-1.302144,-0.564547,-1.921173,-1.272731,-0.258076,-0.583902,-0.034210,0.355874
MFCC,38,0.571446,3.908645,3.227093,4.532470,-6.159642,-2.293109,0.296673,-2.304758,-1.663093,-1.173462,0.797731,-0.399397,0.836514
MFCC,39,4.097057,3.147963,0.156919,3.017551,-5.866379,-2.956020,0.077475,-1.395400,-0.962362,-1.403841,1.297338,-0.850557,0.390061
MFCC,40,6.769551,2.940945,-1.834542,1.718983,-5.456000,-3.173636,0.396352,-0.258704,-0.739454,-1.956968,0.677240,-1.075548,-0.311815
MFCC,41,11.879030,3.027981,-3.425821,1.539553,-5.709918,-2.700865,0.551324,0.606350,-0.206128,-2.430120,0.552205,-1.475394,-0.026456
MFCC,42,13.354159,2.585122,-3.793189,1.328736,-3.739564,-1.471951,0.717415,0.251187,0.455269,-2.562443,0.625363,-1.686857,0.328296
MFCC,43,12.729795,3.451214,-4.419962,-0.138510,-3.590748,-1.867302,0.840932,0.427013,0.688734,-2.321092,0.442673,-1.012800,0.557473
MFCC,44,8.622935,4.262166,-4.719882,-0.640497,-3.039121,-1.811998,1.090295,0.363822,0.159413,-1.657093,-0.498790,-0.878629,0.224248
MFCC,45,3.118968,5.883168,-3.097208,-0.376211,-1.066523,-2.120782,1.114392,0.699112,0.157627,-1.566318,-0.853493,-0.903784,-0.072792
MFCC,46,-2.324642,4.712786,-1.756160,0.873621,-0.701324,-1.645249,0.608883,0.689088,-0.666437,-1.990947,-0.897797,-1.050604,-0.532809
MFCC,47,-4.856738,3.424801,-1.535511,0.383632,-0.746319,-1.114133,0.470938,1.562080,0.305444,-1.312108,-0.373475,-0.861931,0.303427
MFCC,48,-4.180535,-0.627040,-0.349319,0.668368,-0.783901,-2.192149,0.203982,1.141746,1.197106,-0.784946,-0.594934,-0.757824,-0.826190
MFCC,49,-4.115050,-1.646897,0.395868,-0.630306,-0.460250,-1.203025,0.840238,0.000216,0.773692,-0.748515,0.432231,-0.029077,0.619746
MFCC,50,-6.659943,-1.105635,1.479145,-0.728051,-0.693334,-1.295985,1.950552,0.224760,0.776825,-1.104840,0.520002,0.182721,0.125105
MFCC,51,-9.314790,-2.471463,1.738922,-1.228738,-0.185819,-2.209814,1.468447,1.310730,0.936049,-1.120606,-0.149076,-0.111267,0.402051
MFCC,52,-10.309401,-2.503462,2.570655,-0.884567,-0.110285,-1.663351,1.138499,1.147646,0.386843,-1.002313,0.208896,0.365696,0.635784
MFCC,53,-11.545904,-2.433395,2.541090,-1.894967,-0.049326,-0.778907,1.081715,1.243925,1.103251,-0.239676,0.319010,0.368863,0.938344
MFCC,54,-12.506557,-2.589851,2.677325,-1.493876,0.611297,-0.285000,1.260538,0.440107,0.472599,-0.578735,-0.083059,0.341200,0.831200
MFCC,55,-12.189573,-2.905624,3.794143,-0.315853,0.786873,0.328269,1.461585,0.127363,0.889549,-0.572198,0.248729,0.364788,1.112818
MFCC,56,-13.318245,-4.497140,3.782397,-0.946227,1.052533,0.996420,1.574850,0.139435,0.529535,-0.315324,0.002894,0.234255,0.304676
MFCC,57,-12.807637,-3.964126,3.319627,-1.242356,0.379657,-0.531734,0.869483,0.131416,0.718222,0.510195,0.664225,-0.133349,0.833689
MFCC,58,-14.247931,-4.180101,2.538630,-1.119079,1.275467,-0.653813,1.130095,0.539029,0.813615,0.339299,0.108083,0.443457,1.509529
MFCC,59,-14.895174,-3.760088,2.622039,-1.056310,1.311822,-0.910331,1.368653,0.085251,0.087914,-0.019618,0.957480,-0.416349,1.289287
MFCC,60,-13.674897,-2.213974,2.681445,-1.594982,1.996056,-1.052336,0.899585,-0.311747,0.788207,-0.883971,0.293643,0.242816,0.480286
MFCC,61,-17.724972,-0.482717,2.138984,-0.732427,1.130173,-0.019631,0.757595,0.419169,0.041616,-0.367431,0.057311,0.552523,0.480353
MFCC,62,-18.603098,0.765305,2.147991,-0.640132,1.322632,0.522923,0.627255,0.125169,0.219401,0.121642,-0.497730,-0.162072,0.192789
MFCC,63,-18.944054,0.066888,1.038726,-0.369218,1.110296,1.080727,0.878239,0.232290,-0.355302,-0.869324,0.362046,0.283133,0.207639
MFCC,64,-18.370605,1.678821,1.900269,0.830799,0.994730,0.981919,0.734111,0.363358,0.076637,-0.134573,0.103865,1.201047,0.812335
MFCC,65,-135.363754,-0.000001,-0.000001,0.000000,-0.000000,-0.000002,-0.000000,-0.000000,0.000000,-0.000000,-0.000000,0.000000,0.000000
MFCC,66,-135.363754,-0.000001,-0.000001,0.000000,-0.000000,-0.000002,-0.000000,-0.000000,0.000000,-0.000000,-0.000000,0.000000,0.000000
MFCC,67,-135.363754,-0.000001,-0.000001,0.000000,-0.000000,-0.000002,-0.000000,-0.000000,0.000000,-0.000000,-0.000000,0.000000,0.000000
MFCC,68,-135.363754,-0.000001,-0.000001,0.000000,-0.000000,-0.000002,-0.000000,-0.000000,0.000000,-0.000000,-0.000000,0.000000,0.000000
MFCC,69,-135.363754,-0.000001,-0.000001,0.000000,-0.000000,-0.000002,-0.000000,-0.000000,0.000000,-0.000000,-0.000000,0.000000,0.000000
MFCC,70,-135.363754,-0.000001,-0.000001,0.000000,-0.000000,-0.000002,-0.000000,-0.000000,0.000000,-0.000000,-0.000000,0.000000,0.000000
MFCC,71,-135.363754,-0.000001,-0.000001,0.000000,-0.000000,-0.000002,-0.000000,-0.000000,0.000000,-0.000000,-0.000000,0.000000,0.000000
MFCC,72,-135.363754,-0.000001,-0.000001,0.000000,-0.000000,-0.000002,-0.000000,-0.000000,0.000000,-0.000000,-0.000000,0.000000,0.000000
MFCC,73,-135.363754,-0.000001,-0.000001,0.000000,-0.000000,-0.000002,-0.000000,-0.000000,0.000000,-0.000000,-0.000000,0.000000,0.000000
MFCC,74,-135.363754,-0.000001,-0.000001,0.000000,-0.000000,-0.000002,-0.000000,-0.000000,0.000000,-0.000000,-0.000000,0.000000,0.000000
MFCC,75,-135.363754,-0.000001,-0.000001,0.000000,-0.000000,-0.000002,-0.000000,-0.000000,0.000000,-0.000000,-0.000000,0.000000,0.000000
MFCC,76,-135.363754,-0.000001,-0.000001,0.000000,-0.000000,-0.000002,-0.000000,-0.000000,0.000000,-0.000000,-0.000000,0.000000,0.000000
MFCC,77,-135.363754,-0.000001,-0.000001,0.000000,-0.000000,-0.000002,-0.000000,-0.000000,0.000000,-0.000000,-0.000000,0.000000,0.000000
MFCC,78,-135.363754,-0.000001,-0.000001,0.000000,-0.000000,-0.000002,-0.000000,-0.000000,0.000000,-0.000000,-0.000000,0.000000,0.000000
MFCC,79,-135.363754,-0.000001,-0.000001,0.000000,-0.000000,-0.000002,-0.000000,-0.000000,0.000000,-0.000000,-0.000000,0.000000,0.000000
MFCC,80,-135.363754,-0.000001,-0.000001,0.000000,-0.000000,-0.000002,-0.000000,-0.000000,0.000000,-0.000000,-0.000000,0.000000,0.000000
MFCC,81,-135.363754,-0.000001,-0.000001,0.000000,-0.000000,-0.000002,-0.000000,-0.000000,0.000000,-0.000000,-0.000000,0.000000,0.000000
MFCC,82,-135.363754,-0.000001,-0.000001,0.000000,-0.000000,-0.000002,-0.000000,-0.000000,0.000000,-0.000000,-0.000000,0.000000,0.000000
MFCC,83,-135.363754,-0.000001,-0.000001,0.000000,-0.000000,-0.000002,-0.000000,-0.000000,0.000000,-0.000000,-0.000000,0.000000,0.000000
MFCC,84,-135.363754,-0.000001,-0.000001,0.000000,-0.000000,-0.000002,-0.000000,-0.000000,0.000000,-0.000000,-0.000000,0.000000,0.000000
MFCC,85,-135.363754,-0.000001,-0.000001,0.000000,-0.000000,-0.000002,-0.000000,-0.000000,0.000000,-0.000000,-0.000000,0.000000,0.000000
MFCC,86,-135.363754,-0.000001,-0.000001,0.000000,-0.000000,-0.000002,-0.000000,-0.000000,0.000000,-0.000000,-0.000000,0.000000,0.000000
MFCC,87,-135.363754,-0.000001,-0.000001,0.000000,-0.000000,-0.000002,-0.000000,-0.000000,0.000000,-0.000000,-0.000000,0.000000,0.000000
MFCC,88,-135.363754,-0.000001,-0.000001,0.000000,-0.000000,-0.000002,-0.000000,-0.000000,0.000000,-0.000000,-0.000000,0.000000,0.000000
MFCC,89,-135.363754,-0.000001,-0.000001,0.000000,-0.000000,-0.000002,-0.000000,-0.000000,0.000000,-0.000000,-0.000000,0.000000,0.000000
MFCC,90,-135.363754,-0.000001,-0.000001,0.000000,-0.000000,-0.000002,-0.000000,-0.000000,0.000000,-0.000000,-0.000000,0.000000,0.000000
MFCC,91,-135.363754,-0.000001,-0.000001,0.000000,-0.000000,-0.000002,-0.000000,-0.000000,0.000000,-0.000000,-0.000000,0.000000,0.000000
MFCC,92,-135.363754,-0.000001,-0.000001,0.000000,-0.000000,-0.000002,-0.000000,-0.000000,0.000000,-0.000000,-0.000000,0.000000,0.000000
MFCC,93,-135.363754,-0.000001,-0.000001,0.000000,-0.000000,-0.000002,-0.000000,-0.000000,0.000000,-0.000000,-0.000000,0.000000,0.000000
MFCC,94,-135.363754,-0.000001,-0.000001,0.000000,-0.000000,-0.000002,-0.000000,-0.000000,0.000000,-0.000000,-0.000000,0.000000,0.000000
MFCC,95,-135.363754,-0.000001,-0.000001,0.000000,-0.000000,-0.000002,-0.000000,-0.000000,0.000000,-0.000000,-0.000000,0.000000,0.000000
MFCC,96,-135.363754,-0.000001,-0.000001,0.000000,-0.000000,-0.000002,-0.000000,-0.000000,0.000000,-0.000000,-0.000000,0.000000,0.000000
MFCC,97,-135.363754,-0.000001,-0.000001,0.000000,-0.000000,-0.000002,-0.000000,-0.000000,0.000000,-0.000000,-0.000000,0.000000,0.000000
MFCC,98,-135.363754,-0.000001,-0.000001,0.000000,-0.000000,-0.000002,-0.000000,-0.000000,0.000000,-0.000000,-0.000000,0.000000,0.000000
[SNAPSHOT] --- END MFCC ---
INT8,-104,78,78,78,78,78,78,78,78,78,78,78,78,-104,78,78,78,78,78,78
[SNAPSHOT] --- BEGIN MODEL OUTPUT ---
OUT,answer,-128,0.000000
OUT,back,-128,0.000000
OUT,call,-128,0.000000
OUT,close,-128,0.000000
OUT,eight,-128,0.000000
OUT,five,-128,0.000000
OUT,four,-128,0.000000
OUT,help,-128,0.000000
OUT,left,-123,1.953125
OUT,next,-128,0.000000
OUT,nine,-128,0.000000
OUT,no,-128,0.000000
OUT,one,-128,0.000000
OUT,open,-128,0.000000
OUT,play,-128,0.000000
OUT,previous,-128,0.000000
OUT,record,-128,0.000000
OUT,right,-128,0.000000
OUT,search,-128,0.000000
OUT,set_a_timer,-128,0.000000
OUT,seven,-128,0.000000
OUT,six,-128,0.000000
OUT,start,-128,0.000000
OUT,stop,-128,0.000000
OUT,three,-128,0.000000
OUT,two,-128,0.000000
OUT,volume_down,-128,0.000000
OUT,volume_up,-128,0.000000
OUT,yes,121,97.265625
OUT,zero,-128,0.000000
[SNAPSHOT] --- END MODEL OUTPUT ---
[SNAPSHOT] === CAPTURE COMPLETE ===

