snapshot

[SYSTEM] --> CONTINUOUS ML INFERENCE STARTED
[SYSTEM] oracle clip set to 'volume_down'

[SYSTEM] --> ML SNAPSHOT REQUESTED

[SNAPSHOT] Get ready to speak your keyword...
[SNAPSHOT] 3...
[SNAPSHOT] 2...
[SNAPSHOT] 1...
[SNAPSHOT] >>> SPEAK NOW <<<
[SNAPSHOT] Capture complete: 32000 samples (2000 ms)
[SNAPSHOT] *** ORACLE INPUT: volume_down ***
[SNAPSHOT] --- BEGIN PCM ---
PCM,0,0,0,0,0,0,0,0,0,0,0,0,0,0,0,0
PCM,0,0,0,0,0,0,0,0,0,0,0,0,0,0,0,0
PCM,0,0,0,0,0,0,0,0,0,0,0,0,0,0,0,0
PCM,0,0,0,0,0,0,0,0,0,0,0,0,0,0,0,0
PCM,0,0,0,0,0,0,0,0,0,0,0,0,0,0,0,0
PCM,0,0,0,0,0,0,0,0,0,0,0,0,0,0,0,0
PCM,0,0,0,0,0,0,0,0,0,0,0,0,0,0,0,0
PCM,0,0,0,0,0,0,0,0,0,0,0,0,0,0,0,0
PCM,0,0,0,0,0,0,0,0,0,0,0,0,0,0,0,0
PCM,0,0,0,0,0,0,0,0,0,0,0,0,0,0,0,0
PCM,0,0,0,0,0,0,0,0,0,0,0,0,0,0,0,0
PCM,0,0,0,0,0,0,0,0,0,0,0,0,0,0,0,0
PCM,0,0,0,0,0,0,0,0,0,0,0,0,0,0,0,0
PCM,0,0,0,0,0,0,0,0,0,0,0,0,0,0,0,0
PCM,0,0,0,0,0,0,0,0,0,0,0,0,0,0,0,0
PCM,0,0,0,0,0,0,0,0,0,0,0,0,0,0,0,0
PCM,0,0,0,0,0,0,0,0,0,0,0,0,0,0,0,0
PCM,0,0,0,0,0,0,0,0,0,0,0,0,0,0,0,0
PCM,0,0,0,0,0,0,0,0,0,0,0,0,0,0,0,0
PCM,0,0,0,0,0,0,0,0,0,0,0,0,0,0,0,0
PCM,0,0,0,0,0,0,0,0,0,0,0,0,0,0,0,0
PCM,0,0,0,0,0,0,0,0,0,0,0,0,0,0,0,0
PCM,0,0,0,0,0,0,0,0,0,0,0,0,0,0,0,0
PCM,0,0,0,0,0,0,0,0,0,0,0,0,0,0,0,0
PCM,0,0,0,0,0,0,0,0,0,0,0,0,0,0,0,0
PCM,0,0,0,0,0,0,0,0,0,0,0,0,0,0,0,0
PCM,0,0,0,0,0,0,0,0,0,0,0,0,0,0,0,0
PCM,0,0,0,0,0,0,0,0,0,0,0,0,0,0,0,0
PCM,0,0,0,0,0,0,0,0,0,0,0,0,0,0,0,0
PCM,0,0,0,0,0,0,0,0,0,0,0,0,0,0,0,0
PCM,0,0,0,0,0,0,0,0,0,0,0,0,0,0,0,0
PCM,0,0,0,0,0,0,0,0,0,0,0,0,0,0,0,0
PCM,0,0,0,0,0,0,0,0,0,0,0,0,0,0,0,0
PCM,0,0,0,0,0,0,0,0,0,0,0,0,0,0,0,0
PCM,0,0,0,0,0,0,0,0,0,0,0,0,0,0,0,0
PCM,0,0,0,0,0,0,0,0,0,0,0,0,0,0,0,0
PCM,0,0,0,0,0,0,0,0,0,0,0,0,0,0,0,0
PCM,0,0,0,0,0,0,0,0,0,0,0,0,0,0,0,0
PCM,0,0,0,0,0,0,0,0,0,0,0,0,0,0,0,0
PCM,0,0,0,0,0,0,0,0,0,0,0,0,0,0,0,0
PCM,0,0,0,0,0,0,0,0,0,0,0,0,0,0,0,0
PCM,0,0,0,0,0,0,0,0,0,0,0,0,0,0,0,0
PCM,0,0,0,0,0,0,0,0,0,0,0,0,0,0,0,0
PCM,0,0,0,0,0,0,0,0,0,0,0,0,0,0,0,0
PCM,0,0,0,0,0,0,0,0,0,0,0,0,0,0,0,0
PCM,0,0,0,0,0,0,0,0,0,0,0,0,0,0,0,0
PCM,0,0,0,0,0,0,0,0,0,0,0,0,0,0,0,0
PCM,0,0,0,0,0,0,0,0,0,0,0,0,0,0,0,0
PCM,0,0,0,0,0,0,0,0,0,0,0,0,0,0,0,0
PCM,0,0,0,0,0,0,0,0,0,0,0,0,0,0,0,0
PCM,0,0,0,0,0,0,0,0,0,0,0,0,0,0,0,0
PCM,0,0,0,0,0,0,0,0,0,0,0,0,0,0,0,0
PCM,0,0,0,0,0,0,0,0,0,0,0,0,0,0,0,0
PCM,0,0,0,0,0,0,0,0,0,0,0,0,0,0,0,0
PCM,0,0,0,0,0,0,0,0,0,0,0,0,0,0,0,0
PCM,0,0,0,0,0,0,0,0,0,0,0,0,0,0,0,0
PCM,0,0,0,0,0,0,0,0,0,0,0,0,0,0,0,0
PCM,0,0,0,0,0,0,0,0,0,0,0,0,0,0,0,0
PCM,0,0,0,0,0,0,0,0,0,0,0,0,0,0,0,0
PCM,0,0,0,0,0,0,0,0,0,0,0,0,0,0,0,0
PCM,0,0,0,0,0,0,0,0,0,0,0,0,0,0,0,0
PCM,0,0,0,0,0,0,0,0,0,0,0,0,0,0,0,0
PCM,0,0,0,0,0,0,0,0,0,0,0,0,0,0,0,0
PCM,0,0,0,0,0,0,0,0,0,0,0,0,0,0,0,0
PCM,0,0,0,0,0,0,0,0,0,0,0,0,0,0,0,0
PCM,0,0,0,0,0,0,0,0,0,0,0,0,0,0,0,0
PCM,0,0,0,0,0,0,0,0,0,0,0,0,0,0,0,0
PCM,0,0,0,0,0,0,0,0,0,0,0,0,0,0,0,0
PCM,0,0,0,0,0,0,0,0,0,0,0,0,0,0,0,0
PCM,0,0,0,0,0,0,0,0,0,0,0,0,0,0,0,0
PCM,0,0,0,0,0,0,0,0,0,0,0,0,0,0,0,0
PCM,0,0,0,0,0,0,0,0,0,0,0,0,0,0,0,0
PCM,0,0,0,0,0,0,0,0,0,0,0,0,0,0,0,0
PCM,0,0,0,0,0,0,0,0,0,0,0,0,0,0,0,0
PCM,0,0,0,0,0,0,0,0,0,0,0,0,0,0,0,0
PCM,0,0,0,0,0,0,0,0,0,0,0,0,0,0,0,0
PCM,0,0,0,0,0,0,0,0,0,0,0,0,0,0,0,0
PCM,0,0,0,0,0,0,0,0,0,0,0,0,0,0,0,0
PCM,0,0,0,0,0,0,0,0,0,0,0,0,0,0,0,0
PCM,0,0,0,0,0,0,0,0,0,0,0,0,0,0,0,0
PCM,0,0,0,0,0,0,0,0,0,0,0,0,0,0,0,0
PCM,0,0,0,0,0,0,0,0,0,0,0,0,0,0,0,0
PCM,0,0,0,0,0,0,0,0,0,0,0,0,0,0,0,0
PCM,0,0,0,0,0,0,0,0,0,0,0,0,0,0,0,0
PCM,0,0,0,0,0,0,0,0,0,0,0,0,0,0,0,0
PCM,0,0,0,0,0,0,0,0,0,0,0,0,0,0,0,0
PCM,0,0,0,0,0,0,0,0,0,0,0,0,0,0,0,0
PCM,0,0,0,0,0,0,0,0,0,0,0,0,0,0,0,0
PCM,0,0,0,0,0,0,0,0,0,0,0,0,0,0,0,0
PCM,0,0,0,0,0,0,0,0,0,0,0,0,0,0,0,0
PCM,0,0,0,0,0,0,0,0,0,0,0,0,0,0,0,0
PCM,0,0,0,0,0,0,0,0,0,0,0,0,0,0,0,0
PCM,0,0,0,0,0,0,0,0,0,0,0,0,0,0,0,0
PCM,0,0,0,0,0,0,0,0,0,0,0,0,0,0,0,0
PCM,0,0,0,0,0,0,0,0,0,0,0,0,0,0,0,0
PCM,0,0,0,0,0,0,0,0,0,0,0,0,0,0,0,0
PCM,0,0,0,0,0,0,0,0,0,0,0,0,0,0,0,0
PCM,0,0,0,0,0,0,0,0,0,0,0,0,0,0,0,0
PCM,0,0,0,0,0,0,0,0,0,0,0,0,0,0,0,0
PCM,0,0,0,0,0,0,0,0,0,0,0,0,0,0,0,0
PCM,0,0,0,0,0,0,0,0,0,0,0,0,0,0,0,0
PCM,0,0,0,0,0,0,0,0,0,0,0,0,0,0,0,0
PCM,0,0,0,0,0,0,0,0,0,0,0,0,0,0,0,0
PCM,0,0,0,0,0,0,0,0,0,0,0,0,0,0,0,0
PCM,0,0,0,0,0,0,0,0,0,0,0,0,0,0,0,0
PCM,0,0,0,0,0,0,0,0,0,0,0,0,0,0,0,0
PCM,0,0,0,0,0,0,0,0,0,0,0,0,0,0,0,0
PCM,0,0,0,0,0,0,0,0,0,0,0,0,0,0,0,0
PCM,0,0,0,0,0,0,0,0,0,0,0,0,0,0,0,0
PCM,0,0,0,0,0,0,0,0,0,0,0,0,0,0,0,0
PCM,0,0,0,0,0,0,0,0,0,0,0,0,0,0,0,0
PCM,0,0,0,0,0,0,0,0,0,0,0,0,0,0,0,0
PCM,0,0,0,0,0,0,0,0,0,0,0,0,0,0,0,0
PCM,0,0,0,0,0,0,0,0,0,0,0,0,0,0,0,0
PCM,0,0,0,0,0,0,0,0,0,0,0,0,0,0,0,0
PCM,0,0,0,0,0,0,0,0,0,0,0,0,0,0,0,0
PCM,0,0,0,0,0,0,0,0,0,0,0,0,0,0,0,0
PCM,0,0,0,0,0,0,0,0,0,0,0,0,0,0,0,0
PCM,0,0,0,0,0,0,0,0,0,0,0,0,0,0,0,0
PCM,0,0,0,0,0,0,0,0,0,0,0,0,0,0,0,0
PCM,0,0,0,0,0,0,0,0,0,0,0,0,0,0,0,0
PCM,0,0,0,0,0,0,0,0,0,0,0,0,0,0,0,0
PCM,0,0,0,0,0,0,0,0,0,0,0,0,0,0,0,0
PCM,0,0,0,0,0,0,0,0,0,0,0,0,0,0,0,0
PCM,0,0,0,0,0,0,0,0,0,0,0,0,0,0,0,0
PCM,0,0,0,0,0,0,0,0,0,0,0,0,0,0,0,0
PCM,0,0,0,0,0,0,0,0,0,0,0,0,0,0,0,0
PCM,0,0,0,0,0,0,0,0,0,0,0,0,0,0,0,0
PCM,0,0,0,0,0,0,0,0,0,0,0,0,0,0,0,0
PCM,0,0,0,0,0,0,0,0,0,0,0,0,0,0,0,0
PCM,0,0,0,0,0,0,0,0,0,0,0,0,0,0,0,0
PCM,0,0,0,0,0,0,0,0,0,0,0,0,0,0,0,0
PCM,0,0,0,0,0,0,0,0,0,0,0,0,0,0,0,0
PCM,0,0,0,0,0,0,0,0,0,0,0,0,0,0,0,0
PCM,0,0,0,0,0,0,0,0,0,0,0,0,0,0,0,0
PCM,0,0,0,0,0,0,0,0,0,0,0,0,0,0,0,0
PCM,0,0,0,0,0,0,0,0,0,0,0,0,0,0,0,0
PCM,0,0,0,0,0,0,0,0,0,0,0,0,0,0,0,0
PCM,0,0,0,0,0,0,0,0,0,0,0,0,0,0,0,0
PCM,0,0,0,0,0,0,0,0,0,0,0,0,0,0,0,0
PCM,0,0,0,0,0,0,0,0,0,0,0,0,0,0,0,0
PCM,0,0,0,0,0,0,0,0,0,0,0,0,0,0,0,0
PCM,0,0,0,0,0,0,0,0,0,0,0,0,0,0,0,0
PCM,0,0,0,0,0,0,0,0,0,0,0,0,0,0,0,0
PCM,0,0,0,0,0,0,0,0,0,0,0,0,0,0,0,0
PCM,0,0,0,0,0,0,0,0,0,0,0,0,0,0,0,0
PCM,0,0,0,0,0,0,0,0,0,0,0,0,0,0,0,0
PCM,0,0,0,0,0,0,0,0,0,0,0,0,0,0,0,0
PCM,0,0,0,0,0,0,0,0,0,0,0,0,0,0,0,0
PCM,0,0,0,0,0,0,0,0,0,0,0,0,0,0,0,0
PCM,0,0,0,0,0,0,0,0,0,0,0,0,0,0,0,0
PCM,0,0,0,0,0,0,0,0,0,0,0,0,0,0,0,0
PCM,0,0,0,0,0,0,0,0,0,0,0,0,0,0,0,0
PCM,0,0,0,0,0,0,0,0,0,0,0,0,0,0,0,0
PCM,0,0,0,0,0,0,0,0,0,0,0,0,0,0,0,0
PCM,0,0,0,0,0,0,0,0,0,0,0,0,0,0,0,0
PCM,0,0,0,0,0,0,0,0,0,0,0,0,0,0,0,0
PCM,0,0,0,0,0,0,0,0,0,0,0,0,0,0,0,0
PCM,0,0,0,0,0,0,0,0,0,0,0,0,0,0,0,0
PCM,0,0,0,0,0,0,0,0,0,0,0,0,0,0,0,0
PCM,0,0,0,0,0,0,0,0,0,0,0,0,0,0,0,0
PCM,0,0,0,0,0,0,0,0,0,0,0,0,0,0,0,0
PCM,0,0,0,0,0,0,0,0,0,0,0,0,0,0,0,0
PCM,0,0,0,0,0,0,0,0,0,0,0,0,0,0,0,0
PCM,0,0,0,0,0,0,0,0,0,0,0,0,0,0,0,0
PCM,0,0,0,0,0,0,0,0,0,0,0,0,0,0,0,0
PCM,0,0,0,0,0,0,0,0,0,0,0,0,0,0,0,0
PCM,0,0,0,0,0,0,0,0,0,0,0,0,0,0,0,0
PCM,0,0,0,0,0,0,0,0,0,0,0,0,0,0,0,0
PCM,0,0,0,0,0,0,0,0,0,0,0,0,0,0,0,0
PCM,0,0,0,0,0,0,0,0,0,0,0,0,0,0,0,0
PCM,0,0,0,0,0,0,0,0,0,0,0,0,0,0,0,0
PCM,0,0,0,0,0,0,0,0,0,0,0,0,0,0,0,0
PCM,0,0,0,0,0,0,0,0,0,0,0,0,0,0,0,0
PCM,0,0,0,0,0,0,0,0,0,0,0,0,0,0,0,0
PCM,0,0,0,0,0,0,0,0,0,0,0,0,0,0,0,0
PCM,0,0,0,0,0,0,0,0,0,0,0,0,0,0,0,0
PCM,0,0,0,0,0,0,0,0,0,0,0,0,0,0,0,0
PCM,0,0,0,0,0,0,0,0,0,0,0,0,0,0,0,0
PCM,0,0,0,0,0,0,0,0,0,0,0,0,0,0,0,0
PCM,0,0,0,0,0,0,0,0,0,0,0,0,0,0,0,0
PCM,0,0,0,0,0,0,0,0,0,0,0,0,0,0,0,0
PCM,0,0,0,0,0,0,0,0,0,0,0,0,0,0,0,0
PCM,0,0,0,0,0,0,0,0,0,0,0,0,0,0,0,0
PCM,0,0,0,0,0,0,0,0,0,0,0,0,0,0,0,0
PCM,0,0,0,0,0,0,0,0,0,0,0,0,0,0,0,0
PCM,0,0,0,0,0,0,0,0,0,0,0,0,0,0,0,0
PCM,0,0,0,0,0,0,0,0,0,0,0,0,0,0,0,0
PCM,0,0,0,0,0,0,0,0,0,0,0,0,0,0,0,0
PCM,0,0,0,0,0,0,0,0,0,0,0,0,0,0,0,0
PCM,0,0,0,0,0,0,0,0,0,0,0,0,0,0,0,0
PCM,0,0,0,0,0,0,0,0,0,0,0,0,0,0,0,0
PCM,0,0,0,0,0,0,0,0,0,0,0,0,0,0,0,0
PCM,0,0,0,0,0,0,0,0,0,0,0,0,0,0,0,0
PCM,0,0,0,0,0,0,0,0,0,0,0,0,0,0,0,0
PCM,0,0,0,0,0,0,0,0,0,0,0,0,0,0,0,0
PCM,0,0,0,0,0,0,0,0,0,0,0,0,0,0,0,0
PCM,0,0,0,0,0,0,0,0,0,0,0,0,0,0,0,0
PCM,0,0,0,0,0,0,0,0,0,0,0,0,0,0,0,0
PCM,0,0,0,0,0,0,0,0,0,0,0,0,0,0,0,0
PCM,0,0,0,0,0,0,0,0,0,0,0,0,0,0,0,0
PCM,0,0,0,0,0,0,0,0,0,0,0,0,0,0,0,0
PCM,0,0,0,0,0,0,0,0,0,0,0,0,0,0,0,0
PCM,0,0,0,0,0,0,0,0,0,0,0,0,0,0,0,0
PCM,0,0,0,0,0,0,0,0,0,0,0,0,0,0,0,0
PCM,0,0,0,0,0,0,0,0,0,0,0,0,0,0,0,0
PCM,0,0,0,0,0,0,0,0,0,0,0,0,0,0,0,0
PCM,0,0,0,0,0,0,0,0,0,0,0,0,0,0,0,0
PCM,0,0,0,0,0,0,0,0,0,0,0,0,0,0,0,0
PCM,0,0,0,0,0,0,0,0,0,0,0,0,0,0,0,0
PCM,0,0,0,0,0,0,0,0,0,0,0,0,0,0,0,0
PCM,0,0,0,0,0,0,0,0,0,0,0,0,0,0,0,0
PCM,0,0,0,0,0,0,0,0,0,0,0,0,0,0,0,0
PCM,0,0,0,0,0,0,0,0,0,0,0,0,0,0,0,0
PCM,0,0,0,0,0,0,0,0,0,0,0,0,0,0,0,0
PCM,0,0,0,0,0,0,0,0,0,0,0,0,0,0,0,0
PCM,0,0,0,0,0,0,0,0,0,0,0,0,0,0,0,0
PCM,0,0,0,0,0,0,0,0,0,0,0,0,0,0,0,0
PCM,0,0,0,0,0,0,0,0,0,0,0,0,0,0,0,0
PCM,0,0,0,0,0,0,0,0,0,0,0,0,0,0,0,0
PCM,0,0,0,0,0,0,0,0,0,0,0,0,0,0,0,0
PCM,0,0,0,0,0,0,0,0,0,0,0,0,0,0,0,0
PCM,0,0,0,0,0,0,0,0,0,0,0,0,0,0,0,0
PCM,0,0,0,0,0,0,0,0,0,0,0,0,0,0,0,0
PCM,0,0,0,0,0,0,0,0,0,0,0,0,0,0,0,0
PCM,0,0,0,0,0,0,0,0,0,0,0,0,0,0,0,0
PCM,0,0,0,0,0,0,0,0,0,0,0,0,0,0,0,0
PCM,0,0,0,0,0,0,0,0,0,0,0,0,0,0,0,0
PCM,0,0,0,0,0,0,0,0,0,0,0,0,0,0,0,0
PCM,0,0,0,0,0,0,0,0,0,0,0,0,0,0,0,0
PCM,0,0,0,0,0,0,0,0,0,0,0,0,0,0,0,0
PCM,0,0,0,0,0,0,0,0,0,0,0,0,0,0,0,0
PCM,0,0,0,0,0,0,0,0,0,0,0,0,0,0,0,0
PCM,0,0,0,0,0,0,0,0,0,0,0,0,0,0,0,0
PCM,0,0,0,0,0,0,0,0,0,0,0,0,0,0,0,0
PCM,0,0,0,0,0,0,0,0,0,0,0,0,0,0,0,0
PCM,0,0,0,0,0,0,0,0,0,0,0,0,0,0,0,0
PCM,0,0,0,0,0,0,0,0,0,0,0,0,0,0,0,0
PCM,0,0,0,0,0,0,0,0,0,0,0,0,0,0,0,0
PCM,0,0,0,0,0,0,0,0,0,0,0,0,0,0,0,0
PCM,0,0,0,0,0,0,0,0,0,0,0,0,0,0,0,0
PCM,0,0,0,0,0,0,0,0,0,0,0,0,0,0,0,0
PCM,0,0,0,0,0,0,0,0,0,0,0,0,0,0,0,0
PCM,0,0,0,0,0,0,0,0,0,0,0,0,0,0,0,0
PCM,0,0,0,0,0,0,0,0,0,0,0,0,0,0,0,0
PCM,0,0,0,0,0,0,0,0,0,0,0,0,0,0,0,0
PCM,0,0,0,0,0,0,0,0,0,0,0,0,0,0,0,0
PCM,0,0,0,0,0,0,0,0,0,0,0,0,0,0,0,0
PCM,0,0,0,0,0,0,0,0,0,0,0,0,0,0,0,0
PCM,0,0,0,0,0,0,0,0,0,0,0,0,0,0,0,0
PCM,0,0,0,0,0,0,0,0,0,0,0,0,0,0,0,0
PCM,0,0,0,0,0,0,0,0,0,0,0,0,0,0,0,0
PCM,0,0,0,0,0,0,0,0,0,0,0,0,0,0,0,0
PCM,0,0,0,0,0,0,0,0,0,0,0,0,0,0,0,0
PCM,0,0,0,0,0,0,0,0,0,0,0,0,0,0,0,0
PCM,0,0,0,0,0,0,0,0,0,0,0,0,0,0,0,0
PCM,0,0,0,0,0,0,0,0,0,0,0,0,0,0,0,0
PCM,0,0,0,0,0,0,0,0,0,0,0,0,0,0,0,0
PCM,0,0,0,0,0,0,0,0,0,0,0,0,0,0,0,0
PCM,0,0,0,0,0,0,0,0,0,0,0,0,0,0,0,0
PCM,0,0,0,0,0,0,0,0,0,0,0,0,0,0,0,0
PCM,0,0,0,0,0,0,0,0,0,0,0,0,0,0,0,0
PCM,0,0,0,0,0,0,0,0,0,0,0,0,0,0,0,0
PCM,0,0,0,0,0,0,0,0,0,0,0,0,0,0,0,0
PCM,0,0,0,0,0,0,0,0,0,0,0,0,0,0,0,0
PCM,0,0,0,0,0,0,0,0,0,0,0,0,0,0,0,0
PCM,0,0,0,0,0,0,0,0,0,0,0,0,0,0,0,0
PCM,0,0,0,0,0,0,0,0,0,0,0,0,0,0,0,0
PCM,0,0,0,0,0,0,0,0,0,0,0,0,0,0,0,0
PCM,0,0,0,0,0,0,0,0,0,0,0,0,0,0,0,0
PCM,0,0,0,0,0,0,0,0,0,0,0,0,0,0,0,0
PCM,0,0,0,0,0,0,0,0,0,0,0,0,0,0,0,0
PCM,0,0,0,0,0,0,0,0,0,0,0,0,0,0,0,0
PCM,0,0,0,0,0,0,0,0,0,0,0,0,0,0,0,0
PCM,0,0,0,0,0,0,0,0,0,0,0,0,0,0,0,0
PCM,0,0,0,0,0,0,0,0,0,0,0,0,0,0,0,0
PCM,0,0,0,0,0,0,0,0,0,0,0,0,0,0,0,0
PCM,0,0,0,0,0,0,0,0,0,0,0,0,0,0,0,0
PCM,0,0,0,0,0,0,0,0,0,0,0,0,0,0,0,0
PCM,0,0,0,0,0,0,0,0,0,0,0,0,0,0,0,0
PCM,0,0,0,0,0,0,0,0,0,0,0,0,0,0,0,0
PCM,0,0,0,0,0,0,0,0,0,0,0,0,0,0,0,0
PCM,0,0,0,0,0,0,0,0,0,0,0,0,0,0,0,0
PCM,0,0,0,0,0,0,0,0,0,0,0,0,0,0,0,0
PCM,0,0,0,0,0,0,0,0,0,0,0,0,0,0,0,0
PCM,0,0,0,0,0,0,0,0,0,0,0,0,0,0,0,0
PCM,0,0,0,0,0,0,0,0,0,0,0,0,0,0,0,0
PCM,0,0,0,0,0,0,0,0,0,0,0,0,0,0,0,0
PCM,0,0,0,0,0,0,0,0,0,0,0,0,0,0,0,0
PCM,0,0,0,0,0,0,0,0,0,0,0,0,0,0,0,0
PCM,0,0,0,0,0,0,0,0,0,0,0,0,0,0,0,0
PCM,0,0,0,0,0,0,0,0,0,0,0,0,0,0,0,0
PCM,0,0,0,0,0,0,0,0,0,0,0,0,0,0,0,0
PCM,0,0,0,0,0,0,0,0,0,0,0,0,0,0,0,0
PCM,0,0,0,0,0,0,0,0,0,0,0,0,0,0,0,0
PCM,0,0,0,0,0,0,0,0,0,0,0,0,0,0,0,0
PCM,0,0,0,0,0,0,0,0,0,0,0,0,0,0,0,0
PCM,0,0,0,0,0,0,0,0,0,0,0,0,0,0,0,0
PCM,0,0,0,0,0,0,0,0,0,0,0,0,0,0,0,0
PCM,0,0,0,0,0,0,0,0,0,0,0,0,0,0,0,0
PCM,0,0,0,0,0,0,0,0,0,0,0,0,0,0,0,0
PCM,0,0,0,0,0,0,0,0,0,0,0,0,0,0,0,0
PCM,0,0,0,0,0,0,0,0,0,0,0,0,0,0,0,0
PCM,0,0,0,0,0,0,0,0,0,0,0,0,0,0,0,0
PCM,0,0,0,0,0,0,0,0,0,0,0,0,0,0,0,0
PCM,0,0,0,0,0,0,0,0,0,0,0,0,0,0,0,0
PCM,0,0,0,0,0,0,0,0,0,0,0,0,0,0,0,0
PCM,0,0,0,0,0,0,0,0,0,0,0,0,0,0,0,0
PCM,0,0,0,0,0,0,0,0,0,0,0,0,0,0,0,0
PCM,0,0,0,0,0,0,0,0,0,0,0,0,0,0,0,0
PCM,0,0,0,0,0,0,0,0,0,0,0,0,0,0,0,0
PCM,0,0,0,0,0,0,0,0,0,0,0,0,0,0,0,0
PCM,0,0,0,0,0,0,0,0,0,0,0,0,0,0,0,0
PCM,0,0,0,0,0,0,0,0,0,0,0,0,0,0,0,0
PCM,0,0,0,0,0,0,0,0,0,0,0,0,0,0,0,0
PCM,0,0,0,0,0,0,0,0,0,0,0,0,0,0,0,0
PCM,0,0,0,0,0,0,0,0,0,0,0,0,0,0,0,0
PCM,0,0,0,0,0,0,0,0,0,0,0,0,0,0,0,0
PCM,0,0,0,0,0,0,0,0,0,0,0,0,0,0,0,0
PCM,0,0,0,0,0,0,0,0,0,0,0,0,0,0,0,0
PCM,0,0,0,0,0,0,0,0,0,0,0,0,0,0,0,0
PCM,0,0,0,0,0,0,0,0,0,0,0,0,0,0,0,0
PCM,0,0,0,0,0,0,0,0,0,0,0,0,0,0,0,0
PCM,0,0,0,0,0,0,0,0,0,0,0,0,0,0,0,0
PCM,0,0,0,0,0,0,0,0,0,0,0,0,0,0,0,0
PCM,0,0,0,0,0,0,0,0,0,0,0,0,0,0,0,0
PCM,0,0,0,0,0,0,0,0,0,0,0,0,0,0,0,0
PCM,0,0,0,0,0,0,0,0,0,0,0,0,0,0,0,0
PCM,0,0,0,0,0,0,0,0,0,0,0,0,0,0,0,0
PCM,0,0,0,0,0,0,0,0,0,0,0,0,0,0,0,0
PCM,0,0,0,0,0,0,0,0,0,0,0,0,0,0,0,0
PCM,0,0,0,0,0,0,0,0,0,0,0,0,0,0,0,0
PCM,0,0,0,0,0,0,0,0,0,0,0,0,0,0,0,0
PCM,0,0,0,0,0,0,0,0,0,0,0,0,0,0,0,0
PCM,0,0,0,0,0,0,0,0,0,0,0,0,0,0,0,0
PCM,0,0,0,0,0,0,0,0,0,0,0,0,0,0,0,0
PCM,0,0,0,0,0,0,0,0,0,0,0,0,0,0,0,0
PCM,0,0,0,0,0,0,0,0,0,0,0,0,0,0,0,0
PCM,0,0,0,0,0,0,0,0,0,0,0,0,0,0,0,0
PCM,0,0,0,0,0,0,0,0,0,0,0,0,0,0,0,0
PCM,0,0,0,0,0,0,0,0,0,0,0,0,0,0,0,0
PCM,0,0,0,0,0,0,0,0,0,0,0,0,0,0,0,0
PCM,0,0,0,0,0,0,0,0,0,0,0,0,0,0,0,0
PCM,0,0,0,0,0,0,0,0,0,0,0,0,0,0,0,0
PCM,0,0,0,0,0,0,0,0,0,0,0,0,0,0,0,0
PCM,0,0,0,0,0,0,0,0,0,0,0,0,0,0,0,0
PCM,0,0,0,0,0,0,0,0,0,0,0,0,0,0,0,0
PCM,0,0,0,0,0,0,0,0,0,0,0,0,0,0,0,0
PCM,0,0,0,0,0,0,0,0,0,0,0,0,0,0,0,0
PCM,0,0,0,0,0,0,0,0,0,0,0,0,0,0,0,0
PCM,0,0,0,0,0,0,0,0,0,0,0,0,0,0,0,0
PCM,0,0,0,0,0,0,0,0,0,0,0,0,0,0,0,0
PCM,0,0,0,0,0,0,0,0,0,0,0,0,0,0,0,0
PCM,0,0,0,0,0,0,0,0,0,0,0,0,0,0,0,0
PCM,0,0,0,0,0,0,0,0,0,0,0,0,0,0,0,0
PCM,0,0,0,0,0,0,0,0,0,0,0,0,0,0,0,0
PCM,0,0,0,0,0,0,0,0,0,0,0,0,0,0,0,0
PCM,0,0,0,0,0,0,0,0,0,0,0,0,0,0,0,0
PCM,0,0,0,0,0,0,0,0,0,0,0,0,0,0,0,0
PCM,0,0,0,0,0,0,0,0,0,0,0,0,0,0,0,0
PCM,0,0,0,0,0,0,0,0,0,0,0,0,0,0,0,0
PCM,0,0,0,0,0,0,0,0,0,0,0,0,0,0,0,0
PCM,0,0,0,0,0,0,0,0,0,0,0,0,0,0,0,0
PCM,0,0,0,0,0,0,0,0,0,0,0,0,0,0,0,0
PCM,0,0,0,0,0,0,0,0,0,0,0,0,0,0,0,0
PCM,0,0,0,0,0,0,0,0,0,0,0,0,0,0,0,0
PCM,0,0,0,0,0,0,0,0,0,0,0,0,0,0,0,0
PCM,0,0,0,0,0,0,0,0,0,0,0,0,0,0,0,0
PCM,0,0,0,0,0,0,0,0,0,0,0,0,0,0,0,0
PCM,0,0,0,0,0,0,0,0,0,0,0,0,0,0,0,0
PCM,0,0,0,0,0,0,0,0,0,0,0,0,0,0,0,0
PCM,0,0,0,0,0,0,0,0,0,0,0,0,0,0,0,0
PCM,0,0,0,0,0,0,0,0,0,0,0,0,0,0,0,0
PCM,0,0,0,0,0,0,0,0,0,0,0,0,0,0,0,0
PCM,0,0,0,0,0,0,0,0,0,0,0,0,0,0,0,0
PCM,0,0,0,0,0,0,0,0,0,0,0,0,0,0,0,0
PCM,0,0,0,0,0,0,0,0,0,0,0,0,0,0,0,0
PCM,0,0,0,0,0,0,0,0,0,0,0,0,0,0,0,0
PCM,0,0,0,0,0,0,0,0,0,0,0,0,0,0,0,0
PCM,0,0,0,0,0,0,0,0,0,0,0,0,0,0,0,0
PCM,0,0,0,0,0,0,0,0,0,0,0,0,0,0,0,0
PCM,0,0,0,0,0,0,0,0,0,0,0,0,0,0,0,0
PCM,0,0,0,0,0,0,0,0,0,0,0,0,0,0,0,0
PCM,0,0,0,0,0,0,0,0,0,0,0,0,0,0,0,0
PCM,0,0,0,0,0,0,0,0,0,0,0,0,0,0,0,0
PCM,0,0,0,0,0,0,0,0,0,0,0,0,0,0,0,0
PCM,0,0,0,0,0,0,0,0,0,0,0,0,0,0,0,0
PCM,0,0,0,0,0,0,0,0,0,0,0,0,0,0,0,0
PCM,0,0,0,0,0,0,0,0,0,0,0,0,0,0,0,0
PCM,0,0,0,0,0,0,0,0,0,0,0,0,0,0,0,0
PCM,0,0,0,0,0,0,0,0,0,0,0,0,0,0,0,0
PCM,0,0,0,0,0,0,0,0,0,0,0,0,0,0,0,0
PCM,0,0,0,0,0,0,0,0,0,0,0,0,0,0,0,0
PCM,0,0,0,0,0,0,0,0,0,0,0,0,0,0,0,0
PCM,0,0,0,0,0,0,0,0,0,0,0,0,0,0,0,0
PCM,0,0,0,0,0,0,0,0,0,0,0,0,0,0,0,0
PCM,0,0,0,0,0,0,0,0,0,0,0,0,0,0,0,0
PCM,0,0,0,0,0,0,0,0,0,0,0,0,0,0,0,0
PCM,0,0,0,0,0,0,0,0,0,0,0,0,0,0,0,0
PCM,0,0,0,0,0,0,0,0,0,0,0,0,0,0,0,0
PCM,0,0,0,0,0,0,0,0,0,0,0,0,0,0,0,0
PCM,0,0,0,0,0,0,0,0,0,0,0,0,0,0,0,0
PCM,0,0,0,0,0,0,0,0,0,0,0,0,0,0,0,0
PCM,0,0,0,0,0,0,0,0,0,0,0,0,0,0,0,0
PCM,0,0,0,0,0,0,0,0,0,0,0,0,0,0,0,0
PCM,0,0,0,0,0,0,0,0,0,0,0,0,0,0,0,0
PCM,0,0,0,0,0,0,0,0,0,0,0,0,0,0,0,0
PCM,0,0,0,0,0,0,0,0,0,0,0,0,0,0,0,0
PCM,0,0,0,0,0,0,0,0,0,0,0,0,0,0,0,0
PCM,0,0,0,0,0,0,0,0,0,0,0,0,0,0,0,0
PCM,0,0,0,0,0,0,0,0,0,0,0,0,0,0,0,0
PCM,0,0,0,0,0,0,0,0,0,0,0,0,0,0,0,0
PCM,0,0,0,0,0,0,0,0,0,0,0,0,0,0,0,0
PCM,0,0,0,0,0,0,0,0,0,0,0,0,0,0,0,0
PCM,0,0,0,0,0,0,0,0,0,0,0,0,0,0,0,0
PCM,0,0,0,0,0,0,0,0,0,0,0,0,0,0,0,0
PCM,0,0,0,0,0,0,0,0,0,0,0,0,0,0,0,0
PCM,0,0,0,0,0,0,0,0,0,0,0,0,0,0,0,0
PCM,0,0,0,0,0,0,0,0,0,0,0,0,0,0,0,0
PCM,0,0,0,0,0,0,0,0,0,0,0,0,0,0,0,0
PCM,0,0,0,0,0,0,0,0,0,0,0,0,0,0,0,0
PCM,0,0,0,0,0,0,0,0,0,0,0,0,0,0,0,0
PCM,0,0,0,0,0,0,0,0,0,0,0,0,0,0,0,0
PCM,0,0,0,0,0,0,0,0,0,0,0,0,0,0,0,0
PCM,0,0,0,0,0,0,0,0,0,0,0,0,0,0,0,0
PCM,0,0,0,0,0,0,0,0,0,0,0,0,0,0,0,0
PCM,0,0,0,0,0,0,0,0,0,0,0,0,0,0,0,0
PCM,0,0,0,0,0,0,0,0,0,0,0,0,0,0,0,0
PCM,0,0,0,0,0,0,0,0,0,0,0,0,0,0,0,0
PCM,0,0,0,0,0,0,0,0,0,0,0,0,0,0,0,0
PCM,0,0,0,0,0,0,0,0,0,0,0,0,0,0,0,0
PCM,0,0,0,0,0,0,0,0,0,0,0,0,0,0,0,0
PCM,0,0,0,0,0,0,0,0,0,0,0,0,0,0,0,0
PCM,0,0,0,0,0,0,0,0,0,0,0,0,0,0,0,0
PCM,0,0,0,0,0,0,0,0,0,0,0,0,0,0,0,0
PCM,0,0,0,0,0,0,0,0,0,0,0,0,0,0,0,0
PCM,0,0,0,0,0,0,0,0,0,0,0,0,0,0,0,0
PCM,0,0,0,0,0,0,0,0,0,0,0,0,0,0,0,0
PCM,0,0,0,0,0,0,0,0,0,0,0,0,0,0,0,0
PCM,0,0,0,0,0,0,0,0,0,0,0,0,0,0,0,0
PCM,0,0,0,0,0,0,0,0,0,0,0,0,0,0,0,0
PCM,0,0,0,0,0,0,0,0,0,0,0,0,0,0,0,0
PCM,0,0,0,0,0,0,0,0,0,0,0,0,0,0,0,0
PCM,0,0,0,0,0,0,0,0,0,0,0,0,0,0,0,0
PCM,0,0,0,0,0,0,0,0,0,0,0,0,0,0,0,0
PCM,0,0,0,0,0,0,0,0,0,0,0,0,0,0,0,0
PCM,0,0,0,0,0,0,0,0,0,0,0,0,0,0,0,0
PCM,0,0,0,0,0,0,0,0,0,0,0,0,0,0,0,0
PCM,0,0,0,0,0,0,0,0,0,0,0,0,0,0,0,0
PCM,0,0,0,0,0,0,0,0,0,0,0,0,0,0,0,0
PCM,0,0,0,0,0,0,0,0,0,0,0,0,0,0,0,0
PCM,0,0,0,0,0,0,0,0,0,0,0,0,0,0,0,0
PCM,0,0,0,0,0,0,0,0,0,0,0,0,0,0,0,0
PCM,0,0,0,0,0,0,0,0,0,0,0,0,0,0,0,0
PCM,0,0,0,0,0,0,0,0,0,0,0,0,0,0,0,0
PCM,0,0,0,0,0,0,0,0,0,0,0,0,0,0,0,0
PCM,0,0,0,0,0,0,0,0,0,0,0,0,0,0,0,0
PCM,0,0,0,0,0,0,0,0,0,0,0,0,0,0,0,0
PCM,0,0,0,0,0,0,0,0,0,0,0,0,0,0,0,0
PCM,0,0,0,0,0,0,0,0,0,0,0,0,0,0,0,0
PCM,0,0,0,0,0,0,0,0,0,0,0,0,0,0,0,0
PCM,0,0,0,0,0,0,0,0,0,0,0,0,0,0,0,0
PCM,0,0,0,0,0,0,0,0,0,0,0,0,0,0,0,0
PCM,0,0,0,0,0,0,0,0,0,0,0,0,0,0,0,0
PCM,0,0,0,0,0,0,0,0,0,0,0,0,0,0,0,-544
PCM,-501,-599,-685,-626,-562,-597,-489,-546,-616,-698,-652,-469,-513,-646,-783,-924
PCM,-763,-594,-444,-270,-670,-986,-1023,-768,-668,-845,-879,-845,-726,-511,-279,-314
PCM,-521,-632,-548,-106,-38,-150,-201,-197,-16,140,343,420,351,244,335,508
PCM,711,688,739,784,843,837,1008,1167,1149,992,976,1171,1441,1562,1513,1395
PCM,1207,1270,1340,1791,1770,1372,1105,1149,1578,1745,1626,1465,1267,1004,953,1297
PCM,1046,476,93,533,1114,1131,1230,800,387,331,404,750,876,559,445,331
PCM,517,460,415,524,153,-159,-173,-207,-495,-546,-719,-803,-902,-1035,-648,-949
PCM,-1611,-1896,-2125,-1875,-1909,-2097,-1958,-1768,-1808,-1953,-1869,-2014,-2012,-1981,-1701,-1688
PCM,-1750,-1548,-1476,-1359,-1662,-1678,-1333,-1093,-977,-1184,-1287,-1025,-916,-894,-1059,-886
PCM,-812,-282,93,369,406,67,137,341,820,424,533,669,1004,1046,1094,1461
PCM,1112,998,969,1304,1451,1133,1242,1312,1276,1203,1276,1695,1638,1487,1263,1548
PCM,1600,1251,1226,1181,1381,1260,1366,1582,1205,957,1064,1503,1573,1073,911,1022
PCM,901,764,653,744,633,406,288,-41,-363,-458,-467,-471,-412,-768,-835,-475
PCM,-407,-796,-1007,-888,-537,-610,-845,-914,-1143,-1351,-1266,-1059,-948,-833,-1202,-1190
PCM,-1236,-870,-727,-569,-555,-722,-537,-717,-268,-136,-279,-600,-419,-298,-180,56
PCM,-346,-626,-446,-115,-58,-138,-152,-152,-241,208,593,621,267,218,299,357
PCM,611,683,953,1006,992,941,1173,1492,1066,925,1119,1346,1290,1126,1325,889
PCM,517,331,776,1306,746,369,258,181,174,309,468,375,276,-11,162,343
PCM,-32,-189,-277,-4,-88,10,71,-110,-199,-678,-183,-196,-471,-600,-824,-539
PCM,-430,-122,-471,-713,-781,-676,-626,-666,-497,-1011,-965,-904,-717,-502,-769,-745
PCM,-567,-548,-282,-252,-539,-849,-1090,-432,67,84,73,-113,-268,57,-173,-238
PCM,-219,-671,-336,-46,621,325,-489,-4,202,100,105,-32,-398,-409,-249,-154
PCM,111,21,56,228,448,598,250,339,133,-22,561,337,385,413,196,345
PCM,278,-15,-210,-140,-43,244,179,351,216,57,309,242,149,1,-80,-141
PCM,-131,-187,-159,-113,87,67,-90,109,353,142,128,353,323,341,5,160
PCM,418,351,299,35,206,248,29,269,504,390,387,496,645,579,476,675
PCM,593,533,609,950,839,625,524,704,948,579,709,726,670,397,186,192
PCM,359,218,158,292,179,57,-175,17,-155,-310,-358,-183,-210,-282,-124,-113
PCM,-141,-221,-437,-430,-177,-363,-265,-485,-509,-340,-277,-243,-580,-576,-628,-594
PCM,-539,-650,-1130,-1627,-1528,-1129,-505,-398,-551,-763,-872,-654,-481,-428,-467,-495
PCM,-407,-46,35,-2,-270,-489,-380,-90,299,253,-223,-521,-458,-207,320,234
PCM,137,35,-141,190,443,552,399,500,772,1237,1647,1561,1499,1332,1404,1709
PCM,1800,1818,1769,1759,1920,2138,2045,1809,1672,1501,1763,1728,1312,1153,1112,905
PCM,501,563,367,109,-64,-161,126,196,47,-231,-152,-254,-553,-761,-1250,-1426
PCM,-1875,-2276,-2199,-2410,-2596,-2759,-2886,-2928,-2850,-2507,-2264,-2185,-2134,-1977,-1827,-1879
PCM,-1977,-1991,-2121,-2322,-2332,-2401,-2232,-2107,-2016,-1785,-1466,-1266,-1164,-699,-541,-460
PCM,-507,-377,-129,-245,-74,7,63,222,208,315,549,774,1064,1367,1497,1590
PCM,1798,1749,1807,2249,2742,3133,3219,3245,3099,3159,3288,3689,3963,3955,4201,4211
PCM,4271,4134,4217,4233,4001,4002,3985,3975,3784,3520,3509,3405,3032,2432,1826,1187
PCM,188,-795,-1655,-2375,-3130,-3584,-3545,-3744,-3867,-4093,-3843,-3432,-3241,-2884,-2860,-2595
PCM,-2512,-2440,-2234,-2132,-2312,-2626,-2860,-3195,-3334,-3295,-3663,-3998,-4121,-3986,-3788,-3976
PCM,-4056,-3968,-3418,-3292,-3204,-3009,-3039,-2840,-2491,-1826,-1305,-1073,-1007,-656,168,732
PCM,994,925,1028,1397,1596,1638,1590,1491,1181,1075,1048,814,536,71,-300,-312
PCM,-187,-90,-396,-530,-666,-588,-66,339,557,750,1477,2420,3479,4680,5842,6575
PCM,7079,7726,8383,8763,8689,8330,7964,7816,7695,7422,7056,6358,5426,4803,4279,3302
PCM,1536,-826,-3434,-5633,-7565,-9600,-11302,-12575,-13138,-12702,-11156,-9093,-7145,-5103,-2484,323
PCM,2692,4319,4970,4984,4819,4430,3395,1880,307,-1393,-3039,-4431,-5529,-6576,-7799,-8683
PCM,-9160,-9296,-9405,-9514,-9485,-8998,-8002,-6818,-5110,-3378,-1506,480,1997,3719,5373,6549
PCM,7373,7867,7841,7427,7021,6295,5373,4030,2652,1316,-71,-1371,-2792,-3919,-4836,-5497
PCM,-5710,-5786,-5467,-5154,-5038,-4478,-3829,-2811,-1702,-1074,-515,239,973,2120,3536,5065
PCM,6650,8203,10161,11930,13415,14751,15513,15865,16041,15555,14593,13233,11354,9492,8022,6547
PCM,5148,3993,2960,1698,210,-1354,-3364,-5756,-8560,-11323,-13585,-15401,-16702,-17515,-17200,-15111
PCM,-12116,-8410,-4095,431,4688,8434,11553,13366,13716,13012,11275,8561,5284,1661,-2252,-6083
PCM,-9213,-11663,-13333,-14356,-14634,-14628,-14211,-13321,-12589,-11839,-10917,-9688,-8118,-6643,-4965,-3082
PCM,-799,2066,4771,7675,10044,11919,13251,14182,14209,13037,11368,8906,6088,2925,-159,-3289
PCM,-6568,-9342,-11223,-12152,-12689,-12992,-12527,-10952,-8776,-6627,-4207,-1984,-32,1531,2942,4253
PCM,4894,5268,5173,5188,5320,5488,5959,6211,6885,7867,9069,10502,11277,11914,12345,12238
PCM,11609,10427,8735,6896,5143,3335,2182,1536,1270,1320,1559,1832,1700,1725,853,-935
PCM,-3406,-6244,-8945,-12228,-14527,-16290,-16952,-15657,-12970,-8926,-4376,934,6063,10650,14353,16794
PCM,17735,16643,13894,9609,4581,-942,-6386,-11403,-15458,-18170,-19444,-19237,-18135,-16250,-13972,-11260
PCM,-8226,-5473,-2971,-1368,-567,-64,195,1286,2031,2789,3888,5327,7250,8955,10288,10919
PCM,11289,10890,9969,8138,5484,2448,-1143,-4588,-7551,-10198,-12244,-13460,-13832,-13254,-11705,-9739
PCM,-7606,-4995,-2352,128,2460,4391,5605,5912,5842,5856,5558,5002,4120,3236,2793,2645
PCM,2750,3014,3252,3752,4838,6565,8185,9228,10090,10219,10189,10199,9611,8594,6985,5516
PCM,4789,4363,3963,3300,2788,2809,2885,2703,1292,-1025,-3901,-7023,-9739,-12622,-14872,-16829
PCM,-17625,-16107,-12992,-8482,-3462,1964,7302,12568,17157,19707,20074,17958,14663,10340,4861,-1250
PCM,-7557,-13238,-17760,-20483,-21823,-21706,-20733,-18943,-15882,-12022,-8134,-4950,-2070,781,3147,5354
PCM,7170,8142,8195,7585,6962,5873,4611,2816,714,-572,-1158,-1243,-893,-571,-393,335
PCM,1392,1999,1925,934,-396,-1995,-3535,-5106,-6931,-8377,-9204,-8780,-7698,-6194,-4755,-2933
PCM,-237,2237,4440,6211,7056,7313,7121,6521,5496,4174,2523,957,65,-279,19,501
PCM,1550,3292,5459,8045,10403,11990,13007,13529,13521,12820,11238,9120,6956,4875,3046,1624
PCM,504,-551,-1347,-1368,-1127,-1521,-2769,-4459,-6212,-7777,-9475,-10867,-11820,-11602,-9852,-6868
PCM,-2954,1325,5637,10010,13994,16194,16579,14934,11611,6890,1453,-4357,-10279,-15784,-20078,-22192
PCM,-22333,-21110,-18854,-16028,-12511,-8371,-4395,-908,1193,2247,2962,3777,4497,4803,4620,4414
PCM,4588,5072,5262,4861,3449,1701,663,-437,-1243,-2389,-3292,-3512,-2915,-1313,432,1679
PCM,2309,2907,3215,2752,1108,-1528,-4528,-7066,-8931,-9922,-10577,-10528,-9549,-7104,-3350,420
PCM,3846,6352,8330,9603,10277,10038,8573,5996,3367,1378,-104,-1250,-2239,-2345,-1278,756
PCM,3421,6120,8696,10749,12409,13968,14464,13682,11433,8837,6630,4432,2333,256,-1419,-2189
PCM,-1847,-726,494,1529,1756,1798,1207,7,-2084,-5217,-8019,-10406,-11205,-11038,-9834,-7972
PCM,-4987,-1005,3314,7468,10018,11150,10794,9331,6288,1872,-3283,-8718,-13691,-17250,-19466,-20483
PCM,-20066,-18163,-15321,-11735,-7896,-4533,-1838,-27,1652,2800,3500,3752,3749,4470,5697,6959
PCM,7899,8332,8151,7137,5926,3955,1346,-1619,-4596,-6429,-7336,-7127,-6170,-4439,-2102,598
PCM,3175,5063,5912,5033,3226,822,-2211,-5428,-8868,-11467,-13048,-13478,-12321,-10059,-7055,-3954
PCM,-154,3810,7089,9548,10919,11516,11261,10347,8952,7073,4944,3006,1622,973,816,876
PCM,1575,3217,5516,7484,8941,9605,9972,10229,9900,9043,7179,5141,3137,1920,1198,526
PCM,515,907,1952,3302,4215,4072,2716,571,-1530,-3905,-6645,-9554,-11897,-12592,-11584,-9095
PCM,-5872,-2078,1798,5891,9555,11831,12347,10796,7633,3308,-1347,-6522,-11701,-16181,-19325,-20534
PCM,-19858,-17730,-14634,-10772,-6613,-2282,1543,4513,6088,6638,6950,7028,6820,6428,6100,5782
PCM,5901,6288,6211,5159,3427,1143,-854,-2926,-5239,-7303,-8579,-8312,-7009,-4737,-2106,413
PCM,2363,4182,5258,5083,3288,367,-2882,-5837,-8087,-10207,-11371,-11981,-11137,-8699,-5398,-1909
PCM,1031,3898,6765,9315,10919,11533,11116,10153,9008,7500,5366,2747,-13,-2175,-3475,-4548
PCM,-5082,-4723,-3132,-419,2833,5854,8533,10370,11502,11857,10600,7987,4249,619,-2106,-3642
PCM,-4044,-3088,-1120,1739,5826,10153,13302,14307,12884,9633,5250,-646,-7376,-14173,-19752,-22921
PCM,-23021,-20087,-15230,-9330,-2608,4889,11732,16603,18327,17171,13533,8105,1837,-4931,-11790,-17813
PCM,-21419,-22250,-20582,-17589,-13818,-9266,-4369,69,3638,5744,6422,6174,5840,5685,5197,4547
PCM,4081,4347,5026,5915,6116,5299,3441,1157,-743,-2484,-4727,-6969,-7907,-7360,-5501,-3292
PCM,-1101,776,2434,3946,5047,4936,3032,174,-2370,-4163,-5439,-6675,-7398,-7002,-5603,-2924
PCM,-177,1934,3191,4275,5609,6648,6665,5568,4257,3277,2754,2172,1233,-270,-1701,-2185
PCM,-1702,-1236,-967,-666,540,2825,5709,8439,10215,11204,11382,11402,10583,8423,4950,1610
PCM,-380,-1226,-995,1,1769,4349,7860,11530,13737,13642,10902,6292,1179,-5086,-11811,-18404
PCM,-23378,-25425,-24355,-20266,-14618,-7921,-610,7274,14288,18803,19995,17993,14013,8673,2275,-4927
PCM,-12164,-18103,-21630,-22069,-20467,-18050,-14954,-11031,-6212,-1701,1955,4171,4924,5244,5518,5917
PCM,5891,5173,4495,4446,5099,5449,4837,3097,1048,-628,-1758,-2287,-3472,-4602,-4858,-3543
PCM,-1266,501,1346,1580,1719,1992,2071,691,-1766,-4637,-6377,-6639,-6349,-6647,-7004,-6427
PCM,-4969,-2642,-880,98,486,1360,2913,4863,5820,5798,5734,5856,6424,6110,4873,2525
PCM,-168,-2241,-3098,-3667,-4170,-4221,-2500,1298,5894,10286,13384,15203,15552,15545,14070,10791
PCM,5683,349,-3049,-4538,-4433,-3184,-449,3224,8156,12995,16238,16636,13567,8622,2800,-4075
PCM,-12013,-19295,-24714,-26891,-25489,-21280,-14773,-7671,51,8034,15122,19556,20348,18382,14860,10109
PCM,4154,-2102,-8269,-13333,-16523,-17438,-16996,-16038,-14918,-12714,-9370,-6089,-3601,-1702,-122,1461
PCM,3513,5405,6989,7202,7142,7448,7361,5788,2712,-662,-3339,-5048,-6339,-6742,-6587,-5478
PCM,-3035,500,3763,5625,6290,6174,5732,4211,1394,-2239,-5672,-8303,-9495,-9348,-8998,-8426
PCM,-7122,-4820,-2213,172,1709,2597,3222,3939,4807,5472,5438,4754,4347,4252,4011,2895
PCM,1101,-796,-2435,-3748,-4112,-4091,-3581,-2234,272,3974,7691,10736,12882,14071,13829,12329
PCM,9522,5903,1233,-3005,-5992,-6740,-5797,-3716,-43,4583,9678,13987,17349,18154,16440,12044
PCM,6461,-68,-7527,-14595,-19992,-23283,-24142,-21954,-17825,-12441,-6627,-57,6074,10974,13930,15140
PCM,14825,12991,9858,5977,1561,-3271,-7884,-11723,-14553,-17035,-18471,-18658,-17674,-15688,-12974,-9312
PCM,-5076,-838,3173,6376,8755,10074,10215,9436,7768,4949,1564,-1581,-3867,-5161,-5763,-5448
PCM,-4169,-2012,515,3203,5060,5651,5415,4773,3397,1334,-1192,-3637,-5642,-6816,-6911,-6677
PCM,-6288,-5689,-4304,-2781,-1323,-604,-210,320,1089,2194,3044,3729,4035,4611,5301,6005
PCM,5713,4380,2758,1366,156,-1192,-2232,-3209,-3250,-2199,-90,2469,4871,7341,9939,12035
PCM,12885,12480,10580,8064,5222,2621,446,-1299,-1785,-656,1717,4921,7987,10536,12750,13556
PCM,12870,10163,5743,81,-5656,-10748,-14910,-18170,-19916,-19436,-16709,-12765,-8713,-3905,478,4502
PCM,7780,10157,10789,9859,8143,6225,3784,642,-2813,-6437,-9473,-12184,-14018,-15297,-15871,-15813
PCM,-14146,-11216,-7970,-4881,-1875,1226,3666,5512,6855,6957,6120,4908,3819,2659,1066,-203
PCM,-938,-690,-180,725,1800,2573,3159,3588,3513,2861,1214,-673,-2338,-4137,-5745,-6999
PCM,-7519,-7308,-6200,-4547,-2957,-1756,-515,764,2073,2828,3014,3180,3193,3296,3594,3634
PCM,3574,3449,3416,3451,3150,2537,1612,667,-182,-509,-698,-738,-168,1197,2942,4894
PCM,6665,7919,9147,9580,9402,8707,7276,5548,4238,3488,3566,4347,5496,7160,8499,9398
PCM,9659,8670,6957,4307,637,-3079,-7237,-10617,-12920,-14648,-15354,-14847,-13016,-10307,-7277,-3924
PCM,-606,2009,4666,7130,8647,8895,8223,6973,5099,2775,-118,-3573,-7141,-10317,-12631,-14046
PCM,-14847,-14962,-13986,-11852,-8704,-5615,-2471,756,3393,5510,6922,7404,6998,6104,4950,3556
PCM,1739,283,-594,-1025,-916,-421,417,1270,2099,2939,3338,3053,1895,325,-1500,-3380
PCM,-5328,-7191,-8347,-8826,-8494,-7418,-5633,-3417,-949,1214,3322,5075,5975,6299,5852,5304
PCM,4652,3705,2750,2103,1755,1457,1115,975,667,-60,-747,-1000,-724,-231,947,2617
PCM,4559,6823,9071,10648,11291,10766,9716,8580,6823,5324,4086,2918,2823,3578,5037,6640
PCM,6989,6936,6942,6414,5609,3427,83,-3001,-6036,-8152,-9751,-11339,-12161,-12061,-10426,-7738
PCM,-5438,-3162,-866,1545,4229,6360,7306,6809,5627,4388,2842,851,-2040,-5309,-7797,-9692
PCM,-10948,-12166,-13585,-14208,-13917,-12950,-11165,-9695,-7988,-5503,-2586,702,3527,5522,6987,7976
PCM,8471,8642,7615,6156,4914,3991,3722,3402,3344,3608,3752,3888,3240,1705,-38,-2153
PCM,-4695,-6800,-8410,-9745,-10264,-9957,-8643,-7044,-5422,-3420,-1887,-282,1235,2418,3477,3638
PCM,3611,3835,3916,3731,3449,2997,2744,2682,2494,2494,2071,1475,1087,973,959,862
PCM,848,1089,1596,2561,3580,4449,4990,5053,5103,5007,4893,4261,3711,3711,4279,5260
PCM,6820,8404,9474,10400,10999,11253,10544,8714,6607,3381,-391,-4022,-7717,-10617,-12974,-14356
PCM,-14838,-14414,-13071,-10941,-9032,-6917,-4610,-2389,-279,1135,1853,2041,1925,1934,1658,1108
PCM,526,-902,-2223,-3500,-4770,-6448,-8198,-9630,-9920,-9537,-8662,-7194,-5774,-3922,-2081,-275
PCM,1209,1673,1338,1193,1167,1513,1939,2654,3764,5178,7077,8550,8974,8693,8286,7331
PCM,5752,3509,512,-2667,-5756,-8067,-10012,-11948,-13275,-13518,-12596,-11207,-9250,-7407,-5448,-2952
PCM,-352,2049,3486,4229,4813,5558,6559,6987,6841,6551,6348,6443,6130,5051,3555,2291
PCM,1492,1173,823,341,274,923,1894,2638,2835,2573,1994,1741,1575,1143,570,500
PCM,1511,3173,5452,7633,9595,11551,13281,14167,14013,12584,10650,8161,5236,1445,-2336,-5920
PCM,-8581,-10093,-11320,-12216,-12964,-12076,-10885,-9665,-8758,-8102,-7513,-6103,-4248,-2723,-1687,-877
PCM,100,1212,1882,1573,683,-537,-1323,-2088,-2761,-3710,-4487,-4714,-4323,-3968,-3845,-3873
PCM,-3913,-3446,-3084,-3077,-3307,-3706,-3716,-3311,-2831,-1970,-1182,123,2069,4053,5887,7112
PCM,7808,8353,8383,7473,5937,3245,707,-1458,-3385,-4677,-6254,-7201,-7349,-7197,-6758,-6518
PCM,-6608,-6363,-5990,-5376,-5050,-5191,-4830,-3720,-2326,-597,973,2341,3747,4837,6012,6716
PCM,6637,6126,5804,5653,5639,5600,5528,5605,5757,5947,5683,4664,3332,1543,-363,-1581
PCM,-2449,-3128,-3091,-2278,-257,1842,3597,5470,6668,8117,9001,9397,9411,8603,8046,7788
PCM,6707,5256,3777,2555,1876,1072,105,-1534,-3208,-4533,-5770,-7328,-9024,-10676,-11447,-11381
PCM,-10818,-9818,-9243,-8273,-7173,-6168,-5622,-5922,-5897,-5817,-5364,-4337,-3385,-2318,-908,790
PCM,2557,3707,4233,4535,4126,3502,2506,855,-799,-2097,-2815,-3297,-3825,-3679,-2984,-2173
PCM,-1241,45,964,1564,2168,2666,2984,2434,1772,1187,681,647,587,362,226,192
PCM,498,274,-336,-1136,-1979,-2794,-3373,-3651,-4026,-4226,-4086,-3475,-3152,-2751,-2343,-2507
PCM,-2517,-1919,-1361,-1039,-722,434,1826,3155,4629,5699,6638,7373,7955,8221,8010,7404
PCM,6525,5748,5143,4595,4013,3400,3583,3975,4477,4279,3771,3805,3659,3277,2657,2462
PCM,2327,2515,2953,3659,3599,3173,3155,3453,3490,2821,1934,818,-29,-600,-1367,-2890
PCM,-3864,-4661,-5348,-5702,-6008,-6724,-7791,-8938,-9779,-10549,-11995,-13006,-13375,-13168,-12633,-11661
PCM,-10184,-8345,-6554,-4462,-2132,-169,1225,2347,3145,3669,3933,3909,3842,3884,3905,4013
PCM,4322,4400,4486,4347,4336,4273,3933,3137,2216,1515,443,-726,-1646,-2274,-2811,-3114
PCM,-3158,-3121,-2985,-3037,-3013,-3019,-2966,-2653,-2223,-1551,-963,-402,-32,375,554,250
PCM,79,-84,-229,-215,-340,-155,158,144,452,1128,1663,2270,2647,2803,3316,3754
PCM,4386,4636,4766,4964,5296,5857,6368,6930,7427,8328,9105,9663,9539,8983,8376,7474
PCM,6801,6003,5074,4547,3951,3659,3457,2998,2228,1326,846,1272,1506,811,260,-350
PCM,-664,-1218,-1995,-2952,-3720,-4147,-4167,-3976,-4258,-5237,-6622,-7682,-8023,-8909,-10172,-10957
PCM,-11536,-11381,-11334,-11159,-10700,-10220,-9375,-7801,-5978,-4512,-3809,-3311,-2592,-1820,-1423,-891
PCM,-391,603,1783,2909,4104,4710,5141,5023,5266,5798,6183,6334,6501,6290,5602,4530
PCM,3624,2923,2319,1575,848,542,334,-131,-1021,-2231,-3047,-3178,-3140,-2876,-3005,-3369
PCM,-3924,-4323,-4651,-5182,-5603,-5404,-4820,-3952,-3293,-2977,-2747,-2340,-1617,-745,276,1451
PCM,2509,3203,4069,4671,4648,4231,4625,5643,6862,7820,8390,8934,9205,9317,9059,8353
PCM,7633,7182,6910,6454,5741,4785,3882,3328,3212,3199,2793,3067,3326,3221,2636,2154
PCM,2050,1265,230,-407,-1063,-1965,-2503,-3053,-3505,-3834,-4050,-4234,-4439,-4936,-5763,-6951
PCM,-8004,-8665,-9558,-10656,-11177,-11018,-10617,-10292,-9699,-8785,-8113,-7322,-6163,-4959,-4376,-4022
PCM,-3547,-2829,-2396,-1877,-970,87,1126,1922,2438,3212,4083,4150,4067,4433,5264,5741
PCM,5562,5282,5141,4585,4291,4546,4505,4141,3486,3282,3235,2483,1431,468,12,-316
PCM,-717,-1188,-1687,-2421,-3412,-4253,-4890,-5160,-5533,-5592,-5082,-4774,-4617,-4433,-3736,-2787
PCM,-2324,-1549,-324,1003,1842,2353,2911,3310,3864,4490,5278,6596,7728,8675,9309,9575
PCM,9742,9486,9069,8687,8344,7584,6971,6692,6100,4922,3999,3757,3882,3904,3780,3787
PCM,3840,3335,2152,1233,515,40,-761,-1512,-1701,-1901,-2326,-2959,-3343,-3668,-4082,-3984
PCM,-3491,-3279,-4280,-5731,-6665,-7215,-7655,-8218,-8488,-8382,-7970,-7692,-7358,-7182,-7141,-7120
PCM,-6722,-5747,-5142,-4971,-4866,-4578,-4373,-4531,-4286,-3214,-2336,-1970,-1724,-1452,-1053,-640
PCM,-396,-263,362,1388,2460,3034,3278,3488,3354,3757,4461,4898,4810,4627,4829,4609
PCM,4053,3419,2937,2587,1953,1447,978,196,-1035,-2093,-2908,-3515,-3667,-4058,-4501,-4695
PCM,-4860,-5029,-5175,-5011,-4784,-4540,-3954,-3265,-2556,-2394,-2162,-1424,-666,311,1661,3173
PCM,4447,5433,6183,6894,7540,7818,8103,7941,7846,7980,7955,7823,7228,6864,6281,6094
PCM,6681,6970,6507,5609,4954,5005,4666,3766,2654,1966,2110,2061,1600,454,-358,-1192
PCM,-1764,-2106,-2517,-2987,-3917,-4316,-4561,-5106,-6043,-6977,-7271,-7263,-7199,-7025,-7110,-6911
PCM,-7058,-7377,-7112,-6413,-5698,-5535,-4925,-3934,-3293,-3126,-2688,-2012,-1965,-2037,-1567,-988
PCM,-626,-676,-1102,-1340,-1252,-866,-469,-129,264,609,820,962,1276,1499,1737,2277
PCM,2953,3638,4113,4400,4630,4555,4435,4546,4657,4513,4055,3602,3191,2566,1682,575
PCM,-74,-191,-606,-1023,-1357,-1905,-2584,-3047,-3276,-3431,-3589,-3521,-3132,-2811,-2804,-2765
PCM,-2348,-1542,-604,411,1759,3018,4114,4857,5373,5810,6094,6392,6609,6987,7163,7051
PCM,7001,6975,6892,6609,6426,6553,6829,6543,5727,5159,4982,4106,2446,1284,1068,1223
PCM,804,-293,-1368,-2296,-3211,-3651,-3753,-4061,-5031,-5950,-6200,-6286,-6693,-7696,-8563,-8657
PCM,-8395,-7962,-7791,-7900,-8071,-8379,-7916,-6592,-5450,-5086,-4911,-4095,-3040,-2220,-1891,-1407
PCM,-694,-516,-126,452,911,702,195,432,794,846,445,154,345,404,517,919
PCM,1369,1279,716,575,1184,1960,2133,2178,2469,2621,2663,2802,2939,2770,2328,2017
PCM,2092,2444,2233,1338,474,390,982,1147,794,359,-245,-1009,-1337,-902,-768,-1456
PCM,-1710,-1077,-465,-307,-416,-231,341,1191,2325,3203,3500,3599,3907,4513,5115,5442
PCM,5488,5584,6191,6586,6727,6760,6688,6485,6042,6213,6681,6533,5816,5276,5072,4493
PCM,3580,2523,2105,2360,2216,1230,-219,-1099,-1925,-2720,-2862,-2692,-3285,-4834,-5821,-5952
PCM,-5980,-6564,-7428,-7338,-7150,-7449,-7908,-8083,-7924,-8331,-8204,-7168,-6036,-5966,-6550,-6149
PCM,-5142,-4086,-3459,-3095,-2435,-2012,-1490,-829,-205,121,-43,154,994,1745,1709,1636
PCM,2245,3038,3264,3310,3657,3890,3653,3632,4208,4720,4516,3810,3419,3527,3509,3095
PCM,2817,2411,1686,1066,691,279,-719,-1637,-2032,-2050,-2102,-2535,-3216,-3877,-4050,-3875
PCM,-3581,-3649,-4036,-4547,-4505,-3746,-3079,-2876,-2678,-2118,-1296,-521,184,897,1420,1973
PCM,2583,3361,3705,3819,4141,4532,5155,5725,5933,5804,5826,6096,6060,5898,5933,6165
PCM,6517,6475,6040,5593,5574,5871,6246,6588,6267,5178,3639,3092,3580,3708,2937,1380
PCM,-58,-898,-1232,-1567,-2139,-3065,-4336,-5314,-5522,-5603,-6149,-7393,-8116,-7856,-7567,-7904
PCM,-8740,-8866,-8674,-8365,-7837,-7096,-6514,-6606,-6407,-5346,-4095,-3462,-3458,-3047,-2183,-1627
PCM,-1284,-840,-294,125,584,1177,1809,2057,1886,1980,2520,3532,4099,4019,3826,3578
PCM,3669,4046,4537,4743,4419,4081,3830,3493,3185,2823,2569,2432,2013,1098,51,-729
PCM,-986,-1164,-1576,-2271,-3390,-4420,-4876,-4526,-4250,-4574,-4934,-4811,-4357,-4026,-3913,-3837
PCM,-3392,-2332,-1202,-412,-57,-50,301,1226,2525,3488,3738,3691,3842,4356,4964,5588
PCM,5762,5534,5604,6116,6777,6688,6023,5739,6146,6837,6943,6438,5734,5262,5377,5597
PCM,5451,4315,2511,1687,2265,2844,1769,-136,-1421,-1784,-1865,-2004,-2385,-3748,-5277,-5816
PCM,-5249,-5080,-6228,-7382,-7710,-7477,-7178,-7140,-7416,-7775,-7865,-7460,-6798,-6381,-6439,-6555
PCM,-6196,-5163,-4351,-4268,-4274,-4010,-3110,-2111,-1532,-1780,-1996,-1428,-586,81,345,365
PCM,512,1191,2147,2839,2525,2402,3030,3946,4590,4672,4294,3856,4154,5081,5699,4877
PCM,3652,3119,3405,3856,3680,2398,629,-516,-706,-398,-754,-1947,-3597,-4624,-4714,-4387
PCM,-4318,-4665,-5132,-5400,-5043,-4547,-4226,-3905,-3303,-2590,-1939,-1590,-946,-66,899,2099
PCM,3020,3518,3844,4648,5665,6526,6843,7012,7264,7643,8226,8670,8548,7973,7649,7820
PCM,8195,8268,7709,6871,6288,6158,6251,5320,3803,2859,3097,3312,2376,768,-775,-1632
PCM,-2012,-2060,-2570,-3861,-5422,-6222,-6006,-5833,-6596,-7745,-8437,-8387,-8166,-8433,-8774,-9141
PCM,-9135,-8764,-8088,-7469,-7400,-7360,-6645,-5497,-4667,-4403,-4423,-4050,-3130,-1861,-1109,-823
PCM,-809,-812,-696,84,1505,1916,1309,867,1573,2645,3335,3513,3407,3139,3247,4199
PCM,5021,4764,3872,3618,4267,4827,4279,3282,2624,2358,2119,1533,879,73,-1060,-1843
PCM,-1953,-2002,-2709,-3575,-4014,-3980,-3603,-3478,-3806,-4290,-4135,-3315,-2606,-2097,-1822,-1732
PCM,-1224,140,1721,2481,2450,2830,3791,4727,5720,6285,6343,6265,6570,7353,8105,8020
PCM,7607,7651,7990,8499,8411,7784,7135,7045,7353,7478,7054,5975,4449,3258,3222,4001
PCM,4053,2317,186,-1285,-1631,-1198,-1130,-1981,-4211,-6198,-6499,-5662,-5228,-6296,-7952,-9012
PCM,-9139,-8738,-8585,-8933,-9544,-9999,-9637,-8605,-7747,-7924,-8377,-7910,-6353,-5114,-4730,-4417
PCM,-4114,-3617,-2957,-1979,-1019,-499,-352,137,1214,2327,2597,2523,2837,3574,4211,4449
PCM,4785,4838,4682,4852,5671,6466,6400,5667,5260,5415,5593,5387,4636,3652,2722,2126
PCM,1821,1325,351,-924,-1896,-2139,-2054,-2542,-3319,-3877,-4114,-4290,-4334,-4260,-4369,-4378
PCM,-4202,-3593,-2785,-1996,-1744,-1449,-749,190,1064,1902,2907,3272,3254,3764,4843,5856
PCM,6329,6259,6260,6255,6996,7937,8311,8212,7669,7323,7379,7899,8336,8084,7222,6874
PCM,7250,7260,5852,3960,3055,3560,4245,3235,973,-1331,-2595,-2729,-1910,-1571,-3515,-6808
PCM,-8549,-7370,-5877,-6064,-7934,-10182,-10992,-10434,-9528,-9034,-9572,-10556,-11330,-10700,-8660,-7541
PCM,-7872,-8430,-7692,-6606,-5580,-4450,-3758,-3454,-3446,-2727,-1335,-175,244,12,196,1221
PCM,2325,2760,2523,2716,3444,4213,4676,4632,4326,4015,4658,5771,6112,5246,3902,3413
PCM,3731,4414,4236,2865,1156,149,167,415,-18,-1590,-3257,-3989,-3823,-3626,-3920,-4828
PCM,-5689,-5983,-5575,-4985,-4806,-4822,-4703,-4131,-3102,-1986,-1593,-1326,-546,538,1404,2279
PCM,3346,4027,4265,4465,5357,6582,7220,7083,6771,6707,7251,8105,8576,8485,7619,6690
PCM,6718,7627,8233,7621,6221,5605,5995,6023,4966,2905,1495,1616,2305,1825,-291,-2720
PCM,-4223,-4630,-3722,-2437,-3595,-6854,-9346,-9070,-7175,-6127,-6798,-8662,-10428,-10845,-9843,-8480
PCM,-7666,-7977,-9471,-10290,-8903,-6897,-6136,-6486,-6319,-5833,-5237,-4214,-2887,-2024,-2398,-2382
PCM,-1523,-191,691,756,285,307,1557,2608,2803,2837,3111,3252,3597,4271,5060,4845
PCM,4460,4541,4602,4726,4796,4532,3443,2831,2899,2956,2464,1686,683,-363,-708,-638
PCM,-805,-1659,-2552,-2945,-3053,-3299,-3482,-3690,-3873,-4167,-4325,-3940,-3257,-2792,-3081,-2928
PCM,-2252,-1271,-414,67,742,1513,2263,2988,3615,4236,4863,5276,5824,6357,6855,7017
PCM,7098,7460,7792,8325,8590,8108,7494,7764,8322,8048,7095,6433,6515,6501,5718,3961
PCM,1717,1244,2462,2684,1032,-1657,-3695,-5422,-5501,-3720,-3204,-5367,-8909,-10218,-9495,-7930
PCM,-7000,-7958,-10105,-11512,-11145,-10237,-9046,-8379,-9310,-10920,-10639,-8357,-6756,-6738,-6166,-5714
PCM,-5813,-5036,-3128,-1520,-1879,-2032,-1365,-314,825,1684,1659,1119,1737,3066,3652,3914
PCM,4565,4491,3974,4035,5119,5730,5379,4824,4277,3749,4041,4599,4057,3057,1989,1439
PCM,778,728,667,-259,-1403,-2018,-2274,-2683,-2734,-2725,-2984,-3980,-4337,-4244,-3728,-3353
PCM,-3315,-3150,-2999,-2426,-2062,-1152,140,1012,1161,1517,2365,3707,4863,5349,5635,5570
PCM,5951,6630,7522,8425,8634,7851,7492,7964,8751,8745,8274,8203,7751,7851,7921,7927
PCM,7293,6400,6392,6596,6209,4322,1679,466,1520,2569,1687,-938,-3491,-5460,-5841,-3891
PCM,-2348,-3751,-7435,-9936,-9912,-8282,-6983,-7002,-8572,-10614,-11328,-10804,-9032,-7576,-7932,-9362
PCM,-9709,-8282,-6849,-6260,-5269,-4556,-4786,-4644,-3347,-1478,-829,-703,-505,218,1684,3155
PCM,3711,2885,2591,3217,4032,5383,6725,6623,4884,3705,4630,6442,7441,6646,5002,3548
PCM,3308,4083,4361,4094,2631,432,-1351,-1310,-332,-458,-1617,-3225,-4619,-5497,-5132,-4306
PCM,-4177,-4964,-6089,-6585,-6312,-5258,-4054,-3579,-3563,-3806,-3635,-2415,-324,1209,1032,770
PCM,1163,2673,4764,6009,5927,4972,5065,6513,8096,8668,8197,6943,6107,7349,9315,9998
PCM,8721,6723,5905,7091,9055,9313,7318,4912,4130,5361,7190,6942,3606,-259,-840,1376
PCM,3318,3137,670,-3537,-6897,-5698,-1935,-266,-2549,-6488,-9467,-9873,-7491,-5119,-5114,-7527
PCM,-9931,-10990,-10612,-8727,-7544,-8576,-9783,-9437,-8452,-7928,-7265,-6508,-6599,-6437,-5076,-3124
PCM,-2282,-2368,-2310,-2149,-781,1663,3193,2488,1191,1366,2327,3963,5959,6920,5741,3326
PCM,2907,4518,6634,7633,6704,4668,3002,3208,4454,5385,4852,2708,411,-447,365,1059
PCM,498,-1053,-3093,-4318,-4059,-2975,-2803,-4202,-5772,-6633,-6154,-4867,-3982,-4362,-5300,-5400
PCM,-4654,-3068,-1345,-259,-388,-874,-491,962,2997,4694,5160,4315,3599,4313,5917,7464
PCM,8281,7387,5780,5224,6882,9047,9750,8487,6354,5653,6670,8600,8616,6789,4865,3838
PCM,5229,7035,6779,3052,-1323,-1744,605,2990,2983,-92,-4874,-8492,-7461,-3901,-1613,-3096
PCM,-7113,-10549,-11556,-9018,-6483,-6152,-7884,-10156,-11588,-11825,-9827,-7898,-8021,-9239,-9609,-8055
PCM,-6516,-5422,-4850,-5309,-5124,-3927,-1776,-363,-483,-1403,-2282,-1027,1668,3736,3095,1119
PCM,232,788,2847,5053,6344,5224,2809,1800,2858,5148,6408,5695,3602,1902,2050,2998
PCM,3803,3451,2166,781,-126,480,1302,1012,-900,-3130,-3704,-2820,-2018,-2975,-4818,-6478
PCM,-7562,-7076,-5400,-3961,-4431,-5744,-5860,-4776,-2973,-1186,0,214,276,1135,2490,3965
PCM,5361,5785,5393,5887,7612,8876,8826,8469,8219,8339,9416,10989,11146,9710,8177,7591
PCM,8177,9349,9970,8370,6084,5405,6297,6878,5854,3304,487,-455,295,1267,911,-997
PCM,-4169,-6696,-6401,-4294,-3500,-5104,-6903,-8224,-8895,-8398,-7386,-7016,-7503,-8500,-9489,-9653
PCM,-8674,-7932,-8530,-8583,-7178,-6187,-6219,-5877,-5432,-5515,-5269,-3357,-1377,-854,-1035,-1953
PCM,-2287,-1063,1320,2425,1997,1832,1415,566,1015,3302,4935,4666,3777,3335,2736,2816
PCM,3518,3771,3349,2980,2793,2162,1930,1793,939,17,103,607,394,-465,-1238,-2394
PCM,-3401,-3401,-2894,-2667,-2859,-3466,-4492,-4964,-4568,-3758,-2973,-2097,-1507,-1641,-1442,-493
PCM,744,1728,2426,2942,3108,4030,4988,5438,5500,5729,6088,6354,7101,7379,7003,6540
PCM,6912,7262,7559,8203,8126,7079,6609,7508,8265,8300,8408,8390,8147,7957,7547,5832
PCM,3961,3979,3671,2649,1779,1189,-918,-3617,-4045,-3681,-4045,-4852,-4995,-6025,-7377,-7671
PCM,-7991,-8699,-8569,-7779,-8446,-9592,-9385,-9373,-10665,-10746,-8953,-7557,-7692,-6967,-6164,-6472
PCM,-6236,-4975,-3088,-1972,-785,-817,-1604,-1190,98,976,1242,2490,2992,1874,1411,2561
PCM,3852,4138,3919,3719,3322,3391,3282,2831,2469,2599,2402,1795,1989,1761,811,-207
PCM,-223,-122,-319,-433,-1198,-2544,-3470,-3686,-4052,-4216,-3722,-3774,-4902,-5316,-4848,-4280
PCM,-3496,-2342,-1660,-2002,-1539,-368,293,966,2210,2712,2166,2633,4275,5419,5595,5818
PCM,5868,5616,5917,6855,7540,7818,7554,6850,6424,7577,8673,7786,6869,6600,7137,7397
PCM,7903,8505,7964,6533,4949,4168,4377,4699,3141,762,-521,-1141,-2660,-4119,-4727,-5624
PCM,-7143,-7698,-6802,-6349,-6770,-7974,-9320,-9832,-8854,-7995,-8472,-8845,-9014,-9818,-10255,-8697
PCM,-6745,-6358,-6409,-5416,-4304,-3765,-3075,-2243,-1981,-1465,-634,-328,109,520,214,-796
PCM,-479,1091,1932,1714,1830,2077,1809,2186,2907,3178,2796,2654,2305,1728,1918,2342
PCM,1747,625,329,651,748,686,522,-213,-842,-684,-479,-771,-1146,-1750,-2695,-3223
PCM,-2794,-2385,-2634,-3174,-3299,-3061,-2139,-940,-580,-801,-670,95,867,1781,2388,2202
PCM,1846,2305,3284,4055,4404,4484,4144,4308,5213,5739,5679,5711,5965,5790,6072,6834
PCM,6763,5639,5461,6235,6845,7119,7276,6968,6190,6046,5542,4238,3411,3149,1731,-233
PCM,-1004,-1268,-2832,-4600,-5034,-5668,-6786,-7155,-6851,-6925,-7138,-7287,-8002,-8736,-8506,-8169
PCM,-8770,-8991,-8446,-8702,-9332,-8910,-8087,-7803,-7243,-5851,-4828,-4534,-4151,-3806,-3695,-3209
PCM,-2382,-2153,-1840,-1245,-1202,-1713,-1722,-741,5,684,1608,2428,2839,2990,3006,3067
PCM,3441,3677,3381,2980,3294,3495,2964,2488,2216,2089,2103,2474,2649,2186,1552,601
PCM,-340,-777,-809,-1241,-2169,-2558,-2683,-3339,-4004,-4123,-3851,-3373,-2413,-1502,-1143,-896
PCM,-562,-316,-29,1094,2398,2997,3292,3907,4363,4574,5208,6065,6623,7070,7582,7649
PCM,7345,7290,7504,7292,7422,7911,7677,6735,6595,7190,7276,7098,7081,7395,7494,7081
PCM,5834,3890,2677,2386,1314,-152,-995,-1813,-3526,-5019,-5438,-5835,-6745,-7511,-7421,-7155
PCM,-6941,-7257,-8150,-8645,-8553,-8667,-9204,-9005,-8484,-8897,-9116,-8403,-7449,-7072,-6763,-5883
PCM,-5024,-4246,-3742,-3811,-3920,-3339,-2655,-2366,-1697,-795,-630,-1002,-805,-86,563,1415
PCM,2369,3090,3429,3664,3627,3256,3375,3509,3073,2573,2784,3060,2700,2170,1894,1791
PCM,1673,1670,1450,1151,953,571,-247,-791,-1073,-1621,-2445,-2739,-2491,-2846,-3422,-3591
PCM,-3403,-2836,-2034,-1347,-912,-636,-150,258,655,1469,2293,2534,2855,3719,4629,5081
PCM,5199,5371,5633,6167,6797,6942,6684,6477,6371,6156,6394,7253,7397,6690,6283,6679
PCM,7307,7575,7515,7517,7605,7612,6910,5327,3919,2956,1586,125,-620,-1212,-2371,-3656
PCM,-4415,-4995,-5658,-6136,-6275,-6300,-6107,-5930,-6342,-7002,-7280,-7567,-8327,-8736,-8451,-8492
PCM,-8718,-8526,-7977,-7391,-6816,-5930,-5098,-4453,-3857,-3521,-3584,-3355,-2681,-2169,-1798,-1083
PCM,-386,-60,42,234,621,1028,1705,2593,3548,4241,4294,3905,3606,3632,3590,3143
PCM,2700,2607,2863,3141,3242,3139,2907,2462,1786,1295,1276,1040,7,-1130,-1653,-1840
PCM,-2213,-2775,-3545,-4151,-4448,-4348,-4109,-3723,-3003,-2449,-2328,-1933,-1136,-483,-213,37
PCM,390,653,1246,2158,3085,3574,3912,4130,4468,5060,5633,5633,5067,4791,5058,5552
PCM,5864,6007,5588,5230,5449,5937,6498,6676,6533,6253,6400,7045,7091,5984,4118,2645
PCM,1505,420,-650,-1831,-3009,-4114,-4554,-4749,-5019,-5592,-6560,-7132,-7180,-6726,-6486,-6957
PCM,-7590,-8030,-8245,-8641,-8732,-8687,-8808,-8885,-8831,-8172,-7338,-6483,-5893,-5406,-4626,-3915
PCM,-3415,-3347,-3246,-3132,-2970,-2481,-1581,-291,625,1022,1161,1503,2110,2663,3025,3284
PCM,3518,3516,3344,3178,2953,2720,2467,2035,1868,2106,2353,2342,2120,1992,2027,2039
PCM,1939,1656,903,-175,-1212,-1905,-2312,-2540,-2757,-3075,-3293,-3267,-3081,-2987,-2751,-2419
PCM,-1951,-1303,-553,100,408,642,1022,1511,1938,2434,3067,3822,4491,5010,5312,5417
PCM,5734,6094,6149,5808,5387,5012,4954,5229,5480,5429,5119,5137,5409,5755,6052,6204
PCM,6021,5878,6128,6235,5413,3745,2119,725,-430,-1257,-2056,-3068,-3962,-4381,-4800,-5031
PCM,-4936,-5100,-5545,-6066,-6077,-6052,-6363,-6951,-7488,-7849,-8030,-7977,-8097,-8077,-7851,-7600
PCM,-7328,-6784,-6131,-5564,-5223,-4948,-4635,-4147,-3698,-3644,-3730,-3426,-2874,-2407,-1625,-815
PCM,-284,-185,-30,508,1012,1612,2126,2124,2148,2452,2761,3008,3117,2927,2675,2734
PCM,3222,3691,3675,3534,3332,3228,3363,3377,2974,2008,971,195,-307,-616,-1021,-1544
PCM,-2288,-2695,-2604,-2475,-2187,-1910,-1981,-1984,-1551,-708,174,698,864,998,1286,1898
PCM,2770,3330,3641,3846,4085,4438,4789,4950,4750,4335,3951,3703,3629,3812,4110,4030
PCM,3778,3893,4386,4946,5194,5304,5208,5032,5181,5494,5588,5111,4138,3083,2158,1471
PCM,879,179,-708,-1539,-2079,-2326,-2380,-2552,-2864,-3380,-3806,-3901,-4109,-4570,-5237,-5950
PCM,-6467,-6613,-6636,-6786,-6832,-7066,-7039,-6587,-6136,-5803,-5606,-5323,-4955,-4457,-3920,-3806
PCM,-3989,-3901,-3799,-3551,-3102,-2509,-1913,-1555,-1198,-715,-203,234,704,994,1242,1672
PCM,2073,2237,2210,2342,2245,2091,2356,2682,2844,2845,2819,2652,2509,2418,2188,1589
PCM,1015,669,450,411,188,-173,-648,-1071,-1104,-972,-986,-1148,-1492,-1810,-1697,-1208
PCM,-696,-305,-88,351,770,1239,1936,2409,2833,3254,3715,4219,4643,4620,4283,4106
PCM,4277,4507,4658,4704,4587,4511,4579,4852,5079,5234,5220,5167,5159,5018,5083,5037
PCM,4734,4504,4106,3615,3233,2849,2263,1647,1211,913,422,107,-48,-409,-740,-1152
PCM,-1671,-2171,-2697,-3472,-4327,-5160,-5777,-6288,-6601,-6822,-7057,-7207,-7141,-6800,-6429,-6242
PCM,-6089,-5837,-5523,-5108,-4908,-4959,-5134,-5090,-4860,-4542,-4179,-3750,-3305,-2878,-2443,-1907
PCM,-1396,-962,-578,-252,77,411,714,816,768,903,982,1350,2029,2492,2812,3008
PCM,3441,3796,4114,4321,4236,3914,3576,3194,2844,2577,2099,1397,804,635,631,591
PCM,456,283,-25,-66,248,436,512,585,681,869,1112,1378,1600,1809,2049,2291
PCM,2589,3127,3555,3708,3733,3657,3604,3576,3611,3534,3203,2803,2772,2900,3097,3302
PCM,3319,3250,3212,3384,3673,3636,3272,2768,2189,1834,1612,1283,700,-2,-571,-713
PCM,-571,-439,-646,-1085,-1416,-1674,-1889,-2290,-2984,-3897,-4826,-5485,-5847,-6198,-6562,-6891
PCM,-7273,-7221,-6766,-6219,-5765,-5708,-5668,-5622,-5466,-5166,-5022,-5094,-5239,-5267,-5064,-4628
PCM,-4109,-3575,-2945,-2146,-1331,-501,179,697,1008,1233,1687,1936,2033,2050,2022,2244
PCM,2474,2909,3423,3766,3926,4025,4338,4539,4408,4083,3713,3164,2603,2226,1723,1181
PCM,742,487,427,528,681,603,659,767,827,1018,1121,1217,1114,975,1046,1151
PCM,1372,1589,1894,2208,2384,2780,3388,3707,3835,3939,3884,3773,3713,3570,3375,3240
PCM,3115,3094,3095,3292,3458,3555,3803,4141,4465,4555,4350,3932,3247,2550,2087,1739
PCM,1225,670,137,-372,-618,-821,-1029,-1198,-1466,-1869,-2329,-2882,-3323,-4004,-4735,-5494
PCM,-6246,-6758,-7155,-7527,-7805,-7894,-7870,-7588,-7145,-6665,-6194,-5777,-5712,-5702,-5573,-5360
PCM,-5374,-5455,-5430,-5348,-4950,-4420,-3869,-3436,-3045,-2533,-1905,-1347,-768,-447,-350,-90
PCM,103,378,635,823,978,1157,1451,1830,2337,2706,2974,3235,3384,3516,3504,3457
PCM,3316,2774,2422,2166,1767,1511,1276,1110,1036,1129,1409,1846,2156,2152,2289,2490
PCM,2611,2647,2531,2384,2200,2094,2231,2400,2480,2705,3076,3576,4097,4486,4587,4702
PCM,4908,4769,4559,4465,4219,3858,3741,3735,3680,3560,3465,3497,3550,3582,3469,3296
PCM,3222,3207,2962,2529,2015,1515,1028,559,98,-332,-529,-842,-1002,-1060,-1150,-1210
PCM,-1496,-1760,-2246,-2794,-3417,-4061,-4790,-5425,-5871,-6264,-6305,-6506,-6548,-6550,-6522,-6208
PCM,-5721,-5346,-5110,-5108,-5263,-5193,-5144,-4925,-4869,-4869,-4840,-4679,-4248,-3672,-3096,-2509
PCM,-1963,-1437,-872,-455,-92,-62,-55,79,223,376,420,484,679,1066,1642,2307
PCM,2893,3189,3324,3344,3469,3400,3034,2577,2087,1751,1477,1325,1179,1070,1022,1184
PCM,1465,1675,1645,1582,1564,1614,1640,1759,1781,1580,1413,1292,1409,1385,1617,1858
PCM,1952,2297,2551,2967,3314,3395,3361,3395,3374,3319,3036,2573,2434,2432,2615,2664
PCM,2663,2583,2531,2555,2589,2689,2657,2506,2286,1952,1604,1235,684,321,61,-307
PCM,-747,-1162,-1410,-1579,-1674,-1910,-2143,-2271,-2523,-2701,-3077,-3559,-4061,-4568,-5034,-5372
PCM,-5765,-6113,-6159,-6069,-5879,-5612,-5203,-4890,-4672,-4533,-4360,-4100,-3980,-3936,-3873,-3934
PCM,-3853,-3682,-3464,-3112,-2574,-1996,-1476,-900,-404,103,429,459,484,452,424,514
PCM,575,599,582,953,1311,1604,1978,2210,2339,2434,2617,2782,2734,2520,2184,1784
PCM,1477,1254,1078,850,881,941,1056,1135,1240,1471,1520,1485,1369,1187,1024,839
PCM,686,691,709,851,1044,1251,1467,1735,2094,2287,2386,2537,2607,2561,2409,2050
PCM,1658,1411,1411,1522,1543,1636,1733,1818,1938,2124,2287,2297,2254,1980,1701,1515
PCM,1124,802,468,105,-94,-221,-196,-68,100,83,-16,59,0,-168,-265,-523
PCM,-868,-1134,-1400,-1669,-1982,-2090,-2153,-2316,-2336,-2343,-2453,-2579,-2695,-2947,-3285,-3528
PCM,-3714,-3990,-4040,-4202,-4364,-4179,-3954,-3730,-3563,-3218,-2979,-2818,-2581,-2385,-2246,-2262
PCM,-2274,-2187,-2203,-2171,-1996,-1815,-1532,-1213,-851,-636,-312,-15,111,265,431,524
PCM,561,758,901,966,957,1128,1253,1399,1533,1723,2019,2094,2106,2059,2047,2061
PCM,2043,1925,1898,1719,1617,1447,1246,1209,1159,1362,1524,1737,1679,1596,1666,1614
PCM,1659,1672,1589,1508,1346,1181,1283,1350,1374,1408,1520,1650,1626,1644,1652,1604
PCM,1580,1604,1652,1506,1378,1304,1052,920,642,500,656,603,577,520,474,619
PCM,839,931,869,795,753,637,473,309,-41,-229,-252,-102,-55,-324,-400,-414
PCM,-344,-282,-515,-833,-1150,-1377,-1516,-1782,-1882,-1915,-1953,-1963,-2018,-1942,-1871,-1836
PCM,-1730,-1637,-1653,-1607,-1544,-1551,-1590,-1607,-1716,-1716,-1813,-1986,-1863,-1639,-1488,-1544
PCM,-1349,-1220,-1019,-877,-886,-865,-1011,-1113,-1248,-1240,-1192,-1085,-1157,-1033,-698,-551
PCM,-247,144,353,520,675,711,584,514,641,645,784,827,982,1239,1311,1485
PCM,1642,1791,1872,1950,2045,2037,1867,1747,1640,1420,1326,1353,1270,1177,1066,1052
PCM,1072,1175,1332,1263,1177,976,961,980,850,684,543,448,456,341,325,448
PCM,399,373,290,361,408,351,216,202,97,-71,-187,-231,-136,-238,-237,-215
PCM,-104,-29,-55,-25,-90,-84,-41,-207,-207,-50,14,137,223,304,154,57
PCM,-2,-74,-11,-11,-224,-289,-64,-32,-13,10,75,56,-13,15,-76,-84
PCM,-74,-215,-398,-447,-349,-335,-197,15,-27,-78,35,3,-131,-268,-521,-640
PCM,-712,-731,-660,-652,-789,-769,-673,-729,-626,-733,-918,-976,-865,-865,-951,-967
PCM,-1059,-1021,-930,-946,-1005,-1023,-977,-840,-858,-812,-856,-940,-861,-773,-717,-773
PCM,-898,-861,-743,-837,-888,-795,-670,-518,-330,-46,222,385,517,695,684,681
PCM,809,867,936,964,1031,1096,1272,1394,1499,1513,1586,1728,1508,1326,1312,1415
PCM,1566,1679,1631,1447,1290,1334,1413,1491,1540,1427,1306,1175,1128,1018,897,702
PCM,653,808,626,542,595,406,234,111,49,-6,-72,26,42,81,162,81
PCM,-80,-203,-268,-282,-247,-223,-143,-72,-148,-66,114,162,184,29,100,137
PCM,190,220,181,304,343,432,378,394,417,341,265,230,81,45,81,103
PCM,95,5,181,107,-88,-86,-90,-80,-152,-312,-407,-372,-386,-382,-451,-465
PCM,-321,-238,-201,-154,-374,-740,-752,-807,-787,-908,-1041,-1127,-1232,-1196,-1144,-1122
PCM,-1152,-1081,-1236,-1280,-1252,-1367,-1456,-1537,-1534,-1470,-1456,-1468,-1419,-1307,-1215,-1102
PCM,-972,-868,-745,-789,-817,-692,-634,-515,-574,-769,-747,-602,-499,-414,-187,-82
PCM,-104,33,192,468,677,709,899,897,885,1020,982,848,850,892,857,909
PCM,1133,1217,1226,1312,1251,1290,1221,1140,1124,1084,987,936,971,966,923,853
PCM,857,903,1018,889,734,684,786,905,966,1115,1052,1032,1066,1028,1082,1103
PCM,1054,830,679,753,794,711,746,730,750,837,753,806,776,816,721,515
PCM,533,528,498,496,299,237,418,478,452,253,162,114,77,-13,-66,-88
PCM,-164,-169,-249,-350,-521,-539,-539,-567,-532,-662,-694,-747,-868,-877,-856,-894
PCM,-888,-835,-965,-1027,-967,-910,-863,-789,-712,-620,-586,-576,-555,-644,-671,-733
PCM,-785,-831,-752,-671,-708,-699,-662,-626,-642,-682,-636,-548,-656,-757,-743,-620
PCM,-497,-405,-372,-363,-332,-265,-199,-252,-254,-287,-326,-224,-131,-106,-62,0
PCM,73,220,327,323,389,331,329,339,325,411,343,321,295,329,387,445
PCM,480,473,454,501,538,512,554,619,702,645,651,688,730,756,742,683
PCM,593,545,577,563,464,529,584,571,487,464,440,418,434,420,376,357
PCM,420,387,403,375,318,309,272,341,365,347,376,297,295,323,256,290
PCM,283,246,323,345,325,290,295,295,248,218,184,144,29,63,28,-80
PCM,-118,-143,-134,-168,-98,-113,-122,-46,-41,-46,-72,-90,-82,-193,-247,-180
PCM,-131,-88,-129,-104,-131,-182,-94,-62,-92,-98,-13,98,47,7,-36,-44
PCM,-9,-41,40,26,-41,-36,26,43,21,-30,-84,-30,5,7,19,56
PCM,10,-36,-41,-41,-44,-36,-41,-36,-43,-80,-98,-60,-52,-80,-94,-88
PCM,-88,-104,-64,-84,-96,-82,-27,-15,-6,56,119,156,167,202,186,192
PCM,234,278,272,200,198,200,156,154,154,137,130,146,154,105,73,61
PCM,17,-9,-34,-4,26,17,26,26,-4,-25,-44,-43,-44,-122,-112,-99
PCM,-72,-13,-66,-74,-62,-48,-34,-36,-38,-34,-29,-50,-36,-57,-20,5
PCM,45,53,15,10,-18,17,5,1,-2,-27,-20,-34,-44,-18,-13,-9
PCM,-11,10,0,-43,-76,-96,-60,-66,-68,-82,-84,-88,-80,-76,-106,-106
PCM,-96,-84,-60,-38,-13,-2,-13,-13,-18,-2,-11,3,29,35,29,26
PCM,47,57,56,65,69,59,71,79,69,57,49,37,35,40,33,21
PCM,24,26,21,15,1,-9,0,3,3,1,-6,-9,-22,-30,-27,-30
PCM,-29,-30,-25,-15,-11,-2,-11,-9,3,0,-2,-11,-16,-16,-16,-13
PCM,-15,-15,-11,-15,-11,-9,-4,-2,-6,-4,-4,-4,-2,-2,-2,-2
PCM,-2,-2,-2,0,0,0,0,0,0,0,0,0,0,0,0,0
PCM,0,0,0,0,0,0,0,0,0,0,0,0,0,0,0,0
PCM,0,0,0,0,0,0,0,0,0,0,0,0,0,0,0,0
PCM,0,0,0,0,0,0,0,0,0,0,0,0,0,0,0,0
PCM,0,0,0,0,0,0,0,0,0,0,0,0,0,0,0,0
PCM,0,0,0,0,0,0,0,0,0,0,0,0,0,0,0,0
PCM,0,0,0,0,0,0,0,0,0,0,0,0,0,0,0,0
PCM,0,0,0,0,0,0,0,0,0,0,0,0,0,0,0,0
PCM,0,0,0,0,0,0,0,0,0,0,0,0,0,0,0,0
PCM,0,0,0,0,0,0,0,0,0,0,0,0,0,0,0,0
PCM,0,0,0,0,0,0,0,0,0,0,0,0,0,0,0,0
PCM,0,0,0,0,0,0,0,0,0,0,0,0,0,0,0,0
PCM,0,0,0,0,0,0,0,0,0,0,0,0,0,0,0,0
PCM,0,0,0,0,0,0,0,0,0,0,0,0,0,0,0,0
PCM,0,0,0,0,0,0,0,0,0,0,0,0,0,0,0,0
PCM,0,0,0,0,0,0,0,0,0,0,0,0,0,0,0,0
PCM,0,0,0,0,0,0,0,0,0,0,0,0,0,0,0,0
PCM,0,0,0,0,0,0,0,0,0,0,0,0,0,0,0,0
PCM,0,0,0,0,0,0,0,0,0,0,0,0,0,0,0,0
PCM,0,0,0,0,0,0,0,0,0,0,0,0,0,0,0,0
PCM,0,0,0,0,0,0,0,0,0,0,0,0,0,0,0,0
PCM,0,0,0,0,0,0,0,0,0,-2,0,0,0,0,0,0
PCM,0,0,0,0,0,0,0,0,0,0,0,0,0,0,0,0
PCM,0,0,0,0,0,0,0,0,0,0,0,0,0,0,0,0
PCM,0,0,0,0,0,0,0,0,0,0,0,0,0,0,0,0
PCM,0,0,0,0,0,0,0,0,0,0,0,0,0,0,0,0
PCM,0,0,0,0,0,0,0,0,0,0,0,0,0,0,0,0
PCM,0,0,0,0,0,0,0,0,0,0,0,0,0,0,0,0
PCM,0,0,0,0,0,0,0,0,0,0,0,0,0,0,0,0
PCM,0,0,0,0,0,0,0,0,0,0,0,0,0,0,0,0
PCM,0,0,0,0,0,0,0,0,0,0,0,0,0,0,0,0
PCM,0,0,0,0,0,0,0,0,0,0,0,0,0,0,0,0
PCM,0,0,0,0,0,0,0,0,0,0,0,0,0,0,0,0
PCM,0,0,0,0,0,0,0,0,0,0,0,0,0,0,0,0
PCM,0,0,0,0,0,0,0,0,0,0,0,0,0,0,0,0
PCM,0,0,0,0,0,0,0,0,0,0,0,0,0,0,0,0
PCM,0,0,0,0,0,0,0,0,0,0,0,0,0,0,0,0
PCM,0,0,0,0,0,0,0,0,0,0,0,0,0,0,0,0
PCM,0,0,0,0,0,0,0,0,0,0,0,0,0,0,0,0
PCM,0,0,0,0,0,0,0,0,0,0,0,0,0,0,0,0
PCM,0,0,0,0,0,0,0,0,0,0,0,0,0,0,0,0
PCM,0,0,0,0,0,0,0,0,0,0,0,0,0,0,0,0
PCM,0,0,0,0,0,0,0,0,0,0,0,0,0,0,0,0
PCM,0,0,0,0,0,0,0,0,0,0,0,0,0,0,0,0
PCM,0,0,0,0,0,0,0,0,0,0,0,0,0,0,0,0
PCM,0,0,0,0,0,0,0,0,0,0,0,0,0,0,0,0
PCM,0,0,0,0,0,0,0,0,0,0,0,0,0,0,0,0
PCM,0,0,0,0,0,0,0,0,0,0,0,0,0,0,0,0
PCM,0,0,0,0,0,0,0,0,0,0,0,0,0,0,0,0
PCM,0,0,0,0,0,0,0,0,0,0,0,0,0,0,0,0
PCM,0,0,0,0,0,0,0,0,0,0,0,0,0,0,0,0
PCM,0,0,0,0,0,0,0,0,0,0,0,0,0,0,0,0
PCM,0,0,0,0,0,0,0,0,0,0,0,0,0,0,0,0
PCM,0,0,0,0,0,0,0,0,0,0,0,0,0,0,0,0
PCM,0,0,0,0,0,0,0,0,0,0,0,0,0,0,0,0
PCM,0,0,0,0,0,0,0,0,0,0,0,0,0,0,0,0
PCM,0,0,0,0,0,0,0,0,0,0,0,0,0,0,0,0
PCM,0,0,0,0,0,0,0,0,0,0,0,0,0,0,0,0
PCM,0,0,0,0,0,0,0,0,0,0,0,0,0,0,0,0
PCM,0,0,0,0,0,0,0,0,0,0,0,0,0,0,0,0
PCM,0,0,0,0,0,0,0,0,0,0,0,0,0,0,0,0
PCM,0,0,0,0,0,0,0,0,0,0,0,0,0,0,0,0
PCM,0,0,0,0,0,0,0,0,0,0,0,0,0,0,0,0
PCM,0,0,0,0,0,0,0,0,0,0,0,0,0,0,0,0
PCM,0,0,0,0,0,0,0,0,0,0,0,0,0,0,0,0
PCM,0,0,0,0,0,0,0,0,0,0,0,0,0,0,0,0
PCM,0,0,0,0,0,0,0,0,0,0,0,0,0,0,0,0
PCM,0,0,0,0,0,0,0,0,0,0,0,0,0,0,0,0
PCM,0,0,0,0,0,0,0,0,0,0,0,0,0,0,0,0
PCM,0,0,0,0,0,0,0,0,0,0,0,0,0,0,0,0
PCM,0,0,0,0,0,0,0,0,0,0,0,0,0,0,0,0
PCM,0,0,0,0,0,0,0,0,0,0,0,0,0,0,0,0
PCM,0,0,0,0,0,0,0,0,0,0,0,0,0,0,0,0
PCM,0,0,0,0,0,0,0,0,0,0,0,0,0,0,0,0
PCM,0,0,0,0,0,0,0,0,0,0,0,0,0,0,0,0
PCM,0,0,0,0,0,0,0,0,0,0,0,0,0,0,0,0
PCM,0,0,0,0,0,0,0,0,0,0,0,0,0,0,0,0
PCM,0,0,0,0,0,0,0,0,0,0,0,0,0,0,0,0
PCM,0,0,0,0,0,0,0,0,0,0,0,0,0,0,0,0
PCM,0,0,0,0,0,0,0,0,0,0,0,0,0,0,0,0
PCM,0,0,0,0,0,0,0,0,0,0,0,0,0,0,0,0
PCM,0,0,0,0,0,0,0,0,0,0,0,0,0,0,0,0
PCM,0,0,0,0,0,0,0,0,0,0,0,0,0,0,0,0
PCM,0,0,0,0,0,0,0,0,0,0,0,0,0,0,0,0
PCM,0,0,0,0,0,0,0,0,0,0,0,0,0,0,0,0
PCM,0,0,0,0,0,0,0,0,0,0,0,0,0,0,0,0
PCM,0,0,0,0,0,0,0,0,0,0,0,0,0,0,0,0
PCM,0,0,0,0,0,0,0,0,0,0,0,0,0,0,0,0
PCM,0,0,0,0,0,0,0,0,0,0,0,0,0,0,0,0
PCM,0,0,0,0,0,0,0,0,0,0,0,0,0,0,0,0
PCM,0,0,0,0,0,0,0,0,0,0,0,0,0,0,0,0
PCM,0,0,0,0,0,0,0,0,0,0,0,0,0,0,0,0
PCM,0,0,0,0,0,0,0,0,0,0,0,0,0,0,0,0
PCM,0,0,0,0,0,0,0,0,0,0,0,0,0,0,0,0
PCM,0,0,0,0,0,0,0,0,0,0,0,0,0,0,0,0
PCM,0,0,0,0,0,0,0,0,0,0,0,0,0,0,0,0
PCM,0,0,0,0,0,0,0,0,0,0,0,0,0,0,0,0
PCM,0,0,0,0,0,0,0,0,0,0,0,0,0,0,0,0
PCM,0,0,0,0,0,0,0,0,0,0,0,0,0,0,0,0
PCM,0,0,0,0,0,0,0,0,0,0,0,0,0,0,0,0
PCM,0,0,0,0,0,0,0,0,0,0,0,0,0,0,0,0
PCM,0,0,0,0,0,0,0,0,0,0,0,0,0,0,0,0
PCM,0,0,0,0,0,0,0,0,0,0,0,0,0,0,0,0
PCM,0,0,0,0,0,0,0,0,0,0,0,0,0,0,0,0
PCM,0,0,0,0,0,0,0,0,0,0,0,0,0,0,0,0
PCM,0,0,0,0,0,0,0,0,0,0,0,0,0,0,0,0
PCM,0,0,0,0,0,0,0,0,0,0,0,0,0,0,0,0
PCM,0,0,0,0,0,0,0,0,0,0,0,0,0,0,0,0
PCM,0,0,0,0,0,0,0,0,0,0,0,0,0,0,0,0
PCM,0,0,0,0,0,0,0,0,0,0,0,0,0,0,0,0
PCM,0,0,0,0,0,0,0,0,0,0,0,0,0,0,0,0
PCM,0,0,0,0,0,0,0,0,0,0,0,0,0,0,0,0
PCM,0,0,0,0,0,0,0,0,0,0,0,0,0,0,0,0
PCM,0,0,0,0,0,0,0,0,0,0,0,0,0,0,0,0
PCM,0,0,0,0,0,0,0,0,0,0,0,0,0,0,0,0
PCM,0,0,0,0,0,0,0,0,0,0,0,0,0,0,0,0
PCM,0,0,0,0,0,0,0,0,0,0,0,0,0,0,0,0
PCM,0,0,0,0,0,0,0,0,0,0,0,0,0,0,0,0
PCM,0,0,0,0,0,0,0,0,0,0,0,0,0,0,0,0
PCM,0,0,0,0,0,0,0,0,0,0,0,0,0,0,0,0
PCM,0,0,0,0,0,0,0,0,0,0,0,0,0,0,0,0
PCM,0,0,0,0,0,0,0,0,0,0,0,0,0,0,0,0
PCM,0,0,0,0,0,0,0,0,0,0,0,0,0,0,0,0
PCM,0,0,0,0,0,0,0,0,0,0,0,0,0,0,0,0
PCM,0,0,0,3,3,0,0,0,0,0,-4,-4,-4,-2,3,3
PCM,12,14,14,19,21,26,28,33,31,33,37,33,31,31,31,31
PCM,31,21,15,19,14,12,10,7,3,-2,-6,-6,-2,-9,-2,-4
PCM,-4,0,-6,-11,-16,-18,-27,-25,-22,-29,-22,-29,-27,-20,-27,-30
PCM,-41,-44,-46,-46,-46,-46,-46,-38,-34,-34,-29,-27,-25,-25,-22,-18
PCM,-18,-13,-15,-9,-2,-6,1,0,-4,0,0,5,5,12,14,14
PCM,21,15,24,26,26,26,21,28,28,26,24,21,26,24,21,19
PCM,19,19,15,10,5,3,3,10,12,5,3,1,0,0,-11,-15
PCM,-13,-13,-16,-18,-16,-18,-13,-15,-18,-13,-22,-18,-11,-6,-4,-4
PCM,0,0,0,0,3,1,0,1,0,0,-2,-2,0,-4,-9,-13
PCM,-13,-9,-13,-13,-16,-13,-11,-15,-9,-13,-6,-4,-4,-2,-11,-16
PCM,-18,-15,-13,-11,-13,-13,-9,-13,-13,-13,-13,-9,-6,-2,0,0
PCM,0,0,1,10,7,5,10,10,10,5,7,10,5,15,14,5
PCM,1,0,0,-4,0,3,3,7,3,5,10,5,15,28,35,37
PCM,42,42,37,33,24,26,24,17,19,17,24,21,15,19,15,14
PCM,12,10,3,14,19,17,26,24,28,31,37,42,35,35,28,21
PCM,21,15,10,5,5,10,5,0,0,0,0,-4,-9,-9,-6,-9
PCM,-13,-16,-18,-22,-27,-27,-30,-27,-29,-30,-20,-22,-16,-16,-13,-11
PCM,-13,-6,-13,-16,-18,-20,-20,-25,-25,-27,-20,-22,-25,-18,-13,-2
PCM,0,0,-2,-6,-6,-11,-11,-13,-9,-2,0,0,1,0,3,10
PCM,5,1,1,1,0,3,5,5,1,-2,0,-4,-2,0,-4,-6
PCM,-4,0,0,5,10,7,12,17,21,21,19,21,19,19,21,19
PCM,14,7,5,1,0,-2,-2,-6,-9,-6,-13,-13,-20,-16,-13,-18
PCM,-16,-18,-18,-13,-6,-6,-6,-11,-11,-6,-2,-6,-11,-11,-15,-15
PCM,-18,-18,-15,-15,-16,-25,-27,-22,-29,-34,-30,-27,-22,-15,-15,-16
PCM,-13,-15,-15,-9,-11,-16,-16,-15,-16,-16,-13,-11,-6,-2,0,0
PCM,1,7,14,14,14,19,29,28,21,15,12,12,10,17,15,17
PCM,21,26,28,24,19,15,26,28,26,29,28,24,19,21,24,21
PCM,19,24,24,17,15,15,12,12,15,14,10,12,3,5,3,3
PCM,5,1,3,0,0,1,3,0,0,0,-6,-2,-2,-11,-15,-15
PCM,-16,-15,-15,-16,-18,-15,-15,-15,-9,-16,-11,-6,1,3,3,10
PCM,1,1,10,1,1,1,0,0,0,0,0,0,0,-2,-4,-2
PCM,-2,-2,-6,-9,-2,1,1,-2,1,3,1,1,0,3,10,10
PCM,7,10,10,12,14,12,7,12,7,1,1,1,0,-2,-2,-4
PCM,-2,-6,-11,-4,-11,-11,-9,0,5,0,7,5,0,0,-2,-2
PCM,1,1,3,5,7,15,19,17,24,21,24,28,29,24,17,14
PCM,7,1,1,0,-2,-6,-11,-16,-18,-11,-11,-6,-6,-2,1,0
PCM,1,5,12,14,10,14,10,3,0,0,-9,-18,-13,-15,-15,-16
PCM,-25,-18,-25,-27,-22,-29,-27,-22,-25,-25,-25,-22,-25,-27,-32,-34
PCM,-30,-25,-25,-29,-25,-18,-16,-11,-9,-15,-15,-9,-13,-13,-16,-22
PCM,-18,-20,-20,-15,-13,-6,-9,-4,-6,-13,-9,-11,-11,-6,0,1
PCM,0,3,5,3,1,5,12,15,26,31,31,40,40,37,37,40
PCM,37,33,29,24,24,26,26,19,24,28,29,29,21,24,28,24
PCM,17,7,5,12,14,7,0,0,5,3,-2,-9,-6,-2,3,5
PCM,-2,-2,-2,1,7,5,0,-9,-4,0,-11,-11,-13,-16,-22,-29
PCM,-22,-30,-34,-46,-43,-29,-57,-62,-52,-50,-62,-60,-50,-43,-29,-38
PCM,-25,-4,-13,-18,-11,15,15,-2,15,43,37,26,29,42,47,35
PCM,28,43,37,17,28,53,33,7,7,3,31,37,0,-16,-4,-2
PCM,-34,-11,51,10,-211,-215,51,43,-86,-34,97,71,1,100,133,49
PCM,26,65,112,71,29,57,126,195,167,114,49,35,130,135,-41,-30
PCM,56,-11,-120,-22,61,-62,-110,-131,-120,-134,-154,-82,-43,-60,-173,-300
PCM,-211,-102,-90,-177,-235,-82,31,-50,-25,107,83,10,114,192,137,-29
PCM,-120,61,196,236,228,119,-27,-6,125,117,61,-29,-68,-243,-164,198
PCM,87,-223,-321,-134,77,35,-168,-92,-41,-134,-138,112,290,-106,-207,87
PCM,462,351,-16,81,117,206,297,422,579,262,56,181,464,667,445,359
PCM,313,320,329,184,232,179,-74,-71,49,125,-46,-388,-419,-336,-227,-182
PCM,-303,-455,-696,-708,-495,-439,-425,-588,-654,-544,-527,-316,-358,-680,-676,-495
PCM,-252,-338,-386,-243,-467,-384,-221,-94,-46,-282,-173,-203,-110,12,-196,-94
PCM,-152,-86,95,49,89,-72,-120,-102,-68,77,-48,-104,-82,-98,-9,-32
PCM,-57,-15,-15,45,77,130,210,285,375,381,598,732,684,800,814,994
PCM,1124,1010,1143,1314,1320,1290,1423,1491,1314,1175,1059,913,695,577,746,672
PCM,198,-115,-80,-34,-259,-557,-644,-717,-951,-1074,-896,-738,-870,-986,-874,-660
PCM,-618,-724,-555,-300,-171,-82,-43,49,75,121,274,420,420,232,139,65
PCM,31,73,1,-175,-380,-487,-532,-622,-838,-1095,-1106,-981,-995,-1144,-1313,-1361
PCM,-1315,-1118,-880,-900,-1088,-1254,-1116,-696,-461,-539,-460,-166,-38,-13,3,29
PCM,125,262,427,573,568,355,283,552,768,661,418,251,242,417,547,500
PCM,389,228,162,351,598,554,297,204,325,482,623,609,404,334,470,607
PCM,688,711,591,446,642,978,1050,962,873,885,1059,1356,1469,1367,1300,1249
PCM,1272,1334,1265,1112,1050,913,723,639,500,260,-15,-166,-265,-460,-710,-898
PCM,-949,-958,-1019,-1184,-1236,-1168,-1164,-1085,-932,-779,-715,-777,-731,-428,-155,-136
PCM,-173,-150,-98,-112,-129,-9,17,-199,-407,-455,-491,-682,-907,-1079,-1143,-1162
PCM,-1291,-1393,-1478,-1563,-1653,-1651,-1498,-1396,-1424,-1424,-1234,-1005,-910,-768,-599,-465
PCM,-263,-99,117,304,383,452,552,684,716,750,764,776,818,795,716,575
PCM,522,492,462,500,496,480,474,450,440,520,579,552,617,725,781,837
PCM,899,964,1026,1087,1114,1121,1066,1034,1084,1086,1056,1038,990,848,820,917
PCM,846,656,524,452,454,456,335,223,244,162,26,57,100,-4,-98,-60
PCM,-60,-152,-243,-340,-342,-268,-352,-509,-578,-710,-817,-719,-694,-809,-851,-888
PCM,-944,-900,-894,-974,-986,-962,-976,-1033,-1039,-948,-912,-981,-1041,-1087,-1166,-1243
PCM,-1234,-1204,-1269,-1327,-1298,-1313,-1403,-1365,-1343,-1403,-1241,-1016,-1035,-1073,-935,-815
PCM,-668,-416,-237,-127,0,95,253,460,501,549,837,1040,1015,1098,1297,1447
PCM,1547,1575,1606,1795,1985,2053,2217,2472,2550,2460,2412,2509,2680,2691,2438,2142
PCM,1969,1743,1284,841,704,655,408,61,-227,-388,-449,-535,-530,-314,-187,-233
PCM,-74,236,448,617,732,744,758,795,790,756,615,313,-64,-414,-687,-970
PCM,-1327,-1692,-2016,-2338,-2651,-2942,-3091,-2993,-2880,-2822,-2651,-2461,-2306,-2054,-1740,-1403
PCM,-1011,-706,-551,-414,-350,-393,-419,-419,-398,-386,-555,-854,-1060,-1182,-1299,-1341
PCM,-1273,-1222,-1202,-1111,-960,-819,-694,-477,-90,339,672,955,1201,1399,1670,1895
PCM,1967,2188,2469,2469,2440,2585,2677,2597,2453,2486,2545,2311,2142,2283,2283,2096
PCM,2043,1950,1721,1478,1145,953,1006,913,589,239,-177,-696,-912,-493,0,-168
PCM,-610,-537,-134,97,192,265,381,498,448,321,258,142,42,79,29,-307
PCM,-866,-1367,-1444,-1254,-1307,-1653,-2040,-2412,-2554,-2308,-1961,-1822,-2018,-2274,-2199,-1780
PCM,-1220,-754,-467,-245,-4,230,454,545,434,413,615,798,693,216,-451,-986
PCM,-1157,-1023,-854,-977,-1428,-1702,-1822,-2554,-3040,-2018,-1067,-1268,-1118,-310,-2,24
PCM,383,744,1087,1533,1842,2025,2106,1848,1364,1279,1561,1392,790,353,158,140
PCM,137,-32,-362,-833,-1171,-815,-88,1,-307,-481,-648,-509,71,587,728,776
PCM,851,923,1175,1409,1378,1225,1292,1566,1602,1338,860,318,71,369,885,899
PCM,545,315,196,75,144,545,806,830,990,1283,1366,1121,850,728,780,980
PCM,1156,1183,1094,848,-277,-2000,-2484,-1738,-1310,-1544,-1710,-1321,-918,-1049,-1178,-840
PCM,-414,-219,-52,244,313,-169,-529,-106,283,-96,-888,-1449,-1444,-1227,-1234,-1490
PCM,-1879,-2338,-2493,-1995,-1472,-1509,-1868,-2023,-1754,-1310,-699,-43,355,482,570,923
PCM,1353,1385,1098,1026,1249,1423,1356,1004,341,-418,-759,-493,-110,-127,-409,-544
PCM,-501,-430,-238,186,721,1151,1533,1902,2154,2265,2258,2342,2523,2645,2747,2835
PCM,2879,2680,2231,1816,1485,1201,950,832,762,496,137,-150,-207,-370,-1178,-1896
PCM,-1648,-1150,-1326,-1605,-1405,-1158,-1143,-1069,-795,-594,-600,-652,-564,-430,-477,-610
PCM,-666,-636,-580,-546,-638,-935,-1143,-1284,-1451,-1476,-1583,-1808,-1963,-2012,-2118,-2276
PCM,-2262,-2243,-2173,-1953,-1683,-1250,-896,-835,-680,-252,117,349,746,1044,1054,1298
PCM,1630,1481,1101,945,945,1026,1237,1548,1663,1471,1225,1006,1126,1564,1964,2416
PCM,2899,3131,3039,2953,2788,920,-2318,-3156,-1206,-143,-1007,-1588,-761,43,-36,179
PCM,760,843,905,1447,2108,2440,1981,1431,2110,2905,2370,915,-363,-604,-207,109
PCM,93,-666,-2123,-2914,-2262,-1480,-1590,-2352,-3037,-3033,-2463,-1478,-446,-46,-314,-541
PCM,-134,684,1075,806,672,814,992,989,210,-1269,-2620,-2843,-2030,-1238,-1199,-1981
PCM,-2535,-2449,-2415,-2007,-956,49,726,1258,1775,1846,1358,987,1089,1228,1239,1356
PCM,1487,1492,1143,508,-106,-664,-946,-757,-257,188,321,343,549,792,806,716
PCM,887,1427,1978,1944,1441,990,718,123,-1544,-2387,-1220,-1047,-2173,-1977,-1215,-1248
PCM,-1261,-882,-305,-74,-76,375,656,533,401,130,250,742,545,-92,-735,-1426
PCM,-1629,-1451,-1240,-965,-1152,-1359,-777,-418,-807,-908,-532,-298,128,887,1457,1620
PCM,1233,681,538,697,927,1042,739,431,605,633,149,-376,-712,-551,21,637
PCM,1242,1129,549,753,1187,1477,2360,3127,3488,3856,3880,3514,2780,655,-2959,-5027
PCM,-3922,-1988,-1774,-2743,-2622,-1681,-1208,-801,-261,299,1020,1714,2414,2809,2212,1344
PCM,1408,1941,1886,712,-1063,-1833,-1476,-1043,-781,-1294,-2706,-3633,-2979,-1493,-713,-1083
PCM,-2004,-2342,-1796,-740,540,1364,1256,623,417,864,1142,851,522,487,677,816
PCM,329,-1085,-2690,-3181,-2189,-837,-268,-502,-870,-793,-608,-213,626,1455,2082,2428
PCM,2659,2458,1749,1151,711,397,237,272,464,723,836,603,248,-44,-29,339
PCM,889,1590,2099,2188,2069,1911,1663,1159,552,357,653,587,-155,-896,-1516,-2260
PCM,-2560,-2427,-2582,-2487,-1893,-1619,-1268,-265,318,162,214,522,607,486,378,125
PCM,-458,-1018,-1341,-1577,-1889,-2329,-2568,-2514,-2542,-2739,-2745,-2373,-1843,-1202,-664,-352
PCM,-76,-29,-13,464,1072,1380,1781,1858,1195,834,770,422,65,-263,-386,-66
PCM,359,566,392,130,168,460,1112,1862,1967,1798,2311,3046,3474,3597,3278,3036
PCM,3150,3252,3099,2668,468,-3674,-5942,-5126,-3557,-2801,-2495,-1198,434,1040,1140,1397
PCM,1719,2047,2522,2972,3036,2356,1415,1153,1003,84,-1576,-3279,-3682,-2727,-1648,-1234
PCM,-1857,-3112,-3658,-2685,-1046,63,47,-823,-1303,-993,-210,679,1137,850,232,0
PCM,105,-18,-868,-1655,-1591,-910,-169,-265,-1268,-2530,-3026,-2163,-796,111,359,381
PCM,401,369,584,1008,1427,1747,1821,1755,1422,742,77,-360,-560,-749,-741,-168
PCM,714,1385,1536,1404,1225,1191,1503,2017,2611,2875,2682,2591,2603,2069,1026,262
PCM,81,184,28,-451,-1152,-2568,-3295,-2241,-1871,-2384,-1722,-620,-44,431,1142,1784
PCM,1725,1290,1089,762,297,100,-227,-626,-951,-1625,-2204,-2481,-2674,-2576,-2435,-2496
PCM,-2370,-2070,-1718,-956,-134,208,309,373,313,432,947,1388,1628,1497,1001,742
PCM,542,167,-254,-676,-1013,-1116,-687,-168,-155,-199,239,732,1191,1994,2677,2983
PCM,3028,3052,3530,4120,4231,4069,3705,2839,369,-3865,-6597,-5996,-4505,-4024,-3783,-2676
PCM,-761,905,1745,2103,1914,1540,1673,1946,1980,1842,1761,2006,2200,1233,-1252,-3855
PCM,-4721,-3264,-1155,-215,-580,-1720,-2699,-2503,-1393,-541,-491,-1106,-1667,-1414,-384,798
PCM,1244,506,-354,-418,1,746,1189,795,251,103,103,-138,-1134,-2359,-2549,-1708
PCM,-555,267,293,-166,-382,-430,-324,361,1263,1906,2242,2333,2087,1279,321,-265
PCM,-618,-706,-416,61,709,1318,1540,1483,1173,625,474,1034,1892,2633,2833,2684
PCM,2504,1854,913,160,-296,-280,-134,-398,-842,-976,-1041,-1329,-2568,-4137,-3168,-1241
PCM,-1326,-1120,490,1322,1157,1133,1267,855,89,-124,-127,-507,-1007,-1619,-2296,-2634
PCM,-2979,-3567,-4089,-4141,-3214,-1939,-1111,-594,-487,-775,-553,355,843,683,718,822
PCM,834,1112,1304,915,83,-487,-571,-527,-380,-104,1,65,339,778,1272,1292
PCM,1010,1177,1783,2607,3175,3403,3479,3335,3417,3590,3761,4035,3826,2842,593,-3262
PCM,-6513,-6528,-4797,-3788,-2993,-1278,1010,2418,2744,2712,2511,2337,2066,1798,1775,1761
PCM,1529,1450,1260,107,-1879,-3836,-4346,-2956,-914,260,-187,-1590,-2471,-2104,-1051,-421
PCM,-747,-1619,-2171,-1954,-1196,-291,242,149,-243,-210,464,957,806,283,-175,-68
PCM,355,359,-544,-2139,-3107,-2556,-1294,-515,-254,-201,-224,-182,-43,383,955,1320
PCM,1475,1654,1691,1423,907,154,-376,-673,-664,-38,837,1675,2099,1898,1547,1330
PCM,1283,1436,1691,1870,1994,2270,2376,1821,651,-391,-722,-585,-428,-638,-956,-886
PCM,-666,-432,-729,-2225,-2723,-1250,-618,-690,484,1647,1564,1098,860,339,-485,-745
PCM,-698,-1005,-1405,-1574,-1752,-1877,-1947,-2554,-3188,-3178,-2359,-990,-9,353,237,-185
PCM,-213,337,512,-106,-421,-183,-16,188,329,174,-338,-907,-893,-555,-404,-231
PCM,-118,47,647,1311,1693,1703,1508,1367,1381,1789,2244,2453,2564,2522,2784,2907
PCM,2506,2545,2462,1735,334,-2616,-5761,-6483,-5186,-4155,-3533,-1852,989,3219,4035,4269
PCM,3648,2428,1568,907,655,754,778,1110,1457,631,-1341,-3417,-4334,-3216,-1093,385
PCM,598,-227,-1104,-1106,-374,28,-483,-1685,-2717,-2517,-1343,-64,609,464,107,139
PCM,700,1114,702,-88,-477,-268,218,417,-223,-1569,-2634,-2590,-1599,-585,-180,-106
PCM,117,264,304,549,598,473,589,929,1103,762,347,128,-245,-823,-1053,-692
PCM,140,1356,2287,2537,2231,1826,1589,1292,1006,794,818,1173,1642,1658,718,-458
PCM,-940,-789,-628,-684,-606,-303,-38,5,-1007,-2276,-1382,-223,-826,-773,443,619
PCM,186,443,401,-382,-759,-463,-370,-692,-979,-1377,-1713,-1381,-1341,-2148,-2984,-3017
PCM,-2014,-815,1,179,-265,-555,-88,589,501,165,279,24,-252,443,1003,450
PCM,-207,-497,-590,-84,526,473,103,258,990,1814,2249,1924,1344,1330,1686,2023
PCM,2335,2321,2134,2684,3594,3808,3953,3902,2649,-140,-4256,-7044,-6478,-4407,-3378,-3098
PCM,-1470,1524,3778,4267,3852,2948,1814,784,26,-4,443,927,1686,2244,1352,-1212
PCM,-4066,-5003,-3521,-1275,210,462,-402,-1368,-1144,-280,-449,-1879,-3323,-3545,-2413,-698
PCM,837,1434,889,71,-72,432,804,501,-60,29,760,1197,698,-872,-2876,-3739
PCM,-2721,-1016,103,514,484,401,248,-11,-44,0,28,362,1108,1590,1121,218
PCM,-460,-795,-872,-699,45,1306,2440,2914,2835,2388,1562,774,538,605,649,802
PCM,1383,2258,2347,1437,181,-703,-662,-356,-491,-726,-358,248,-430,-2135,-2646,-2068
PCM,-2151,-2030,-671,804,1733,2103,1789,945,186,-254,-840,-1465,-1715,-1627,-1438,-1212
PCM,-1289,-1933,-2762,-3248,-2912,-1919,-763,33,-78,-819,-854,65,186,-781,-1353,-1134
PCM,-523,359,1034,982,559,184,71,170,156,28,-310,-614,-294,642,1312,1195
PCM,920,1078,1800,2647,2886,2460,2182,2539,2967,3263,3858,4307,4114,3224,950,-3214
PCM,-6868,-7197,-5487,-4302,-3420,-1236,1864,4146,4706,3891,2492,1249,349,-307,-692,-407
PCM,639,1924,2710,2122,-141,-3067,-4256,-2989,-826,436,210,-735,-1229,-805,-405,-1063
PCM,-2537,-3829,-4137,-3067,-1157,462,1068,883,494,498,862,790,117,-535,-444,413
PCM,1246,1059,-386,-2269,-3329,-2664,-1074,-48,341,579,820,834,484,-60,-453,-335
PCM,-11,515,1131,1086,542,154,-44,-205,-129,369,1184,2112,2851,2951,2317,1552
PCM,1135,893,631,508,772,1366,2039,2356,1821,728,-38,-191,-152,-483,-984,-1285
PCM,-1569,-1313,-713,-1023,-1774,-1607,-791,-231,443,1348,1575,1121,772,339,-515,-1227
PCM,-1560,-1699,-1574,-1299,-1220,-1504,-1975,-2217,-2193,-2137,-1889,-1243,-642,-356,-150,-173
PCM,-670,-1196,-1400,-1323,-706,281,941,1140,1126,919,672,431,-57,-586,-656,-227
PCM,251,621,976,1066,806,892,1582,2230,2363,2277,2474,2770,3180,3850,4432,4460
PCM,3933,2766,-183,-4687,-7638,-7150,-5273,-3887,-2287,200,2809,4479,4525,2955,1012,-88
PCM,-509,-787,-745,-22,1344,3004,3949,2972,119,-2928,-4028,-2846,-1000,-104,-344,-810
PCM,-687,-6,-32,-1690,-4006,-5221,-4494,-2410,-349,911,1385,1328,1246,1223,837,-108
PCM,-1097,-1134,-99,1235,1886,1084,-1007,-3075,-3565,-2467,-1204,-652,-455,51,889,1356
PCM,985,43,-668,-501,267,879,929,742,670,540,214,-88,-134,237,1068,1922
PCM,2363,2365,1936,1233,667,554,778,1094,1409,1735,2099,2283,1941,1096,216,-349
PCM,-833,-1571,-2125,-1792,-960,-571,-727,-981,-1095,-1079,-1102,-1029,-416,501,1066,1128
PCM,836,212,-537,-1002,-1227,-1465,-1671,-1621,-1340,-1150,-1323,-1820,-2412,-2848,-2704,-1871
PCM,-984,-574,-543,-656,-854,-963,-856,-745,-585,-36,804,1434,1527,1046,335,-120
PCM,-298,-356,-284,-58,313,684,790,800,1131,1447,1519,1844,2481,2770,2661,2761
PCM,3177,3659,4187,4532,4380,3721,1743,-2109,-5553,-6363,-5705,-5061,-3767,-1157,2078,4660
PCM,5278,3701,1491,158,-433,-858,-981,-539,595,2347,3858,3810,1737,-1257,-3178,-3220
PCM,-2273,-1365,-981,-1059,-912,-44,498,-666,-3019,-4906,-5214,-3797,-1710,-296,418,1024
PCM,1529,1828,1628,540,-930,-1555,-712,895,2031,1922,528,-1299,-2324,-2262,-1863,-1639
PCM,-1454,-967,-66,798,950,389,-215,-280,204,718,697,174,-141,192,704,767
PCM,531,593,1165,1916,2379,2325,1737,936,510,625,973,1309,1626,1934,2158,2162
PCM,1781,1080,389,19,-154,-740,-2130,-3123,-2255,-1065,-1419,-1812,-900,26,228,307
PCM,139,-102,598,1612,1350,262,-453,-924,-1180,-930,-849,-1331,-1667,-1396,-803,-712
PCM,-1615,-2886,-3486,-2989,-1641,-442,-360,-777,-765,-745,-1027,-995,-662,-435,210,1429
PCM,2219,2162,1513,376,-544,-407,133,125,216,830,1167,1161,1286,1214,915,1073
PCM,1717,2393,2865,3149,3588,4231,4674,4507,3024,-400,-4348,-5920,-5022,-4225,-4066,-2966
PCM,-416,2744,4944,4394,1668,-461,-1222,-1756,-2095,-1718,-634,1366,3828,4944,3798,1212
PCM,-1395,-2679,-2419,-1982,-2334,-2588,-1673,142,1406,665,-1799,-4147,-5100,-4742,-3617,-2271
PCM,-954,474,1807,2559,2541,1610,-159,-1641,-1539,-180,1360,2319,2023,659,-537,-979
PCM,-1294,-1826,-2225,-2090,-1172,172,923,723,288,321,876,1388,1212,517,123,313
PCM,653,795,837,927,1149,1531,1797,1686,1380,1020,559,290,462,786,1031,1477
PCM,2226,2673,2182,1089,304,130,125,-553,-2023,-2753,-1951,-1273,-1744,-2121,-1657,-951
PCM,-319,-41,-515,-1063,-793,-273,-104,135,331,154,105,190,-307,-1146,-1562,-1423
PCM,-1029,-935,-1472,-2246,-2676,-2475,-1889,-1591,-1685,-1452,-757,-307,-284,-376,-578,-662
PCM,-84,925,1580,1693,1457,1054,873,1017,953,587,427,601,994,1453,1814,1851
PCM,1404,1058,1578,2497,2879,2677,2624,3363,4533,5167,4620,2548,-765,-3491,-4183,-3855
PCM,-3980,-4100,-2843,7,3208,4803,3877,1666,-34,-974,-1877,-2914,-3292,-1899,1332,4602
PCM,5633,3953,961,-1381,-2084,-2044,-2590,-3336,-3100,-1685,232,1352,575,-1710,-3966,-5089
PCM,-5052,-4350,-3355,-2002,-205,1517,2621,2742,1700,-32,-1433,-1664,-823,561,1628,1598
PCM,837,126,-362,-898,-1674,-2475,-2622,-1699,-396,307,434,669,1288,1851,1812,1223
PCM,582,343,482,623,601,642,1108,1985,2643,2550,1890,1100,559,420,452,494
PCM,737,1300,2117,2986,3360,2766,1538,452,-211,-493,-699,-1611,-2604,-2018,-946,-1266
PCM,-1847,-1509,-1172,-1011,-539,-529,-1033,-949,-594,-833,-984,-474,87,392,487,97
PCM,-574,-1039,-1241,-1229,-1414,-2090,-2690,-2707,-2389,-1899,-1490,-1720,-2024,-1617,-1106,-1019
PCM,-954,-807,-553,182,1017,1366,1372,1142,780,645,820,971,953,1018,1212,1326
PCM,1336,1436,1519,1237,836,889,1415,1911,2202,2641,3322,4097,4762,4936,4067,1582
PCM,-1855,-4139,-4369,-4047,-4202,-3722,-1615,1580,4293,4752,2726,154,-1134,-1617,-2441,-3239
PCM,-2804,-569,2812,5403,5310,2728,-298,-1931,-2111,-2120,-2743,-3347,-2820,-958,1133,1644
PCM,-32,-2489,-4128,-4658,-4425,-3746,-2971,-1852,-6,1874,2835,2661,1420,-391,-1395,-907
PCM,265,1193,1429,917,244,51,-62,-755,-1732,-2262,-1915,-914,-155,-76,1,587
PCM,1404,2035,2087,1352,424,139,373,538,498,559,1098,2136,3039,3010,2087,1066
PCM,470,272,301,413,633,1235,2327,3413,3719,2907,1334,-124,-877,-1282,-1887,-2348
PCM,-2079,-1357,-763,-551,-727,-1049,-1261,-1410,-1520,-1353,-837,-205,234,383,397,307
PCM,105,-284,-819,-1160,-1206,-1071,-948,-988,-1296,-1868,-2465,-2701,-2445,-2051,-1768,-1599
PCM,-1480,-1254,-1043,-1227,-1553,-1375,-726,-27,587,1054,1272,1501,1767,1638,1281,1126
PCM,816,295,311,756,1032,1258,1545,1633,1666,1834,1868,1777,1950,2363,2845,3667
PCM,4813,5424,4785,2611,-713,-3415,-4314,-4494,-5008,-4915,-2878,792,4187,5248,3800,1677
PCM,361,-541,-1776,-3067,-3331,-1623,1578,4392,5103,3666,1356,-342,-1130,-1896,-3040,-3853
PCM,-3446,-1730,480,1614,737,-1268,-3075,-4341,-5017,-4927,-4311,-3142,-1160,1094,2791,3346
PCM,2460,707,-604,-785,-362,-78,-177,-418,-344,137,501,297,-380,-1194,-1560,-1335
PCM,-1245,-1509,-1363,-423,913,1973,2138,1431,538,19,-150,-219,-205,83,846,2006
PCM,2972,3127,2488,1492,607,119,21,95,295,876,1955,3087,3463,2812,1784,964
PCM,285,-465,-1648,-3137,-3348,-1891,-922,-1248,-1291,-616,-164,-213,-738,-1452,-1351,-294
PCM,339,73,-106,42,133,188,3,-602,-993,-824,-551,-599,-1232,-2209,-2769,-2618
PCM,-2040,-1377,-1206,-1597,-1635,-1199,-1208,-1590,-1657,-1452,-815,452,1497,1779,1779,1659
PCM,1415,1388,1378,848,272,299,607,941,1380,1594,1374,1147,1153,1346,1600,1445
PCM,1087,1477,2627,3741,4497,4791,4585,4166,2911,-159,-3573,-5134,-5398,-5513,-4665,-2266
PCM,786,3495,4620,3502,1647,510,-662,-2441,-3601,-3179,-1261,1436,3490,3916,3014,1584
PCM,168,-1069,-2269,-3373,-3843,-3333,-1947,-43,1254,795,-949,-2632,-3635,-4010,-4079,-4006
PCM,-3179,-1204,1078,2593,3011,2509,1533,695,119,-435,-821,-912,-914,-773,-164,784
PCM,1302,892,-110,-935,-1234,-1341,-1549,-1593,-984,378,1955,2812,2492,1606,895,420
PCM,7,-310,-296,351,1633,2941,3615,3536,2847,1832,909,347,149,285,737,1520
PCM,2571,3316,3117,2144,1052,167,-638,-1905,-3579,-3962,-2493,-1361,-1387,-1046,-150,260
PCM,146,-493,-1577,-1808,-821,-110,-322,-516,-330,-78,222,142,-676,-1509,-1738,-1660
PCM,-1729,-2100,-2634,-2846,-2521,-1859,-1115,-868,-1379,-1813,-1774,-1863,-2042,-1873,-1490,-656
PCM,885,2110,2351,2244,1967,1374,885,454,-238,-461,256,1058,1457,1767,1936,1677
PCM,1312,1189,1073,927,996,1364,2154,3258,4208,4841,5215,5230,4704,3032,-191,-3595
PCM,-5318,-5453,-5082,-4218,-2229,631,3314,4585,3836,2073,728,-322,-1829,-3195,-3371,-2016
PCM,432,2684,3455,2828,1709,556,-630,-1921,-3223,-4098,-3950,-2616,-710,498,208,-977
PCM,-2088,-2933,-3595,-4026,-4159,-3614,-2116,-211,1358,2339,2580,2047,1128,295,-360,-856
PCM,-1139,-1353,-1299,-515,670,1344,1098,246,-521,-747,-902,-1548,-2153,-1744,-213,1501
PCM,2434,2337,1701,1300,1189,728,-131,-632,-221,1080,2622,3502,3486,2951,2297,1763
PCM,1325,788,208,47,617,1633,2467,2631,2166,1570,1087,404,-833,-2592,-3853,-3382
PCM,-2155,-1829,-1743,-821,276,764,661,3,-606,-344,139,-254,-967,-979,-521,-11
PCM,278,-122,-922,-1333,-1319,-1340,-1748,-2554,-3150,-2912,-2007,-1139,-884,-1266,-1498,-1208
PCM,-1190,-1699,-2016,-1810,-984,514,1894,2504,2732,2708,2142,1320,635,-43,-576,-479
PCM,-96,130,575,1300,1826,2013,1976,1854,1834,1868,1772,1755,2175,3011,3860,4472
PCM,4889,4636,2953,-150,-3239,-4804,-5144,-5228,-4825,-3045,109,3278,4639,3822,2376,1552
PCM,695,-1176,-3347,-4135,-2706,137,2460,3145,2873,2513,1989,853,-1005,-3042,-4316,-4225
PCM,-3009,-1488,-432,-217,-580,-1013,-1470,-2116,-2908,-3575,-3612,-2618,-1023,468,1624,2150
PCM,2124,1930,1564,864,-29,-888,-1673,-1982,-1449,-393,446,667,552,538,625,170
PCM,-1111,-2271,-2322,-1268,45,903,1276,1568,2073,2311,1715,538,-328,-312,376,1221
PCM,1779,2106,2466,2831,2885,2483,1811,998,334,198,641,1242,1529,1505,1594,1825
PCM,1554,362,-1599,-3389,-3612,-2725,-2598,-2894,-1921,-219,792,1135,941,290,53,223
PCM,-419,-1615,-1929,-1407,-833,-268,15,-210,-328,-266,-696,-1706,-2850,-3628,-3617,-2912
PCM,-2076,-1435,-1148,-1025,-694,-597,-1188,-1796,-1718,-1079,5,1235,1834,1872,1980,1962
PCM,1447,768,103,-670,-972,-576,-221,47,853,1834,2281,2481,2663,2480,1952,1439
PCM,1211,1540,2511,3652,4493,5039,5037,3697,798,-2362,-4419,-5397,-5797,-5519,-3897,-880
PCM,2383,4342,4406,3556,2825,1769,-489,-3146,-4334,-3262,-735,1554,2561,2825,3171,3302
PCM,2286,126,-2206,-3885,-4409,-3753,-2595,-1774,-1351,-835,-307,-277,-916,-2014,-3144,-3563
PCM,-2943,-1951,-1057,19,1298,2305,2807,2728,2045,1068,43,-1095,-2195,-2622,-1961,-741
PCM,186,637,962,1300,1129,26,-1359,-2023,-1722,-940,-199,353,1001,1867,2414,2164
PCM,1318,533,262,429,653,714,892,1436,2082,2446,2525,2404,1950,1249,746,670
PCM,830,915,834,816,1072,1217,641,-487,-1549,-2413,-2799,-2356,-2012,-2354,-2179,-988
PCM,75,623,1140,1189,642,420,301,-678,-1722,-1768,-1412,-1041,-404,15,-120,-368
PCM,-708,-1403,-2215,-2804,-3005,-2785,-2290,-1646,-1025,-783,-840,-785,-717,-717,-368,128
PCM,359,758,1342,1559,1617,1668,1184,445,160,15,-310,-340,-58,295,1032,1922
PCM,2307,2369,2351,2009,1638,1513,1381,1602,2402,3231,4001,4855,5216,4579,2812,-94
PCM,-2998,-4508,-5170,-5872,-5777,-3883,-735,2430,4347,4433,3803,3326,2075,-469,-2985,-4063
PCM,-3458,-1764,-102,989,1980,2980,3407,2831,1249,-938,-2862,-3970,-4379,-4151,-3420,-2467
PCM,-1433,-518,-68,-233,-835,-1678,-2441,-2739,-2588,-1947,-749,408,1020,1461,2031,2314
PCM,2011,1064,-388,-1518,-1653,-1198,-884,-838,-656,31,843,839,1,-803,-1102,-908
PCM,-463,-196,-284,-224,329,953,1260,1263,1114,1149,1630,2192,2300,2029,1751,1743
PCM,1973,2011,1554,945,816,1290,1924,2078,1533,931,836,809,105,-1144,-1993,-1970
PCM,-1829,-2125,-2298,-2264,-2252,-1569,-279,335,500,1253,1717,1177,633,206,-815,-1687
PCM,-1746,-1838,-2100,-1808,-1307,-1129,-972,-851,-981,-1226,-1595,-2153,-2662,-2908,-2762,-2280
PCM,-1917,-1667,-1055,-259,285,631,730,579,746,1170,1080,655,422,279,188,256
PCM,200,57,353,992,1436,1608,1783,1967,2015,1886,1725,1874,2240,2483,2661,2969
PCM,3495,4222,4694,4273,2916,971,-1146,-2901,-4145,-5189,-5678,-4645,-2139,697,2909,4016
PCM,4041,3610,2976,1598,-618,-2653,-3462,-2860,-1405,19,950,1636,2453,3159,2955,1519
PCM,-657,-2678,-3820,-3919,-3547,-3406,-3184,-2312,-1130,-340,-185,-634,-1368,-1631,-1307,-1000
PCM,-833,-618,-433,-199,331,966,1353,1404,1119,683,359,137,-229,-842,-1409,-1480
PCM,-997,-493,-461,-630,-509,21,744,1115,732,42,-229,-88,29,-96,-268,33
PCM,1101,2527,3439,3483,3139,2902,2649,2009,939,-52,-280,253,996,1559,1832,1934
PCM,2061,2009,1306,33,-1115,-1683,-1940,-2540,-3390,-3348,-2143,-954,-335,265,1008,1582
PCM,1902,1524,329,-562,-670,-984,-1801,-2232,-2070,-1724,-1250,-852,-810,-970,-976,-891
PCM,-1171,-1896,-2681,-3039,-2827,-2197,-1605,-1526,-1460,-738,144,417,359,436,520,798
PCM,1214,1096,514,130,-118,-557,-680,-254,167,549,1084,1492,1620,1769,1830,1402
PCM,907,976,1437,1755,1936,2328,2962,3615,4069,4141,3842,3388,2557,631,-1923,-3584
PCM,-4128,-4505,-4783,-4103,-2366,-108,1957,2969,3080,3254,3467,2597,571,-1382,-2413,-2453
PCM,-2004,-1619,-1301,-400,1268,2670,2913,1964,462,-710,-1377,-2050,-3107,-4214,-4624,-4028
PCM,-3086,-2364,-1808,-1285,-433,686,1383,1295,639,-112,-765,-1255,-1269,-765,-102,568
PCM,1249,1566,1478,1457,1311,524,-602,-1280,-1466,-1641,-1857,-1935,-1604,-585,732,1503
PCM,1473,1221,1119,929,434,-201,-557,-280,688,1828,2621,3062,3268,3296,3081,2611
PCM,1868,943,165,-118,160,500,468,339,582,1145,1465,1096,89,-861,-1250,-1599
PCM,-2215,-2533,-2318,-1854,-1132,-296,212,613,1173,1397,1082,732,404,-388,-1444,-2290
PCM,-2973,-3369,-3079,-2296,-1597,-997,-265,293,192,-418,-1060,-1669,-2260,-2622,-2701,-2667
PCM,-2375,-1660,-852,-43,889,1578,1729,1620,1399,841,91,-515,-863,-865,-479,103
PCM,684,1263,1735,1950,1971,2025,1999,1633,1198,1175,1594,1997,2180,2390,2736,3270
PCM,3880,4076,3719,3150,2265,552,-1563,-3156,-4105,-4689,-4763,-4012,-2475,-396,1624,2911
PCM,3586,4126,4241,3231,1312,-662,-2081,-2751,-2813,-2495,-1942,-1029,369,1854,2605,2335
PCM,1517,637,-52,-763,-1921,-3440,-4584,-4747,-4105,-3271,-2614,-1882,-696,795,1955,2212
PCM,1590,688,40,-344,-648,-894,-965,-731,-268,210,629,969,1108,850,341,-58
PCM,-430,-1071,-1820,-2273,-2123,-1315,-314,232,246,297,589,772,686,468,331,547
PCM,1165,1695,1828,1805,1837,1989,2168,2162,1805,1201,737,642,804,830,663,621
PCM,795,948,737,109,-616,-960,-799,-555,-673,-1071,-1158,-904,-829,-1087,-1229,-893
PCM,-263,436,860,695,355,278,-92,-1178,-2278,-2811,-2781,-2250,-1629,-1438,-1451,-1025
PCM,-249,77,-388,-1125,-1546,-1591,-1530,-1664,-2051,-2173,-1567,-654,-43,313,611,753
PCM,780,764,500,56,-293,-469,-479,-203,329,778,1059,1322,1559,1670,1624,1447
PCM,1207,1193,1503,1854,1976,1944,2112,2474,2670,2635,2571,2577,2643,2619,1916,397
PCM,-1077,-2010,-2751,-3583,-4066,-3639,-2259,-363,1260,2217,2871,3566,3780,2873,1128,-616
PCM,-1646,-1984,-2159,-2348,-2334,-1730,-477,867,1552,1385,955,809,778,278,-960,-2535
PCM,-3660,-3998,-3836,-3579,-3378,-2926,-1849,-439,746,1418,1478,1201,994,966,865,517
PCM,15,-497,-796,-791,-670,-544,-376,-168,83,448,698,492,-2,-423,-630,-618
PCM,-469,-446,-657,-690,-268,304,767,1149,1431,1638,1994,2411,2531,2342,2063,1781
PCM,1508,1279,1048,774,575,663,1003,1153,876,514,422,494,487,406,278,167
PCM,188,174,-291,-1087,-1604,-1699,-1710,-1752,-1535,-954,-308,250,663,704,476,331
PCM,42,-731,-1521,-1882,-1929,-1732,-1269,-965,-1085,-1090,-745,-515,-710,-1101,-1398,-1478
PCM,-1365,-1303,-1419,-1617,-1579,-1129,-564,-259,-224,-223,-141,-16,98,223,376,568
PCM,784,878,869,936,1020,927,712,629,778,1028,1112,982,1017,1350,1661,1765
PCM,1753,1749,1964,2453,2863,2994,2907,2763,2446,1451,-191,-1754,-2642,-3049,-3341,-3289
PCM,-2542,-1178,385,1647,2314,2635,2817,2488,1447,135,-951,-1697,-2054,-1961,-1671,-1444
PCM,-1039,-199,784,1295,1187,955,950,913,345,-829,-2187,-3107,-3257,-3082,-3138,-3234
PCM,-2864,-1972,-829,220,825,1054,1240,1495,1570,1233,561,-217,-891,-1354,-1549,-1435
PCM,-1130,-775,-340,160,538,661,549,236,-102,-332,-471,-585,-729,-785,-632,-279
PCM,165,559,820,976,1181,1481,1783,1906,1830,1743,1735,1800,1772,1508,1157,992
PCM,1149,1298,1151,846,683,794,957,857,454,17,-185,-199,-322,-781,-1416,-1840
PCM,-1885,-1688,-1569,-1563,-1261,-628,-80,242,361,165,-92,-102,-284,-870,-1315,-1359
PCM,-1250,-1150,-1122,-1313,-1577,-1502,-1168,-1073,-1335,-1542,-1470,-1257,-1060,-990,-986,-924
PCM,-708,-418,-265,-280,-350,-270,59,420,498,424,561,820,996,1112,1110,1110
PCM,1211,1173,919,723,800,1020,1131,1040,881,893,1068,1201,1295,1522,1944,2440
PCM,2819,2835,2550,2355,2164,1459,250,-1002,-1847,-2139,-2290,-2398,-2010,-1046,125,1193
PCM,1914,2087,1930,1640,1117,339,-583,-1456,-1993,-1875,-1275,-842,-729,-461,274,1161
PCM,1481,971,288,53,40,-296,-1115,-2109,-2762,-2790,-2457,-2262,-2302,-2139,-1423,-396
PCM,323,494,470,554,670,670,514,222,-127,-465,-706,-701,-451,-180,-88,-143
PCM,-127,57,188,93,-90,-157,-90,10,40,-76,-307,-502,-505,-298,7,329
PCM,669,1073,1586,2156,2573,2680,2545,2325,2122,1920,1687,1459,1286,1163,1054,923
PCM,806,744,675,476,128,-231,-529,-826,-1134,-1354,-1482,-1595,-1646,-1593,-1466,-1345
PCM,-1212,-914,-442,37,307,276,57,-164,-326,-557,-842,-1049,-1144,-1118,-1069,-1172
PCM,-1442,-1660,-1674,-1576,-1456,-1430,-1542,-1635,-1560,-1405,-1289,-1172,-1004,-849,-785,-765
PCM,-719,-648,-529,-319,-22,321,681,989,1189,1260,1302,1447,1612,1610,1364,1001
PCM,753,728,776,716,679,841,1175,1511,1703,1731,1721,1811,2009,2189,2286,2376
PCM,2434,2189,1443,334,-710,-1250,-1373,-1493,-1583,-1238,-349,653,1332,1570,1475,1207
PCM,790,256,-388,-1115,-1690,-1774,-1254,-562,-207,-148,14,456,878,839,318,-203
PCM,-404,-446,-634,-1194,-1970,-2542,-2685,-2523,-2329,-2177,-1921,-1440,-787,-185,135,228
PCM,290,359,361,258,73,-191,-567,-914,-900,-463,-2,244,365,401,321,188
PCM,21,-210,-418,-505,-507,-447,-298,-154,-122,-82,168,629,1119,1457,1617,1735
PCM,1924,2148,2303,2270,2087,1971,1964,1916,1783,1580,1314,1078,892,661,367,53
PCM,-249,-537,-796,-896,-757,-530,-396,-396,-546,-829,-1087,-1118,-1025,-1180,-1398,-1160
PCM,-614,-231,-41,95,126,91,1,-221,-555,-956,-1357,-1548,-1426,-1310,-1426,-1466
PCM,-1291,-1168,-1129,-1079,-1111,-1220,-1212,-1127,-1081,-1079,-1132,-1101,-896,-664,-460,-233
PCM,21,288,573,832,989,1112,1246,1309,1239,1078,920,839,832,728,538,500
PCM,593,670,702,728,732,786,985,1198,1304,1288,1362,1668,1994,2138,2180,2333
PCM,2502,2307,1602,587,-196,-376,-307,-541,-926,-882,-321,371,677,429,26,-148
PCM,-152,-241,-583,-1087,-1349,-1018,-380,-90,-237,-349,-124,293,557,417,-60,-553
PCM,-803,-810,-902,-1310,-1829,-2134,-2093,-1871,-1662,-1549,-1470,-1305,-1059,-779,-525,-362
PCM,-326,-409,-447,-328,-183,-169,-266,-419,-487,-346,-118,-48,-235,-535,-761,-777
PCM,-571,-245,47,220,331,450,617,744,737,714,827,1026,1214,1348,1453,1622
PCM,1870,2063,2112,2075,2011,1902,1673,1342,1018,780,625,486,313,119,7,3
PCM,17,69,208,375,408,283,87,-113,-326,-642,-1087,-1468,-1435,-1158,-1051,-902
PCM,-572,-428,-509,-432,-319,-495,-785,-976,-1000,-935,-1000,-1252,-1347,-1118,-1065,-1337
PCM,-1574,-1673,-1729,-1720,-1632,-1639,-1692,-1555,-1213,-900,-771,-731,-638,-407,-173,0
PCM,265,577,767,816,774,746,834,929,883,767,655,554,545,629,635,501
PCM,351,276,285,351,369,351,417,653,1054,1483,1832,2037,2091,2142,2267,2414
PCM,2492,2464,2344,2001,1254,351,-161,-231,-254,-370,-374,-173,53,210,389,528
PCM,406,-18,-518,-882,-1134,-1371,-1393,-1002,-439,-84,5,49,223,482,573,329
PCM,-127,-551,-752,-754,-795,-1055,-1458,-1750,-1784,-1593,-1275,-972,-799,-771,-785,-632
PCM,-312,-148,-322,-616,-807,-849,-795,-824,-962,-990,-819,-558,-349,-252,-237,-191
PCM,-66,107,244,329,411,500,639,764,762,686,681,795,1017,1298,1550,1698
PCM,1759,1798,1789,1703,1573,1380,1156,961,816,730,725,776,778,707,661,695
PCM,758,712,543,417,397,378,216,-126,-477,-692,-854,-1046,-1215,-1368,-1384,-1125
PCM,-791,-578,-446,-366,-319,-257,-280,-572,-967,-1141,-1139,-1199,-1389,-1605,-1674,-1444
PCM,-1162,-1198,-1449,-1646,-1715,-1683,-1639,-1657,-1662,-1521,-1220,-858,-555,-335,-168,-2
PCM,160,295,408,506,631,832,994,1004,948,873,742,617,595,623,543,355
PCM,130,-20,-25,84,167,140,151,327,645,1020,1346,1590,1818,2069,2300,2402
PCM,2301,2144,2182,2356,2349,1927,1087,206,-171,-58,51,-99,-338,-474,-499,-425
PCM,-374,-527,-922,-1333,-1454,-1323,-1319,-1476,-1289,-544,290,672,540,206,-18,-27
PCM,57,24,-224,-590,-779,-642,-402,-346,-479,-654,-799,-916,-960,-926,-916,-995
PCM,-1141,-1210,-1115,-1007,-1025,-1081,-1032,-868,-699,-654,-698,-671,-501,-211,69,160
PCM,49,-102,-102,56,285,504,641,684,684,649,563,528,585,642,707,879
PCM,1128,1295,1332,1304,1300,1334,1274,1044,730,501,454,545,686,808,860,843
PCM,808,770,677,500,318,223,220,256,285,337,429,480,420,139,-358,-727
PCM,-833,-861,-847,-743,-644,-613,-475,-294,-349,-600,-821,-872,-838,-886,-1122,-1363
PCM,-1343,-1206,-1166,-1210,-1287,-1421,-1516,-1437,-1248,-1057,-914,-765,-499,-182,19,33
PCM,-98,-294,-433,-435,-362,-275,-154,1,190,436,665,714,589,420,253,97
PCM,-76,-273,-432,-451,-354,-235,-96,42,167,325,561,851,1128,1346,1489,1638
PCM,1856,2080,2188,2170,2124,2138,2242,2342,2307,2027,1499,923,526,251,-82,-430
PCM,-560,-404,-134,93,216,153,-189,-660,-922,-865,-692,-546,-322,47,376,434
PCM,184,-166,-463,-608,-543,-372,-238,-229,-243,-80,142,98,-293,-819,-1226,-1428
PCM,-1470,-1424,-1321,-1188,-1074,-988,-930,-942,-1037,-1130,-1129,-1023,-902,-852,-847,-787
PCM,-648,-493,-382,-289,-210,-161,-148,-104,-4,112,198,272,371,494,635,767
PCM,885,961,976,987,1031,1052,1034,1017,992,905,756,611,474,357,321,378
PCM,450,487,492,460,424,429,432,389,385,476,589,653,641,512,325,228
PCM,179,51,-92,-136,-131,-143,-131,-140,-251,-432,-541,-539,-521,-558,-660,-719
PCM,-696,-696,-835,-1051,-1227,-1359,-1389,-1294,-1192,-1182,-1182,-1109,-976,-831,-747,-712
PCM,-692,-664,-572,-418,-261,-155,-84,-22,57,162,212,142,14,-55,-36,-25
PCM,-112,-307,-497,-560,-481,-396,-407,-487,-527,-471,-308,-48,206,362,448,563
PCM,764,973,1137,1240,1297,1434,1684,1888,1994,2069,2136,2194,2244,2247,2057,1647
PCM,1230,1024,996,934,795,667,570,448,337,285,195,-22,-273,-416,-419,-384
PCM,-425,-509,-557,-594,-660,-699,-729,-801,-829,-676,-412,-235,-210,-247,-238,-191
PCM,-210,-356,-588,-815,-974,-1039,-1000,-908,-877,-940,-1049,-1111,-1065,-970,-891,-837
PCM,-777,-662,-532,-474,-502,-588,-671,-685,-622,-553,-548,-548,-439,-183,137,418
PCM,603,716,848,989,1046,992,905,837,820,843,869,905,905,883,899,939
PCM,953,929,933,934,895,846,818,804,794,804,795,753,714,669,611,559
PCM,506,459,438,397,278,153,75,-29,-203,-344,-324,-257,-293,-376,-501,-749
PCM,-986,-1041,-1033,-1093,-1172,-1243,-1248,-1115,-1029,-1139,-1245,-1206,-1180,-1226,-1271,-1345
PCM,-1395,-1294,-1051,-819,-701,-729,-795,-741,-580,-453,-455,-564,-666,-597,-372,-185
PCM,-124,-148,-211,-237,-171,-104,-120,-122,-2,196,378,436,371,272,267,378
PCM,517,619,656,655,693,869,1140,1332,1353,1286,1242,1256,1330,1399,1434,1461
PCM,1506,1580,1663,1673,1578,1429,1306,1242,1225,1187,1073,923,827,776,661,432
PCM,149,-92,-245,-321,-377,-475,-583,-671,-712,-690,-644,-666,-805,-990,-1115,-1136
PCM,-1115,-1115,-1116,-1087,-1037,-967,-877,-768,-722,-769,-824,-838,-807,-754,-719,-717
PCM,-710,-729,-768,-761,-745,-761,-771,-724,-654,-620,-628,-634,-602,-543,-493,-469
PCM,-446,-437,-435,-340,-148,84,297,448,561,655,725,786,823,836,869,923
PCM,980,1026,1073,1143,1191,1207,1197,1165,1140,1121,1094,1062,1046,1046,1054,1044
PCM,1001,953,920,901,862,764,598,401,220,112,53,-20,-118,-257,-412,-483
PCM,-469,-509,-586,-614,-685,-789,-807,-824,-926,-997,-1002,-995,-963,-932,-981,-1037
PCM,-981,-938,-976,-979,-970,-976,-912,-809,-815,-886,-930,-970,-930,-805,-715,-666
PCM,-608,-553,-495,-391,-282,-224,-199,-154,-76,1,67,167,272,357,440,498
PCM,462,359,278,223,239,337,434,487,538,625,725,837,915,931,961,1038
PCM,1131,1230,1332,1388,1408,1464,1536,1578,1604,1608,1562,1505,1453,1340,1214,1110
PCM,978,850,760,697,593,450,309,182,53,-96,-266,-432,-546,-632,-678,-676
PCM,-712,-796,-884,-928,-934,-926,-916,-894,-856,-805,-745,-696,-673,-690,-741,-796
PCM,-823,-821,-791,-747,-690,-624,-583,-571,-590,-624,-680,-733,-752,-763,-754,-708
PCM,-644,-569,-491,-418,-380,-372,-380,-391,-393,-358,-282,-185,-72,33,130,226
PCM,311,387,464,533,571,599,626,655,707,760,809,850,876,909,947,975
PCM,992,1003,1015,1022,987,913,802,695,629,613,629,609,557,492,432,378
PCM,299,181,19,-140,-241,-289,-338,-414,-489,-558,-614,-632,-654,-690,-738,-783
PCM,-793,-773,-745,-754,-796,-821,-838,-866,-894,-914,-924,-920,-898,-870,-872,-908
PCM,-938,-940,-902,-845,-781,-726,-673,-606,-532,-455,-393,-360,-326,-294,-237,-154
PCM,-74,-11,19,51,95,123,144,154,156,158,172,206,232,256,274,293
PCM,331,369,385,392,417,476,566,679,780,848,919,1004,1072,1131,1189,1228
PCM,1279,1344,1434,1503,1531,1517,1457,1404,1325,1207,1084,971,864,737,623,504
PCM,355,198,56,-68,-210,-352,-483,-572,-616,-630,-624,-610,-600,-620,-648,-664
PCM,-682,-692,-666,-592,-495,-402,-328,-287,-291,-332,-382,-430,-483,-535,-558,-543
PCM,-516,-501,-501,-529,-583,-654,-703,-717,-713,-690,-650,-574,-502,-449,-396,-346
PCM,-308,-280,-235,-169,-88,5,114,234,318,373,418,448,482,504,524,538
PCM,561,605,655,702,725,734,732,716,698,684,683,688,716,748,770,768
PCM,748,728,702,669,623,570,520,476,431,381,321,226,126,47,-25,-112
PCM,-196,-266,-338,-393,-442,-495,-567,-646,-710,-749,-761,-755,-752,-755,-747,-749
PCM,-755,-763,-791,-837,-865,-847,-805,-759,-740,-747,-761,-757,-747,-752,-768,-781
PCM,-773,-726,-644,-562,-501,-465,-442,-407,-368,-328,-293,-257,-199,-129,-62,1
PCM,37,65,100,146,190,232,264,299,371,448,508,540,547,557,566,587
PCM,623,649,670,709,762,816,862,871,864,857,855,878,907,943,976,992
PCM,1015,1032,1028,996,953,919,892,865,820,718,611,547,476,373,256,121
PCM,-27,-131,-182,-215,-287,-402,-518,-592,-613,-638,-685,-740,-777,-795,-783,-752
PCM,-749,-773,-799,-793,-761,-735,-724,-731,-735,-731,-719,-712,-715,-738,-741,-722
PCM,-698,-666,-656,-662,-673,-670,-628,-586,-560,-539,-518,-497,-461,-404,-349,-307
PCM,-243,-169,-106,-48,3,69,154,253,359,440,496,554,626,711,780,809
PCM,806,802,834,879,927,959,959,933,903,889,881,871,857,823,795,776
PCM,746,711,659,587,512,448,404,362,318,272,228,179,128,69,-9,-78
PCM,-126,-169,-196,-211,-243,-275,-291,-300,-324,-362,-402,-442,-463,-455,-446,-458
PCM,-495,-546,-599,-636,-660,-696,-754,-809,-833,-831,-829,-824,-838,-858,-863,-842
PCM,-801,-759,-724,-690,-642,-576,-513,-446,-391,-338,-277,-210,-136,-78,-22,26
PCM,81,142,208,269,311,341,376,413,434,462,486,487,498,515,524,526
PCM,526,515,490,474,490,501,504,517,526,526,552,599,629,656,688,718
PCM,762,804,834,851,839,823,804,768,730,686,639,589,543,482,406,325
PCM,230,121,21,-48,-118,-180,-243,-296,-349,-409,-469,-529,-580,-628,-648,-630
PCM,-599,-578,-564,-539,-521,-523,-527,-518,-511,-516,-499,-458,-425,-405,-409,-416
PCM,-442,-485,-499,-501,-515,-530,-525,-505,-489,-491,-509,-521,-521,-502,-471,-423
PCM,-377,-342,-289,-227,-169,-126,-90,-50,-2,65,151,223,260,292,323,362
PCM,406,432,443,446,470,506,542,568,561,545,540,552,554,554,557,540
PCM,526,531,538,520,487,448,401,373,362,341,306,281,258,228,200,156
PCM,89,26,-22,-60,-90,-118,-168,-211,-237,-266,-296,-342,-398,-455,-499,-523
PCM,-541,-539,-560,-583,-588,-594,-608,-628,-646,-657,-650,-626,-592,-564,-539,-511
PCM,-493,-475,-460,-449,-428,-398,-363,-316,-266,-227,-199,-180,-155,-134,-120,-94
PCM,-64,-32,12,69,135,186,210,218,226,250,274,293,323,349,369,387
PCM,394,394,383,357,337,325,318,315,323,325,327,325,311,297,285,283
PCM,299,323,337,361,390,417,450,480,496,500,504,510,528,542,545,547
PCM,545,0,0,0,0,0,0,0,0,0,0,0,0,0,0,0
PCM,0,0,0,0,0,0,0,0,0,0,0,0,0,0,0,0
PCM,0,0,0,0,0,0,0,0,0,0,0,0,0,0,0,0
PCM,0,0,0,0,0,0,0,0,0,0,0,0,0,0,0,0
PCM,0,0,0,0,0,0,0,0,0,0,0,0,0,0,0,0
PCM,0,0,0,0,0,0,0,0,0,0,0,0,0,0,0,0
PCM,0,0,0,0,0,0,0,0,0,0,0,0,0,0,0,0
PCM,0,0,0,0,0,0,0,0,0,0,0,0,0,0,0,0
PCM,0,0,0,0,0,0,0,0,0,0,0,0,0,0,0,0
PCM,0,0,0,0,0,0,0,0,0,0,0,0,0,0,0,0
PCM,0,0,0,0,0,0,0,0,0,0,0,0,0,0,0,0
PCM,0,0,0,0,0,0,0,0,0,0,0,0,0,0,0,0
PCM,0,0,0,0,0,0,0,0,0,0,0,0,0,0,0,0
PCM,0,0,0,0,0,0,0,0,0,0,0,0,0,0,0,0
PCM,0,0,0,0,0,0,0,0,0,0,0,0,0,0,0,0
PCM,0,0,0,0,0,0,0,0,0,0,0,0,0,0,0,0
PCM,0,0,0,0,0,0,0,0,0,0,0,0,0,0,0,0
PCM,0,0,0,0,0,0,0,0,0,0,0,0,0,0,0,0
PCM,0,0,0,0,0,0,0,0,0,0,0,0,0,0,0,0
PCM,0,0,0,0,0,0,0,0,0,0,0,0,0,0,0,0
PCM,0,0,0,0,0,0,0,0,0,0,0,0,0,0,0,0
PCM,0,0,0,0,0,0,0,0,0,0,0,0,0,0,0,0
PCM,0,0,0,0,0,0,0,0,0,0,0,0,0,0,0,0
PCM,0,0,0,0,0,0,0,0,0,0,0,0,0,0,0,0
PCM,0,0,0,0,0,0,0,0,0,0,0,0,0,0,0,0
PCM,0,0,0,0,0,0,0,0,0,0,0,0,0,0,0,0
PCM,0,0,0,0,0,0,0,0,0,0,0,0,0,0,0,0
PCM,0,0,0,0,0,0,0,0,0,0,0,0,0,0,0,0
PCM,0,0,0,0,0,0,0,0,0,0,0,0,0,0,0,0
PCM,0,0,0,0,0,0,0,0,0,0,0,0,0,0,0,0
PCM,0,0,0,0,0,0,0,0,0,0,0,0,0,0,0,0
PCM,0,0,0,0,0,0,0,0,0,0,0,0,0,0,0,0
PCM,0,0,0,0,0,0,0,0,0,0,0,0,0,0,0,0
PCM,0,0,0,0,0,0,0,0,0,0,0,0,0,0,0,0
PCM,0,0,0,0,0,0,0,0,0,0,0,0,0,0,0,0
PCM,0,0,0,0,0,0,0,0,0,0,0,0,0,0,0,0
PCM,0,0,0,0,0,0,0,0,0,0,0,0,0,0,0,0
PCM,0,0,0,0,0,0,0,0,0,0,0,0,0,0,0,0
PCM,0,0,0,0,0,0,0,0,0,0,0,0,0,0,0,0
PCM,0,0,0,0,0,0,0,0,0,0,0,0,0,0,0,0
PCM,0,0,0,0,0,0,0,0,0,0,0,0,0,0,0,0
PCM,0,0,0,0,0,0,0,0,0,0,0,0,0,0,0,0
PCM,0,0,0,0,0,0,0,0,0,0,0,0,0,0,0,0
PCM,0,0,0,0,0,0,0,0,0,0,0,0,0,0,0,0
PCM,0,0,0,0,0,0,0,0,0,0,0,0,0,0,0,0
PCM,0,0,0,0,0,0,0,0,0,0,0,0,0,0,0,0
PCM,0,0,0,0,0,0,0,0,0,0,0,0,0,0,0,0
PCM,0,0,0,0,0,0,0,0,0,0,0,0,0,0,0,0
PCM,0,0,0,0,0,0,0,0,0,0,0,0,0,0,0,0
PCM,0,0,0,0,0,0,0,0,0,0,0,0,0,0,0,0
PCM,0,0,0,0,0,0,0,0,0,0,0,0,0,0,0,0
PCM,0,0,0,0,0,0,0,0,0,0,0,0,0,0,0,0
PCM,0,0,0,0,0,0,0,0,0,0,0,0,0,0,0,0
PCM,0,0,0,0,0,0,0,0,0,0,0,0,0,0,0,0
PCM,0,0,0,0,0,0,0,0,0,0,0,0,0,0,0,0
PCM,0,0,0,0,0,0,0,0,0,0,0,0,0,0,0,0
PCM,0,0,0,0,0,0,0,0,0,0,0,0,0,0,0,0
PCM,0,0,0,0,0,0,0,0,0,0,0,0,0,0,0,0
PCM,0,0,0,0,0,0,0,0,0,0,0,0,0,0,0,0
PCM,0,0,0,0,0,0,0,0,0,0,0,0,0,0,0,0
PCM,0,0,0,0,0,0,0,0,0,0,0,0,0,0,0,0
PCM,0,0,0,0,0,0,0,0,0,0,0,0,0,0,0,0
PCM,0,0,0,0,0,0,0,0,0,0,0,0,0,0,0,0
PCM,0,0,0,0,0,0,0,0,0,0,0,0,0,0,0,0
PCM,0,0,0,0,0,0,0,0,0,0,0,0,0,0,0,0
PCM,0,0,0,0,0,0,0,0,0,0,0,0,0,0,0,0
PCM,0,0,0,0,0,0,0,0,0,0,0,0,0,0,0,0
PCM,0,0,0,0,0,0,0,0,0,0,0,0,0,0,0,0
PCM,0,0,0,0,0,0,0,0,0,0,0,0,0,0,0,0
PCM,0,0,0,0,0,0,0,0,0,0,0,0,0,0,0,0
PCM,0,0,0,0,0,0,0,0,0,0,0,0,0,0,0,0
PCM,0,0,0,0,0,0,0,0,0,0,0,0,0,0,0,0
PCM,0,0,0,0,0,0,0,0,0,0,0,0,0,0,0,0
PCM,0,0,0,0,0,0,0,0,0,0,0,0,0,0,0,0
PCM,0,0,0,0,0,0,0,0,0,0,0,0,0,0,0,0
PCM,0,0,0,0,0,0,0,0,0,0,0,0,0,0,0,0
PCM,0,0,0,0,0,0,0,0,0,0,0,0,0,0,0,0
PCM,0,0,0,0,0,0,0,0,0,0,0,0,0,0,0,0
PCM,0,0,0,0,0,0,0,0,0,0,0,0,0,0,0,0
PCM,0,0,0,0,0,0,0,0,0,0,0,0,0,0,0,0
PCM,0,0,0,0,0,0,0,0,0,0,0,0,0,0,0,0
PCM,0,0,0,0,0,0,0,0,0,0,0,0,0,0,0,0
PCM,0,0,0,0,0,0,0,0,0,0,0,0,0,0,0,0
PCM,0,0,0,0,0,0,0,0,0,0,0,0,0,0,0,0
PCM,0,0,0,0,0,0,0,0,0,0,0,0,0,0,0,0
PCM,0,0,0,0,0,0,0,0,0,0,0,0,0,0,0,0
PCM,0,0,0,0,0,0,0,0,0,0,0,0,0,0,0,0
PCM,0,0,0,0,0,0,0,0,0,0,0,0,0,0,0,0
PCM,0,0,0,0,0,0,0,0,0,0,0,0,0,0,0,0
PCM,0,0,0,0,0,0,0,0,0,0,0,0,0,0,0,0
PCM,0,0,0,0,0,0,0,0,0,0,0,0,0,0,0,0
PCM,0,0,0,0,0,0,0,0,0,0,0,0,0,0,0,0
PCM,0,0,0,0,0,0,0,0,0,0,0,0,0,0,0,0
PCM,0,0,0,0,0,0,0,0,0,0,0,0,0,0,0,0
PCM,0,0,0,0,0,0,0,0,0,0,0,0,0,0,0,0
PCM,0,0,0,0,0,0,0,0,0,0,0,0,0,0,0,0
PCM,0,0,0,0,0,0,0,0,0,0,0,0,0,0,0,0
PCM,0,0,0,0,0,0,0,0,0,0,0,0,0,0,0,0
PCM,0,0,0,0,0,0,0,0,0,0,0,0,0,0,0,0
PCM,0,0,0,0,0,0,0,0,0,0,0,0,0,0,0,0
PCM,0,0,0,0,0,0,0,0,0,0,0,0,0,0,0,0
PCM,0,0,0,0,0,0,0,0,0,0,0,0,0,0,0,0
PCM,0,0,0,0,0,0,0,0,0,0,0,0,0,0,0,0
PCM,0,0,0,0,0,0,0,0,0,0,0,0,0,0,0,0
PCM,0,0,0,0,0,0,0,0,0,0,0,0,0,0,0,0
PCM,0,0,0,0,0,0,0,0,0,0,0,0,0,0,0,0
PCM,0,0,0,0,0,0,0,0,0,0,0,0,0,0,0,0
PCM,0,0,0,0,0,0,0,0,0,0,0,0,0,0,0,0
PCM,0,0,0,0,0,0,0,0,0,0,0,0,0,0,0,0
PCM,0,0,0,0,0,0,0,0,0,0,0,0,0,0,0,0
PCM,0,0,0,0,0,0,0,0,0,0,0,0,0,0,0,0
PCM,0,0,0,0,0,0,0,0,0,0,0,0,0,0,0,0
PCM,0,0,0,0,0,0,0,0,0,0,0,0,0,0,0,0
PCM,0,0,0,0,0,0,0,0,0,0,0,0,0,0,0,0
PCM,0,0,0,0,0,0,0,0,0,0,0,0,0,0,0,0
PCM,0,0,0,0,0,0,0,0,0,0,0,0,0,0,0,0
PCM,0,0,0,0,0,0,0,0,0,0,0,0,0,0,0,0
PCM,0,0,0,0,0,0,0,0,0,0,0,0,0,0,0,0
PCM,0,0,0,0,0,0,0,0,0,0,0,0,0,0,0,0
PCM,0,0,0,0,0,0,0,0,0,0,0,0,0,0,0,0
PCM,0,0,0,0,0,0,0,0,0,0,0,0,0,0,0,0
PCM,0,0,0,0,0,0,0,0,0,0,0,0,0,0,0,0
PCM,0,0,0,0,0,0,0,0,0,0,0,0,0,0,0,0
PCM,0,0,0,0,0,0,0,0,0,0,0,0,0,0,0,0
PCM,0,0,0,0,0,0,0,0,0,0,0,0,0,0,0,0
PCM,0,0,0,0,0,0,0,0,0,0,0,0,0,0,0,0
PCM,0,0,0,0,0,0,0,0,0,0,0,0,0,0,0,0
PCM,0,0,0,0,0,0,0,0,0,0,0,0,0,0,0,0
PCM,0,0,0,0,0,0,0,0,0,0,0,0,0,0,0,0
PCM,0,0,0,0,0,0,0,0,0,0,0,0,0,0,0,0
PCM,0,0,0,0,0,0,0,0,0,0,0,0,0,0,0,0
PCM,0,0,0,0,0,0,0,0,0,0,0,0,0,0,0,0
PCM,0,0,0,0,0,0,0,0,0,0,0,0,0,0,0,0
PCM,0,0,0,0,0,0,0,0,0,0,0,0,0,0,0,0
PCM,0,0,0,0,0,0,0,0,0,0,0,0,0,0,0,0
PCM,0,0,0,0,0,0,0,0,0,0,0,0,0,0,0,0
PCM,0,0,0,0,0,0,0,0,0,0,0,0,0,0,0,0
PCM,0,0,0,0,0,0,0,0,0,0,0,0,0,0,0,0
PCM,0,0,0,0,0,0,0,0,0,0,0,0,0,0,0,0
PCM,0,0,0,0,0,0,0,0,0,0,0,0,0,0,0,0
PCM,0,0,0,0,0,0,0,0,0,0,0,0,0,0,0,0
PCM,0,0,0,0,0,0,0,0,0,0,0,0,0,0,0,0
PCM,0,0,0,0,0,0,0,0,0,0,0,0,0,0,0,0
PCM,0,0,0,0,0,0,0,0,0,0,0,0,0,0,0,0
PCM,0,0,0,0,0,0,0,0,0,0,0,0,0,0,0,0
PCM,0,0,0,0,0,0,0,0,0,0,0,0,0,0,0,0
PCM,0,0,0,0,0,0,0,0,0,0,0,0,0,0,0,0
PCM,0,0,0,0,0,0,0,0,0,0,0,0,0,0,0,0
PCM,0,0,0,0,0,0,0,0,0,0,0,0,0,0,0,0
PCM,0,0,0,0,0,0,0,0,0,0,0,0,0,0,0,0
PCM,0,0,0,0,0,0,0,0,0,0,0,0,0,0,0,0
PCM,0,0,0,0,0,0,0,0,0,0,0,0,0,0,0,0
PCM,0,0,0,0,0,0,0,0,0,0,0,0,0,0,0,0
PCM,0,0,0,0,0,0,0,0,0,0,0,0,0,0,0,0
PCM,0,0,0,0,0,0,0,0,0,0,0,0,0,0,0,0
PCM,0,0,0,0,0,0,0,0,0,0,0,0,0,0,0,0
PCM,0,0,0,0,0,0,0,0,0,0,0,0,0,0,0,0
PCM,0,0,0,0,0,0,0,0,0,0,0,0,0,0,0,0
PCM,0,0,0,0,0,0,0,0,0,0,0,0,0,0,0,0
PCM,0,0,0,0,0,0,0,0,0,0,0,0,0,0,0,0
PCM,0,0,0,0,0,0,0,0,0,0,0,0,0,0,0,0
PCM,0,0,0,0,0,0,0,0,0,0,0,0,0,0,0,0
PCM,0,0,0,0,0,0,0,0,0,0,0,0,0,0,0,0
PCM,0,0,0,0,0,0,0,0,0,0,0,0,0,0,0,0
PCM,0,0,0,0,0,0,0,0,0,0,0,0,0,0,0,0
PCM,0,0,0,0,0,0,0,0,0,0,0,0,0,0,0,0
PCM,0,0,0,0,0,0,0,0,0,0,0,0,0,0,0,0
PCM,0,0,0,0,0,0,0,0,0,0,0,0,0,0,0,0
PCM,0,0,0,0,0,0,0,0,0,0,0,0,0,0,0,0
PCM,0,0,0,0,0,0,0,0,0,0,0,0,0,0,0,0
PCM,0,0,0,0,0,0,0,0,0,0,0,0,0,0,0,0
PCM,0,0,0,0,0,0,0,0,0,0,0,0,0,0,0,0
PCM,0,0,0,0,0,0,0,0,0,0,0,0,0,0,0,0
PCM,0,0,0,0,0,0,0,0,0,0,0,0,0,0,0,0
PCM,0,0,0,0,0,0,0,0,0,0,0,0,0,0,0,0
PCM,0,0,0,0,0,0,0,0,0,0,0,0,0,0,0,0
PCM,0,0,0,0,0,0,0,0,0,0,0,0,0,0,0,0
PCM,0,0,0,0,0,0,0,0,0,0,0,0,0,0,0,0
PCM,0,0,0,0,0,0,0,0,0,0,0,0,0,0,0,0
PCM,0,0,0,0,0,0,0,0,0,0,0,0,0,0,0,0
PCM,0,0,0,0,0,0,0,0,0,0,0,0,0,0,0,0
PCM,0,0,0,0,0,0,0,0,0,0,0,0,0,0,0,0
PCM,0,0,0,0,0,0,0,0,0,0,0,0,0,0,0,0
PCM,0,0,0,0,0,0,0,0,0,0,0,0,0,0,0,0
PCM,0,0,0,0,0,0,0,0,0,0,0,0,0,0,0,0
PCM,0,0,0,0,0,0,0,0,0,0,0,0,0,0,0,0
PCM,0,0,0,0,0,0,0,0,0,0,0,0,0,0,0,0
PCM,0,0,0,0,0,0,0,0,0,0,0,0,0,0,0,0
PCM,0,0,0,0,0,0,0,0,0,0,0,0,0,0,0,0
PCM,0,0,0,0,0,0,0,0,0,0,0,0,0,0,0,0
PCM,0,0,0,0,0,0,0,0,0,0,0,0,0,0,0,0
PCM,0,0,0,0,0,0,0,0,0,0,0,0,0,0,0,0
PCM,0,0,0,0,0,0,0,0,0,0,0,0,0,0,0,0
PCM,0,0,0,0,0,0,0,0,0,0,0,0,0,0,0,0
PCM,0,0,0,0,0,0,0,0,0,0,0,0,0,0,0,0
PCM,0,0,0,0,0,0,0,0,0,0,0,0,0,0,0,0
PCM,0,0,0,0,0,0,0,0,0,0,0,0,0,0,0,0
PCM,0,0,0,0,0,0,0,0,0,0,0,0,0,0,0,0
PCM,0,0,0,0,0,0,0,0,0,0,0,0,0,0,0,0
PCM,0,0,0,0,0,0,0,0,0,0,0,0,0,0,0,0
PCM,0,0,0,0,0,0,0,0,0,0,0,0,0,0,0,0
PCM,0,0,0,0,0,0,0,0,0,0,0,0,0,0,0,0
PCM,0,0,0,0,0,0,0,0,0,0,0,0,0,0,0,0
PCM,0,0,0,0,0,0,0,0,0,0,0,0,0,0,0,0
PCM,0,0,0,0,0,0,0,0,0,0,0,0,0,0,0,0
PCM,0,0,0,0,0,0,0,0,0,0,0,0,0,0,0,0
PCM,0,0,0,0,0,0,0,0,0,0,0,0,0,0,0,0
PCM,0,0,0,0,0,0,0,0,0,0,0,0,0,0,0,0
PCM,0,0,0,0,0,0,0,0,0,0,0,0,0,0,0,0
PCM,0,0,0,0,0,0,0,0,0,0,0,0,0,0,0,0
PCM,0,0,0,0,0,0,0,0,0,0,0,0,0,0,0,0
PCM,0,0,0,0,0,0,0,0,0,0,0,0,0,0,0,0
PCM,0,0,0,0,0,0,0,0,0,0,0,0,0,0,0,0
PCM,0,0,0,0,0,0,0,0,0,0,0,0,0,0,0,0
PCM,0,0,0,0,0,0,0,0,0,0,0,0,0,0,0,0
PCM,0,0,0,0,0,0,0,0,0,0,0,0,0,0,0,0
PCM,0,0,0,0,0,0,0,0,0,0,0,0,0,0,0,0
PCM,0,0,0,0,0,0,0,0,0,0,0,0,0,0,0,0
PCM,0,0,0,0,0,0,0,0,0,0,0,0,0,0,0,0
PCM,0,0,0,0,0,0,0,0,0,0,0,0,0,0,0,0
PCM,0,0,0,0,0,0,0,0,0,0,0,0,0,0,0,0
PCM,0,0,0,0,0,0,0,0,0,0,0,0,0,0,0,0
PCM,0,0,0,0,0,0,0,0,0,0,0,0,0,0,0,0
PCM,0,0,0,0,0,0,0,0,0,0,0,0,0,0,0,0
PCM,0,0,0,0,0,0,0,0,0,0,0,0,0,0,0,0
PCM,0,0,0,0,0,0,0,0,0,0,0,0,0,0,0,0
PCM,0,0,0,0,0,0,0,0,0,0,0,0,0,0,0,0
PCM,0,0,0,0,0,0,0,0,0,0,0,0,0,0,0,0
PCM,0,0,0,0,0,0,0,0,0,0,0,0,0,0,0,0
PCM,0,0,0,0,0,0,0,0,0,0,0,0,0,0,0,0
PCM,0,0,0,0,0,0,0,0,0,0,0,0,0,0,0,0
PCM,0,0,0,0,0,0,0,0,0,0,0,0,0,0,0,0
PCM,0,0,0,0,0,0,0,0,0,0,0,0,0,0,0,0
PCM,0,0,0,0,0,0,0,0,0,0,0,0,0,0,0,0
PCM,0,0,0,0,0,0,0,0,0,0,0,0,0,0,0,0
PCM,0,0,0,0,0,0,0,0,0,0,0,0,0,0,0,0
PCM,0,0,0,0,0,0,0,0,0,0,0,0,0,0,0,0
PCM,0,0,0,0,0,0,0,0,0,0,0,0,0,0,0,0
PCM,0,0,0,0,0,0,0,0,0,0,0,0,0,0,0,0
PCM,0,0,0,0,0,0,0,0,0,0,0,0,0,0,0,0
PCM,0,0,0,0,0,0,0,0,0,0,0,0,0,0,0,0
PCM,0,0,0,0,0,0,0,0,0,0,0,0,0,0,0,0
PCM,0,0,0,0,0,0,0,0,0,0,0,0,0,0,0,0
PCM,0,0,0,0,0,0,0,0,0,0,0,0,0,0,0,0
PCM,0,0,0,0,0,0,0,0,0,0,0,0,0,0,0,0
PCM,0,0,0,0,0,0,0,0,0,0,0,0,0,0,0,0
PCM,0,0,0,0,0,0,0,0,0,0,0,0,0,0,0,0
PCM,0,0,0,0,0,0,0,0,0,0,0,0,0,0,0,0
PCM,0,0,0,0,0,0,0,0,0,0,0,0,0,0,0,0
PCM,0,0,0,0,0,0,0,0,0,0,0,0,0,0,0,0
PCM,0,0,0,0,0,0,0,0,0,0,0,0,0,0,0,0
PCM,0,0,0,0,0,0,0,0,0,0,0,0,0,0,0,0
PCM,0,0,0,0,0,0,0,0,0,0,0,0,0,0,0,0
PCM,0,0,0,0,0,0,0,0,0,0,0,0,0,0,0,0
PCM,0,0,0,0,0,0,0,0,0,0,0,0,0,0,0,0
PCM,0,0,0,0,0,0,0,0,0,0,0,0,0,0,0,0
PCM,0,0,0,0,0,0,0,0,0,0,0,0,0,0,0,0
PCM,0,0,0,0,0,0,0,0,0,0,0,0,0,0,0,0
PCM,0,0,0,0,0,0,0,0,0,0,0,0,0,0,0,0
PCM,0,0,0,0,0,0,0,0,0,0,0,0,0,0,0,0
PCM,0,0,0,0,0,0,0,0,0,0,0,0,0,0,0,0
PCM,0,0,0,0,0,0,0,0,0,0,0,0,0,0,0,0
PCM,0,0,0,0,0,0,0,0,0,0,0,0,0,0,0,0
PCM,0,0,0,0,0,0,0,0,0,0,0,0,0,0,0,0
PCM,0,0,0,0,0,0,0,0,0,0,0,0,0,0,0,0
PCM,0,0,0,0,0,0,0,0,0,0,0,0,0,0,0,0
PCM,0,0,0,0,0,0,0,0,0,0,0,0,0,0,0,0
PCM,0,0,0,0,0,0,0,0,0,0,0,0,0,0,0,0
PCM,0,0,0,0,0,0,0,0,0,0,0,0,0,0,0,0
PCM,0,0,0,0,0,0,0,0,0,0,0,0,0,0,0,0
PCM,0,0,0,0,0,0,0,0,0,0,0,0,0,0,0,0
PCM,0,0,0,0,0,0,0,0,0,0,0,0,0,0,0,0
PCM,0,0,0,0,0,0,0,0,0,0,0,0,0,0,0,0
PCM,0,0,0,0,0,0,0,0,0,0,0,0,0,0,0,0
PCM,0,0,0,0,0,0,0,0,0,0,0,0,0,0,0,0
PCM,0,0,0,0,0,0,0,0,0,0,0,0,0,0,0,0
PCM,0,0,0,0,0,0,0,0,0,0,0,0,0,0,0,0
PCM,0,0,0,0,0,0,0,0,0,0,0,0,0,0,0,0
PCM,0,0,0,0,0,0,0,0,0,0,0,0,0,0,0,0
PCM,0,0,0,0,0,0,0,0,0,0,0,0,0,0,0,0
PCM,0,0,0,0,0,0,0,0,0,0,0,0,0,0,0,0
PCM,0,0,0,0,0,0,0,0,0,0,0,0,0,0,0,0
PCM,0,0,0,0,0,0,0,0,0,0,0,0,0,0,0,0
PCM,0,0,0,0,0,0,0,0,0,0,0,0,0,0,0,0
PCM,0,0,0,0,0,0,0,0,0,0,0,0,0,0,0,0
PCM,0,0,0,0,0,0,0,0,0,0,0,0,0,0,0,0
PCM,0,0,0,0,0,0,0,0,0,0,0,0,0,0,0,0
PCM,0,0,0,0,0,0,0,0,0,0,0,0,0,0,0,0
PCM,0,0,0,0,0,0,0,0,0,0,0,0,0,0,0,0
PCM,0,0,0,0,0,0,0,0,0,0,0,0,0,0,0,0
PCM,0,0,0,0,0,0,0,0,0,0,0,0,0,0,0,0
PCM,0,0,0,0,0,0,0,0,0,0,0,0,0,0,0,0
PCM,0,0,0,0,0,0,0,0,0,0,0,0,0,0,0,0
PCM,0,0,0,0,0,0,0,0,0,0,0,0,0,0,0,0
PCM,0,0,0,0,0,0,0,0,0,0,0,0,0,0,0,0
PCM,0,0,0,0,0,0,0,0,0,0,0,0,0,0,0,0
PCM,0,0,0,0,0,0,0,0,0,0,0,0,0,0,0,0
PCM,0,0,0,0,0,0,0,0,0,0,0,0,0,0,0,0
PCM,0,0,0,0,0,0,0,0,0,0,0,0,0,0,0,0
PCM,0,0,0,0,0,0,0,0,0,0,0,0,0,0,0,0
PCM,0,0,0,0,0,0,0,0,0,0,0,0,0,0,0,0
PCM,0,0,0,0,0,0,0,0,0,0,0,0,0,0,0,0
PCM,0,0,0,0,0,0,0,0,0,0,0,0,0,0,0,0
PCM,0,0,0,0,0,0,0,0,0,0,0,0,0,0,0,0
PCM,0,0,0,0,0,0,0,0,0,0,0,0,0,0,0,0
PCM,0,0,0,0,0,0,0,0,0,0,0,0,0,0,0,0
PCM,0,0,0,0,0,0,0,0,0,0,0,0,0,0,0,0
PCM,0,0,0,0,0,0,0,0,0,0,0,0,0,0,0,0
PCM,0,0,0,0,0,0,0,0,0,0,0,0,0,0,0,0
PCM,0,0,0,0,0,0,0,0,0,0,0,0,0,0,0,0
PCM,0,0,0,0,0,0,0,0,0,0,0,0,0,0,0,0
PCM,0,0,0,0,0,0,0,0,0,0,0,0,0,0,0,0
PCM,0,0,0,0,0,0,0,0,0,0,0,0,0,0,0,0
PCM,0,0,0,0,0,0,0,0,0,0,0,0,0,0,0,0
PCM,0,0,0,0,0,0,0,0,0,0,0,0,0,0,0,0
PCM,0,0,0,0,0,0,0,0,0,0,0,0,0,0,0,0
PCM,0,0,0,0,0,0,0,0,0,0,0,0,0,0,0,0
PCM,0,0,0,0,0,0,0,0,0,0,0,0,0,0,0,0
PCM,0,0,0,0,0,0,0,0,0,0,0,0,0,0,0,0
PCM,0,0,0,0,0,0,0,0,0,0,0,0,0,0,0,0
PCM,0,0,0,0,0,0,0,0,0,0,0,0,0,0,0,0
PCM,0,0,0,0,0,0,0,0,0,0,0,0,0,0,0,0
PCM,0,0,0,0,0,0,0,0,0,0,0,0,0,0,0,0
PCM,0,0,0,0,0,0,0,0,0,0,0,0,0,0,0,0
PCM,0,0,0,0,0,0,0,0,0,0,0,0,0,0,0,0
PCM,0,0,0,0,0,0,0,0,0,0,0,0,0,0,0,0
PCM,0,0,0,0,0,0,0,0,0,0,0,0,0,0,0,0
PCM,0,0,0,0,0,0,0,0,0,0,0,0,0,0,0,0
PCM,0,0,0,0,0,0,0,0,0,0,0,0,0,0,0,0
PCM,0,0,0,0,0,0,0,0,0,0,0,0,0,0,0,0
PCM,0,0,0,0,0,0,0,0,0,0,0,0,0,0,0,0
PCM,0,0,0,0,0,0,0,0,0,0,0,0,0,0,0,0
PCM,0,0,0,0,0,0,0,0,0,0,0,0,0,0,0,0
PCM,0,0,0,0,0,0,0,0,0,0,0,0,0,0,0,0
PCM,0,0,0,0,0,0,0,0,0,0,0,0,0,0,0,0
PCM,0,0,0,0,0,0,0,0,0,0,0,0,0,0,0,0
PCM,0,0,0,0,0,0,0,0,0,0,0,0,0,0,0,0
PCM,0,0,0,0,0,0,0,0,0,0,0,0,0,0,0,0
PCM,0,0,0,0,0,0,0,0,0,0,0,0,0,0,0,0
PCM,0,0,0,0,0,0,0,0,0,0,0,0,0,0,0,0
PCM,0,0,0,0,0,0,0,0,0,0,0,0,0,0,0,0
PCM,0,0,0,0,0,0,0,0,0,0,0,0,0,0,0,0
PCM,0,0,0,0,0,0,0,0,0,0,0,0,0,0,0,0
PCM,0,0,0,0,0,0,0,0,0,0,0,0,0,0,0,0
PCM,0,0,0,0,0,0,0,0,0,0,0,0,0,0,0,0
PCM,0,0,0,0,0,0,0,0,0,0,0,0,0,0,0,0
PCM,0,0,0,0,0,0,0,0,0,0,0,0,0,0,0,0
PCM,0,0,0,0,0,0,0,0,0,0,0,0,0,0,0,0
PCM,0,0,0,0,0,0,0,0,0,0,0,0,0,0,0,0
PCM,0,0,0,0,0,0,0,0,0,0,0,0,0,0,0,0
PCM,0,0,0,0,0,0,0,0,0,0,0,0,0,0,0,0
PCM,0,0,0,0,0,0,0,0,0,0,0,0,0,0,0,0
PCM,0,0,0,0,0,0,0,0,0,0,0,0,0,0,0,0
PCM,0,0,0,0,0,0,0,0,0,0,0,0,0,0,0,0
PCM,0,0,0,0,0,0,0,0,0,0,0,0,0,0,0,0
PCM,0,0,0,0,0,0,0,0,0,0,0,0,0,0,0,0
PCM,0,0,0,0,0,0,0,0,0,0,0,0,0,0,0,0
PCM,0,0,0,0,0,0,0,0,0,0,0,0,0,0,0,0
PCM,0,0,0,0,0,0,0,0,0,0,0,0,0,0,0,0
PCM,0,0,0,0,0,0,0,0,0,0,0,0,0,0,0,0
PCM,0,0,0,0,0,0,0,0,0,0,0,0,0,0,0,0
PCM,0,0,0,0,0,0,0,0,0,0,0,0,0,0,0,0
PCM,0,0,0,0,0,0,0,0,0,0,0,0,0,0,0,0
PCM,0,0,0,0,0,0,0,0,0,0,0,0,0,0,0,0
PCM,0,0,0,0,0,0,0,0,0,0,0,0,0,0,0,0
PCM,0,0,0,0,0,0,0,0,0,0,0,0,0,0,0,0
PCM,0,0,0,0,0,0,0,0,0,0,0,0,0,0,0,0
PCM,0,0,0,0,0,0,0,0,0,0,0,0,0,0,0,0
PCM,0,0,0,0,0,0,0,0,0,0,0,0,0,0,0,0
PCM,0,0,0,0,0,0,0,0,0,0,0,0,0,0,0,0
PCM,0,0,0,0,0,0,0,0,0,0,0,0,0,0,0,0
PCM,0,0,0,0,0,0,0,0,0,0,0,0,0,0,0,0
PCM,0,0,0,0,0,0,0,0,0,0,0,0,0,0,0,0
PCM,0,0,0,0,0,0,0,0,0,0,0,0,0,0,0,0
PCM,0,0,0,0,0,0,0,0,0,0,0,0,0,0,0,0
PCM,0,0,0,0,0,0,0,0,0,0,0,0,0,0,0,0
PCM,0,0,0,0,0,0,0,0,0,0,0,0,0,0,0,0
PCM,0,0,0,0,0,0,0,0,0,0,0,0,0,0,0,0
PCM,0,0,0,0,0,0,0,0,0,0,0,0,0,0,0,0
PCM,0,0,0,0,0,0,0,0,0,0,0,0,0,0,0,0
PCM,0,0,0,0,0,0,0,0,0,0,0,0,0,0,0,0
PCM,0,0,0,0,0,0,0,0,0,0,0,0,0,0,0,0
PCM,0,0,0,0,0,0,0,0,0,0,0,0,0,0,0,0
PCM,0,0,0,0,0,0,0,0,0,0,0,0,0,0,0,0
PCM,0,0,0,0,0,0,0,0,0,0,0,0,0,0,0,0
PCM,0,0,0,0,0,0,0,0,0,0,0,0,0,0,0,0
PCM,0,0,0,0,0,0,0,0,0,0,0,0,0,0,0,0
PCM,0,0,0,0,0,0,0,0,0,0,0,0,0,0,0,0
PCM,0,0,0,0,0,0,0,0,0,0,0,0,0,0,0,0
PCM,0,0,0,0,0,0,0,0,0,0,0,0,0,0,0,0
PCM,0,0,0,0,0,0,0,0,0,0,0,0,0,0,0,0
PCM,0,0,0,0,0,0,0,0,0,0,0,0,0,0,0,0
PCM,0,0,0,0,0,0,0,0,0,0,0,0,0,0,0,0
PCM,0,0,0,0,0,0,0,0,0,0,0,0,0,0,0,0
PCM,0,0,0,0,0,0,0,0,0,0,0,0,0,0,0,0
PCM,0,0,0,0,0,0,0,0,0,0,0,0,0,0,0,0
PCM,0,0,0,0,0,0,0,0,0,0,0,0,0,0,0,0
PCM,0,0,0,0,0,0,0,0,0,0,0,0,0,0,0,0
PCM,0,0,0,0,0,0,0,0,0,0,0,0,0,0,0,0
PCM,0,0,0,0,0,0,0,0,0,0,0,0,0,0,0,0
PCM,0,0,0,0,0,0,0,0,0,0,0,0,0,0,0,0
PCM,0,0,0,0,0,0,0,0,0,0,0,0,0,0,0,0
PCM,0,0,0,0,0,0,0,0,0,0,0,0,0,0,0,0
PCM,0,0,0,0,0,0,0,0,0,0,0,0,0,0,0,0
PCM,0,0,0,0,0,0,0,0,0,0,0,0,0,0,0,0
PCM,0,0,0,0,0,0,0,0,0,0,0,0,0,0,0,0
PCM,0,0,0,0,0,0,0,0,0,0,0,0,0,0,0,0
PCM,0,0,0,0,0,0,0,0,0,0,0,0,0,0,0,0
PCM,0,0,0,0,0,0,0,0,0,0,0,0,0,0,0,0
PCM,0,0,0,0,0,0,0,0,0,0,0,0,0,0,0,0
PCM,0,0,0,0,0,0,0,0,0,0,0,0,0,0,0,0
PCM,0,0,0,0,0,0,0,0,0,0,0,0,0,0,0,0
PCM,0,0,0,0,0,0,0,0,0,0,0,0,0,0,0,0
PCM,0,0,0,0,0,0,0,0,0,0,0,0,0,0,0,0
PCM,0,0,0,0,0,0,0,0,0,0,0,0,0,0,0,0
PCM,0,0,0,0,0,0,0,0,0,0,0,0,0,0,0,0
PCM,0,0,0,0,0,0,0,0,0,0,0,0,0,0,0,0
PCM,0,0,0,0,0,0,0,0,0,0,0,0,0,0,0,0
PCM,0,0,0,0,0,0,0,0,0,0,0,0,0,0,0,0
PCM,0,0,0,0,0,0,0,0,0,0,0,0,0,0,0,0
PCM,0,0,0,0,0,0,0,0,0,0,0,0,0,0,0,0
PCM,0,0,0,0,0,0,0,0,0,0,0,0,0,0,0,0
PCM,0,0,0,0,0,0,0,0,0,0,0,0,0,0,0,0
PCM,0,0,0,0,0,0,0,0,0,0,0,0,0,0,0,0
PCM,0,0,0,0,0,0,0,0,0,0,0,0,0,0,0,0
PCM,0,0,0,0,0,0,0,0,0,0,0,0,0,0,0,0
PCM,0,0,0,0,0,0,0,0,0,0,0,0,0,0,0,0
PCM,0,0,0,0,0,0,0,0,0,0,0,0,0,0,0,0
PCM,0,0,0,0,0,0,0,0,0,0,0,0,0,0,0,0
PCM,0,0,0,0,0,0,0,0,0,0,0,0,0,0,0,0
PCM,0,0,0,0,0,0,0,0,0,0,0,0,0,0,0,0
PCM,0,0,0,0,0,0,0,0,0,0,0,0,0,0,0,0
PCM,0,0,0,0,0,0,0,0,0,0,0,0,0,0,0,0
PCM,0,0,0,0,0,0,0,0,0,0,0,0,0,0,0,0
PCM,0,0,0,0,0,0,0,0,0,0,0,0,0,0,0,0
PCM,0,0,0,0,0,0,0,0,0,0,0,0,0,0,0,0
PCM,0,0,0,0,0,0,0,0,0,0,0,0,0,0,0,0
PCM,0,0,0,0,0,0,0,0,0,0,0,0,0,0,0,0
PCM,0,0,0,0,0,0,0,0,0,0,0,0,0,0,0,0
PCM,0,0,0,0,0,0,0,0,0,0,0,0,0,0,0,0
PCM,0,0,0,0,0,0,0,0,0,0,0,0,0,0,0,0
PCM,0,0,0,0,0,0,0,0,0,0,0,0,0,0,0,0
PCM,0,0,0,0,0,0,0,0,0,0,0,0,0,0,0,0
PCM,0,0,0,0,0,0,0,0,0,0,0,0,0,0,0,0
PCM,0,0,0,0,0,0,0,0,0,0,0,0,0,0,0,0
PCM,0,0,0,0,0,0,0,0,0,0,0,0,0,0,0,0
PCM,0,0,0,0,0,0,0,0,0,0,0,0,0,0,0,0
PCM,0,0,0,0,0,0,0,0,0,0,0,0,0,0,0,0
PCM,0,0,0,0,0,0,0,0,0,0,0,0,0,0,0,0
PCM,0,0,0,0,0,0,0,0,0,0,0,0,0,0,0,0
PCM,0,0,0,0,0,0,0,0,0,0,0,0,0,0,0,0
PCM,0,0,0,0,0,0,0,0,0,0,0,0,0,0,0,0
PCM,0,0,0,0,0,0,0,0,0,0,0,0,0,0,0,0
PCM,0,0,0,0,0,0,0,0,0,0,0,0,0,0,0,0
PCM,0,0,0,0,0,0,0,0,0,0,0,0,0,0,0,0
PCM,0,0,0,0,0,0,0,0,0,0,0,0,0,0,0,0
PCM,0,0,0,0,0,0,0,0,0,0,0,0,0,0,0,0
PCM,0,0,0,0,0,0,0,0,0,0,0,0,0,0,0,0
PCM,0,0,0,0,0,0,0,0,0,0,0,0,0,0,0,0
PCM,0,0,0,0,0,0,0,0,0,0,0,0,0,0,0,0
PCM,0,0,0,0,0,0,0,0,0,0,0,0,0,0,0,0
PCM,0,0,0,0,0,0,0,0,0,0,0,0,0,0,0,0
PCM,0,0,0,0,0,0,0,0,0,0,0,0,0,0,0,0
PCM,0,0,0,0,0,0,0,0,0,0,0,0,0,0,0,0
PCM,0,0,0,0,0,0,0,0,0,0,0,0,0,0,0,0
[SNAPSHOT] --- END PCM --- (lines: 2000)
[SNAPSHOT] --- BEGIN MFCC (raw float, pre-normalization) ---
MFCC,0,-135.363754,-0.000001,-0.000001,0.000000,-0.000000,-0.000002,-0.000000,-0.000000,0.000000,-0.000000,-0.000000,0.000000,0.000000
MFCC,1,-135.363754,-0.000001,-0.000001,0.000000,-0.000000,-0.000002,-0.000000,-0.000000,0.000000,-0.000000,-0.000000,0.000000,0.000000
MFCC,2,-135.363754,-0.000001,-0.000001,0.000000,-0.000000,-0.000002,-0.000000,-0.000000,0.000000,-0.000000,-0.000000,0.000000,0.000000
MFCC,3,-135.363754,-0.000001,-0.000001,0.000000,-0.000000,-0.000002,-0.000000,-0.000000,0.000000,-0.000000,-0.000000,0.000000,0.000000
MFCC,4,-135.363754,-0.000001,-0.000001,0.000000,-0.000000,-0.000002,-0.000000,-0.000000,0.000000,-0.000000,-0.000000,0.000000,0.000000
MFCC,5,-135.363754,-0.000001,-0.000001,0.000000,-0.000000,-0.000002,-0.000000,-0.000000,0.000000,-0.000000,-0.000000,0.000000,0.000000
MFCC,6,-135.363754,-0.000001,-0.000001,0.000000,-0.000000,-0.000002,-0.000000,-0.000000,0.000000,-0.000000,-0.000000,0.000000,0.000000
MFCC,7,-135.363754,-0.000001,-0.000001,0.000000,-0.000000,-0.000002,-0.000000,-0.000000,0.000000,-0.000000,-0.000000,0.000000,0.000000
MFCC,8,-135.363754,-0.000001,-0.000001,0.000000,-0.000000,-0.000002,-0.000000,-0.000000,0.000000,-0.000000,-0.000000,0.000000,0.000000
MFCC,9,-135.363754,-0.000001,-0.000001,0.000000,-0.000000,-0.000002,-0.000000,-0.000000,0.000000,-0.000000,-0.000000,0.000000,0.000000
MFCC,10,-135.363754,-0.000001,-0.000001,0.000000,-0.000000,-0.000002,-0.000000,-0.000000,0.000000,-0.000000,-0.000000,0.000000,0.000000
MFCC,11,-135.363754,-0.000001,-0.000001,0.000000,-0.000000,-0.000002,-0.000000,-0.000000,0.000000,-0.000000,-0.000000,0.000000,0.000000
MFCC,12,-135.363754,-0.000001,-0.000001,0.000000,-0.000000,-0.000002,-0.000000,-0.000000,0.000000,-0.000000,-0.000000,0.000000,0.000000
MFCC,13,-135.363754,-0.000001,-0.000001,0.000000,-0.000000,-0.000002,-0.000000,-0.000000,0.000000,-0.000000,-0.000000,0.000000,0.000000
MFCC,14,-135.363754,-0.000001,-0.000001,0.000000,-0.000000,-0.000002,-0.000000,-0.000000,0.000000,-0.000000,-0.000000,0.000000,0.000000
MFCC,15,-135.363754,-0.000001,-0.000001,0.000000,-0.000000,-0.000002,-0.000000,-0.000000,0.000000,-0.000000,-0.000000,0.000000,0.000000
MFCC,16,-135.363754,-0.000001,-0.000001,0.000000,-0.000000,-0.000002,-0.000000,-0.000000,0.000000,-0.000000,-0.000000,0.000000,0.000000
MFCC,17,-135.363754,-0.000001,-0.000001,0.000000,-0.000000,-0.000002,-0.000000,-0.000000,0.000000,-0.000000,-0.000000,0.000000,0.000000
MFCC,18,-135.363754,-0.000001,-0.000001,0.000000,-0.000000,-0.000002,-0.000000,-0.000000,0.000000,-0.000000,-0.000000,0.000000,0.000000
MFCC,19,-135.363754,-0.000001,-0.000001,0.000000,-0.000000,-0.000002,-0.000000,-0.000000,0.000000,-0.000000,-0.000000,0.000000,0.000000
MFCC,20,-135.363754,-0.000001,-0.000001,0.000000,-0.000000,-0.000002,-0.000000,-0.000000,0.000000,-0.000000,-0.000000,0.000000,0.000000
MFCC,21,-135.363754,-0.000001,-0.000001,0.000000,-0.000000,-0.000002,-0.000000,-0.000000,0.000000,-0.000000,-0.000000,0.000000,0.000000
MFCC,22,-26.358532,2.159966,1.412000,1.989272,1.222386,0.250100,1.169237,0.782146,-0.775406,0.252482,0.344099,-1.447971,-1.452339
MFCC,23,-7.554664,1.708059,1.754455,2.604195,1.021126,-0.156306,0.254422,-0.276867,0.578337,0.159125,0.035327,-1.375130,-0.337013
MFCC,24,-5.415312,4.194726,1.832974,0.998562,-0.147099,-1.059935,0.118393,-0.002437,-0.319128,-0.665530,-0.629868,-1.217770,-0.688885
MFCC,25,2.447440,9.886927,2.069726,-1.963650,-4.210396,-1.978354,0.914493,0.377845,-0.790205,-0.789266,0.010172,0.336535,0.536219
MFCC,26,2.914715,10.172963,0.876849,-3.430848,-4.744416,-1.485086,2.556215,0.291655,-1.344262,-1.042562,-0.298475,-0.510964,-0.092635
MFCC,27,2.953289,10.478217,-0.116023,-3.439533,-3.901131,-0.768308,3.624819,0.209588,-1.888879,-1.018639,-0.332432,-0.392839,0.353364
MFCC,28,3.143105,9.737807,0.033769,-3.562829,-3.985596,0.508415,3.706516,0.435112,-1.698950,-0.907758,-0.180963,-1.456877,0.205705
MFCC,29,3.056044,9.629942,0.346607,-2.919223,-3.099111,0.083115,2.172386,-0.098576,-1.192177,0.507948,-0.232888,-1.316782,-0.839605
MFCC,30,2.328321,8.982321,0.728096,-1.976879,-2.224601,-0.830039,0.963421,-1.059835,-1.021654,0.784165,-0.010321,-1.446960,-0.222228
MFCC,31,1.514826,8.416360,1.777274,0.097660,-1.241348,-0.229110,-0.169944,-2.084235,-0.914967,-0.172976,-1.153539,-0.711305,1.160627
MFCC,32,-0.556026,7.264326,2.419952,2.275118,-1.164532,-0.471947,0.140747,-1.636042,-0.685780,-1.292470,-0.914427,-0.099976,1.172675
MFCC,33,-1.866844,6.004490,1.524565,4.625555,-0.720310,-1.589282,-0.518236,-0.615646,-0.843428,-2.322148,0.185871,-0.453382,-0.574548
MFCC,34,-2.370534,5.836463,1.889906,5.742449,-1.113544,-2.504047,-0.081823,-1.216056,-1.393799,-1.432879,0.304763,-1.234159,-0.551363
MFCC,35,-1.221316,4.926753,2.187046,6.783702,-1.098075,-3.073828,0.347453,0.187182,-1.151492,-2.046375,0.053828,-1.391181,-0.732734
MFCC,36,0.413551,4.440128,1.416659,6.534853,-0.039199,-3.241315,-0.278661,-0.092148,-1.066809,-2.663393,1.121619,-1.727903,-1.266039
MFCC,37,1.656525,5.665479,0.470376,5.308046,-0.134097,-2.888425,-0.350398,0.344744,0.000926,-3.053726,0.735309,-2.059764,-0.541026
MFCC,38,-0.370362,6.794917,0.908705,4.035148,-0.940503,-1.263965,-0.075043,0.305918,0.420500,-2.772084,-0.419074,-1.433617,0.354037
MFCC,39,-2.087111,7.514590,0.759019,2.972165,-0.534299,-0.360532,0.430712,0.245727,0.499993,-1.027899,-1.799358,-2.804975,0.014867
MFCC,40,-3.754328,8.051946,1.341801,1.585771,-0.579708,-0.761216,0.323442,0.637848,-1.067795,-0.840435,-0.897171,-1.640013,-0.317800
MFCC,41,-6.447582,7.878215,2.717871,1.628126,0.008049,-0.176231,0.777815,0.645692,-1.737864,-1.509573,-0.509820,-0.742306,0.017495
MFCC,42,-8.498902,7.074779,2.292909,1.377187,0.445098,0.459707,0.899347,0.107249,-1.642167,-1.580542,-0.845998,-0.667680,0.327930
MFCC,43,-11.429975,4.116723,1.835124,1.573176,0.776575,1.214919,0.823009,-0.083110,-1.326906,-0.564575,0.139837,0.056727,-0.080708
MFCC,44,-15.104419,3.578587,1.987262,1.817304,1.147043,1.187851,1.574383,0.455407,-0.750504,-0.267057,0.042919,0.415838,0.194087
MFCC,45,-31.853189,2.175750,0.985387,0.822710,0.549514,-0.435433,-0.332637,-1.025228,-0.463104,-0.502627,-0.080418,-0.417262,-0.095709
MFCC,46,-82.896942,-4.724043,0.012056,-0.517999,0.007960,-0.181331,0.007010,-0.089464,0.006176,-0.051677,0.007236,-0.029197,0.011269
MFCC,47,-135.363754,-0.000001,-0.000001,0.000000,-0.000000,-0.000002,-0.000000,-0.000000,0.000000,-0.000000,-0.000000,0.000000,0.000000
MFCC,48,-135.363754,-0.000001,-0.000001,0.000000,-0.000000,-0.000002,-0.000000,-0.000000,0.000000,-0.000000,-0.000000,0.000000,0.000000
MFCC,49,-135.363754,-0.000001,-0.000001,0.000000,-0.000000,-0.000002,-0.000000,-0.000000,0.000000,-0.000000,-0.000000,0.000000,0.000000
MFCC,50,-135.363754,-0.000001,-0.000001,0.000000,-0.000000,-0.000002,-0.000000,-0.000000,0.000000,-0.000000,-0.000000,0.000000,0.000000
MFCC,51,-56.215954,4.117762,3.365951,0.330567,0.381741,-0.547523,0.192641,-0.733980,-0.843862,0.638427,-0.017325,-0.126048,-1.778681
MFCC,52,-42.866619,3.219073,1.956066,-0.122856,0.296390,0.356441,0.407352,0.075378,0.657899,0.261917,-0.378928,0.040214,-0.272673
MFCC,53,-44.086994,2.050005,2.014078,0.254601,-0.259905,0.230168,0.180014,0.652846,0.889046,0.681080,-0.220573,-0.394679,-0.385495
MFCC,54,-15.991986,1.100295,2.702477,3.487951,-0.222798,-0.920143,-1.423656,-1.455635,-1.155009,-0.790574,1.573098,0.229399,-0.558263
MFCC,55,-14.779386,5.471092,2.674583,4.122779,-2.056480,-1.794960,-2.200319,0.373261,-0.016613,0.505673,0.340670,-0.864769,-0.830311
MFCC,56,-3.901597,4.835244,-1.891780,3.333880,-2.751055,-0.171025,-1.944513,1.399755,0.350186,0.693654,-0.025059,-0.344458,-0.720677
MFCC,57,1.360570,3.266284,-3.727700,1.535687,-2.818220,0.334909,-0.837033,1.233603,-0.000743,0.642132,-0.887633,-0.902690,-1.240201
MFCC,58,2.298474,3.477618,-5.079737,0.776227,-2.557827,-0.124534,-0.875159,0.914474,-0.587416,0.025342,-1.531115,-1.713788,-1.655117
MFCC,59,2.558969,3.568729,-5.246043,0.283837,-2.570316,0.450449,-0.946875,0.672343,-1.062648,0.250683,-1.131293,-1.499369,-1.393804
MFCC,60,2.972438,3.988570,-5.809756,0.952592,-2.495023,0.820605,-0.374767,-0.129568,-0.692801,0.521701,-0.592351,-1.731678,-1.174735
MFCC,61,1.233228,5.773818,-6.867130,1.415360,-2.527985,1.189349,-0.719463,-0.471222,-0.602360,0.840462,-0.752494,-2.191366,-0.559030
MFCC,62,0.544685,5.883748,-7.032938,1.763299,-3.048072,1.808224,-1.473010,-0.442614,-0.949055,1.549769,-0.893917,-2.197495,-0.348127
MFCC,63,-0.669913,6.229689,-7.036325,1.225187,-3.035879,1.302462,-1.164102,-1.287766,-1.630794,1.511808,-0.836354,-2.707577,-0.414494
MFCC,64,-0.676888,6.734635,-6.364539,1.115185,-3.481122,2.468228,-1.317473,-1.220395,-1.464334,1.754539,-0.992435,-2.066754,-0.243368
MFCC,65,-1.014138,6.758003,-5.788785,0.746134,-3.443220,2.026141,-0.401112,-1.556709,-1.348798,1.951091,-0.960335,-2.049131,-0.166412
MFCC,66,-1.748548,7.457169,-5.325486,0.586422,-3.861459,2.851100,-0.422709,-1.029530,-1.793420,1.675913,-0.187545,-1.482601,-0.088655
MFCC,67,-3.180841,7.241384,-4.896727,-0.091515,-4.032932,1.823833,0.162273,-1.393453,-2.035423,0.951757,-0.966614,-0.949794,0.062210
MFCC,68,-4.990234,8.273758,-4.732035,0.119246,-3.115870,1.758250,0.616094,-1.073012,-1.892242,1.022226,-1.109393,-1.094980,1.286489
MFCC,69,-6.966141,8.020954,-3.429502,0.838214,-3.491775,1.872081,0.771648,-0.965462,-2.117503,0.451334,-0.538890,-0.315407,0.443266
MFCC,70,-8.510630,8.145228,-3.921396,1.595410,-3.145669,1.301472,0.227373,-0.793992,-1.446399,0.510263,-0.159888,-0.902429,0.081660
MFCC,71,-10.108364,8.379044,-3.590092,2.406939,-2.521902,0.603060,0.168357,-0.084753,-1.551463,0.272890,0.311318,-0.350038,-0.903800
MFCC,72,-13.033514,9.186552,-3.260684,1.875239,-1.353793,0.772141,-0.934258,-0.869740,-0.148100,0.873868,0.610007,-1.166177,-0.519711
MFCC,73,-18.013258,7.983174,-1.321308,3.064320,-0.756689,0.856117,-0.353028,0.115163,-2.020041,-0.267781,0.438477,-0.856725,-0.259130
MFCC,74,-24.173792,10.075154,0.857933,1.983519,1.436481,0.275282,-1.195325,-1.181299,-1.303147,0.403435,1.587769,-0.754661,-0.280297
MFCC,75,-28.607260,8.284421,1.953919,3.130466,0.957514,-0.966365,-1.283030,-0.023439,-0.966577,0.578579,0.813978,-2.010212,-0.633260
MFCC,76,-19.422270,3.363708,2.175208,0.997959,0.808701,0.259139,0.285727,0.474637,0.438669,0.142327,-0.070361,-0.357675,-0.422228
MFCC,77,-135.363754,-0.000001,-0.000001,0.000000,-0.000000,-0.000002,-0.000000,-0.000000,0.000000,-0.000000,-0.000000,0.000000,0.000000
MFCC,78,-135.363754,-0.000001,-0.000001,0.000000,-0.000000,-0.000002,-0.000000,-0.000000,0.000000,-0.000000,-0.000000,0.000000,0.000000
MFCC,79,-135.363754,-0.000001,-0.000001,0.000000,-0.000000,-0.000002,-0.000000,-0.000000,0.000000,-0.000000,-0.000000,0.000000,0.000000
MFCC,80,-135.363754,-0.000001,-0.000001,0.000000,-0.000000,-0.000002,-0.000000,-0.000000,0.000000,-0.000000,-0.000000,0.000000,0.000000
MFCC,81,-135.363754,-0.000001,-0.000001,0.000000,-0.000000,-0.000002,-0.000000,-0.000000,0.000000,-0.000000,-0.000000,0.000000,0.000000
MFCC,82,-135.363754,-0.000001,-0.000001,0.000000,-0.000000,-0.000002,-0.000000,-0.000000,0.000000,-0.000000,-0.000000,0.000000,0.000000
MFCC,83,-135.363754,-0.000001,-0.000001,0.000000,-0.000000,-0.000002,-0.000000,-0.000000,0.000000,-0.000000,-0.000000,0.000000,0.000000
MFCC,84,-135.363754,-0.000001,-0.000001,0.000000,-0.000000,-0.000002,-0.000000,-0.000000,0.000000,-0.000000,-0.000000,0.000000,0.000000
MFCC,85,-135.363754,-0.000001,-0.000001,0.000000,-0.000000,-0.000002,-0.000000,-0.000000,0.000000,-0.000000,-0.000000,0.000000,0.000000
MFCC,86,-135.363754,-0.000001,-0.000001,0.000000,-0.000000,-0.000002,-0.000000,-0.000000,0.000000,-0.000000,-0.000000,0.000000,0.000000
MFCC,87,-135.363754,-0.000001,-0.000001,0.000000,-0.000000,-0.000002,-0.000000,-0.000000,0.000000,-0.000000,-0.000000,0.000000,0.000000
MFCC,88,-135.363754,-0.000001,-0.000001,0.000000,-0.000000,-0.000002,-0.000000,-0.000000,0.000000,-0.000000,-0.000000,0.000000,0.000000
MFCC,89,-135.363754,-0.000001,-0.000001,0.000000,-0.000000,-0.000002,-0.000000,-0.000000,0.000000,-0.000000,-0.000000,0.000000,0.000000
MFCC,90,-135.363754,-0.000001,-0.000001,0.000000,-0.000000,-0.000002,-0.000000,-0.000000,0.000000,-0.000000,-0.000000,0.000000,0.000000
MFCC,91,-135.363754,-0.000001,-0.000001,0.000000,-0.000000,-0.000002,-0.000000,-0.000000,0.000000,-0.000000,-0.000000,0.000000,0.000000
MFCC,92,-135.363754,-0.000001,-0.000001,0.000000,-0.000000,-0.000002,-0.000000,-0.000000,0.000000,-0.000000,-0.000000,0.000000,0.000000
MFCC,93,-135.363754,-0.000001,-0.000001,0.000000,-0.000000,-0.000002,-0.000000,-0.000000,0.000000,-0.000000,-0.000000,0.000000,0.000000
MFCC,94,-135.363754,-0.000001,-0.000001,0.000000,-0.000000,-0.000002,-0.000000,-0.000000,0.000000,-0.000000,-0.000000,0.000000,0.000000
MFCC,95,-135.363754,-0.000001,-0.000001,0.000000,-0.000000,-0.000002,-0.000000,-0.000000,0.000000,-0.000000,-0.000000,0.000000,0.000000
MFCC,96,-135.363754,-0.000001,-0.000001,0.000000,-0.000000,-0.000002,-0.000000,-0.000000,0.000000,-0.000000,-0.000000,0.000000,0.000000
MFCC,97,-135.363754,-0.000001,-0.000001,0.000000,-0.000000,-0.000002,-0.000000,-0.000000,0.000000,-0.000000,-0.000000,0.000000,0.000000
MFCC,98,-135.363754,-0.000001,-0.000001,0.000000,-0.000000,-0.000002,-0.000000,-0.000000,0.000000,-0.000000,-0.000000,0.000000,0.000000
[SNAPSHOT] --- END MFCC ---
INT8,-128,98,98,98,98,98,98,98,98,98,98,98,98,-128,98,98,98,98,98,98
[SNAPSHOT] --- BEGIN MODEL OUTPUT ---
OUT,answer,-128,0.000000
OUT,back,-127,0.390625
OUT,call,-127,0.390625
OUT,close,-127,0.390625
OUT,eight,-128,0.000000
OUT,five,-113,5.859375
OUT,four,-128,0.000000
OUT,help,-128,0.000000
OUT,left,-128,0.000000
OUT,next,-127,0.390625
OUT,nine,-121,2.734375
OUT,no,-125,1.171875
OUT,one,-128,0.000000
OUT,open,-128,0.000000
OUT,play,-126,0.781250
OUT,previous,-127,0.390625
OUT,record,-128,0.000000
OUT,right,-128,0.000000
OUT,search,-127,0.390625
OUT,set_a_timer,-122,2.343750
OUT,seven,-126,0.781250
OUT,six,-128,0.000000
OUT,start,-127,0.390625
OUT,stop,-128,0.000000
OUT,three,-128,0.000000
OUT,two,-128,0.000000
OUT,volume_down,73,78.515625
OUT,volume_up,-120,3.125000
OUT,yes,-127,0.390625
OUT,zero,-128,0.000000
[SNAPSHOT] --- END MODEL OUTPUT ---
[SNAPSHOT] === CAPTURE COMPLETE ===

