snapshot

[SYSTEM] --> CONTINUOUS ML INFERENCE STARTED

[SYSTEM] --> ML SNAPSHOT REQUESTED

[SNAPSHOT] Get ready to speak your keyword...
[SNAPSHOT] 3...
[SNAPSHOT] 2...
[SNAPSHOT] 1...
[SNAPSHOT] >>> SPEAK NOW <<<
[SNAPSHOT] Capture complete: 32000 samples (2000 ms)
[SNAPSHOT] --- BEGIN PCM ---
PCM,50,41,36,37,33,21,24,27,25,27,11,18,27,12,-2,1
PCM,15,14,8,12,11,7,15,19,22,24,20,19,4,4,14,13
PCM,15,4,9,16,17,12,14,14,8,5,-2,-15,-6,-9,-9,-10
PCM,-3,4,7,23,28,26,32,36,33,34,28,24,22,26,23,25
PCM,40,43,35,45,44,28,23,22,17,21,21,22,21,28,33,27
PCM,31,27,31,31,31,32,33,34,39,28,22,20,26,41,52,52
PCM,51,54,38,37,36,28,18,20,26,25,29,33,21,8,3,-1
PCM,5,13,8,10,13,14,13,13,5,0,9,15,15,12,9,3
PCM,6,8,5,1,9,19,16,9,5,-2,-2,1,-9,-19,-23,-31
PCM,-35,-29,-13,-8,-9,-10,-19,-15,-13,-19,-17,-9,-14,-23,-14,-18
PCM,-26,-15,-5,-8,-17,-28,-36,-22,-18,-25,-28,-25,-13,-10,-12,-21
PCM,-21,-15,-3,-4,-9,0,11,-4,-2,-2,-11,-14,-15,-24,-14,-3
PCM,0,3,18,14,5,4,-5,-1,3,3,-10,1,7,-12,-10,-11
PCM,-16,-3,5,0,5,17,15,14,4,1,-1,-5,-2,-2,4,12
PCM,8,6,15,18,22,28,22,17,17,20,20,7,8,15,21,13
PCM,8,18,17,11,13,14,5,9,15,6,20,19,16,14,0,-6
PCM,-9,-3,6,13,9,7,4,-13,-23,-23,-23,-15,-3,-6,-13,-10
PCM,-16,-17,-11,-11,-15,-13,-3,6,-4,-11,-11,-19,-24,-26,-41,-40
PCM,-26,-24,-23,-15,-15,-22,-18,-23,-31,-25,-30,-24,-14,-19,-35,-29
PCM,-27,-33,-23,-10,-12,-1,7,3,2,7,-9,-25,-30,-20,-17,-24
PCM,-22,-13,-9,-4,-9,-7,-11,-15,-19,-24,-25,-23,-18,-24,-20,-16
PCM,-15,-16,-10,9,4,5,9,8,9,6,7,3,14,7,-2,11
PCM,15,11,18,28,21,20,21,9,4,11,15,6,16,32,30,25
PCM,27,19,17,22,12,10,19,20,21,25,22,5,5,6,-4,2
PCM,5,4,13,13,9,2,0,-3,-17,-27,-28,-31,-24,-15,-22,-22
PCM,-21,-23,-23,-13,-6,-6,-2,-3,-19,-18,-29,-38,-43,-42,-51,-51
PCM,-42,-60,-53,-47,-51,-37,-21,-24,-29,-22,-31,-35,-29,-33,-34,-32
PCM,-35,-44,-51,-53,-49,-45,-42,-39,-31,-32,-37,-32,-35,-33,-28,-39
PCM,-42,-36,-33,-20,-20,-17,-5,-2,-9,-22,-17,-5,-9,-7,-9,4
PCM,10,-2,-4,-6,-8,-2,1,3,21,18,26,27,10,14,10,12
PCM,28,37,40,41,51,44,39,45,25,13,14,12,3,10,4,-6
PCM,-5,-10,-8,-2,7,13,17,26,28,22,30,25,14,16,12,12
PCM,19,13,14,22,26,26,31,29,30,37,26,27,38,29,28,27
PCM,23,16,21,27,26,33,38,30,31,30,17,16,19,18,9,6
PCM,0,-7,-2,-6,-14,-11,0,-6,-12,-6,-6,-19,-17,-13,-17,2
PCM,12,11,-1,-13,-19,-22,-17,-19,-2,3,4,12,9,3,-1,7
PCM,-7,-17,1,12,7,8,11,-7,-7,-10,-19,-23,-19,-16,-13,1
PCM,1,-1,3,-1,-15,-11,-10,-6,13,20,7,10,9,1,7,17
PCM,21,25,35,45,42,28,44,44,32,44,44,35,50,57,49,49
PCM,56,49,32,41,44,38,35,42,38,37,47,47,42,43,37,32
PCM,25,21,29,34,37,46,39,40,45,42,37,14,15,26,19,7
PCM,8,11,0,-3,0,-14,-14,-10,-4,9,15,15,10,11,14,7
PCM,5,8,4,3,8,20,31,28,24,26,17,7,4,4,6,6
PCM,2,2,-8,-10,-8,-15,-22,-17,-11,-10,-14,-9,-7,-8,-10,-11
PCM,-8,-16,-22,-7,-1,-3,7,12,4,-1,-4,-4,-19,-24,-22,-20
PCM,-17,-11,-13,-21,-11,-8,-14,-3,4,7,-4,-4,5,-1,-6,-10
PCM,-16,-18,-20,-29,-19,-10,-12,1,4,-2,-3,-1,-8,-22,-15,-8
PCM,-6,0,5,-3,-1,-12,-20,-8,1,18,40,36,37,53,46,44
PCM,44,52,50,50,50,45,37,39,38,38,24,12,12,13,10,0
PCM,-3,1,-4,-10,-14,-19,-16,-10,-14,-7,6,7,3,1,-4,-10
PCM,-13,-11,-21,-23,-8,-13,-12,-2,-7,-14,-11,-17,-30,-34,-28,-29
PCM,-38,-36,-34,-39,-40,-41,-36,-29,-32,-33,-28,-14,-10,-13,-12,-14
PCM,-18,-24,-27,-26,-18,-10,-1,14,27,20,22,32,10,10,27,19
PCM,14,18,22,28,25,18,13,13,24,35,29,36,37,33,31,24
PCM,14,10,10,-2,-3,-5,6,25,23,20,18,14,13,9,2,6
PCM,12,17,18,26,31,29,23,13,12,19,23,15,21,22,17,20
PCM,24,24,19,22,29,28,12,17,24,20,23,19,16,14,8,11
PCM,7,-1,3,10,-1,-1,11,15,21,24,23,21,27,31,32,24
PCM,15,27,34,20,26,33,28,29,34,30,24,31,33,25,16,14
PCM,19,15,12,21,25,25,27,31,24,24,39,35,33,38,38,36
PCM,34,28,25,15,5,5,9,12,15,14,23,8,1,3,-17,-27
PCM,-15,-23,-22,-18,-19,-12,-13,-15,-21,-16,-5,-5,-20,-17,-16,-16
PCM,3,12,-1,6,22,6,-2,4,1,-1,2,-7,-6,-2,-2,-10
PCM,-18,-2,-1,-3,3,4,0,9,10,-6,-9,1,4,2,5,7
PCM,13,24,25,28,42,47,48,54,65,63,68,76,79,77,61,57
PCM,43,32,49,43,42,56,50,36,29,42,34,29,19,13,18,15
PCM,15,15,12,11,11,2,-6,1,11,18,19,13,7,-1,-4,-11
PCM,-10,-17,-2,8,-2,6,11,-15,-14,-1,-7,0,7,1,4,28
PCM,20,11,14,14,7,11,13,12,15,20,12,6,12,18,17,10
PCM,4,11,20,22,22,22,30,30,22,4,-10,-10,-11,-22,-21,-15
PCM,-15,-11,-10,-8,-2,-8,-2,5,5,6,10,33,42,36,39,32
PCM,24,26,25,24,20,16,11,13,24,21,16,23,32,29,21,17
PCM,14,15,15,13,7,11,18,-2,9,22,21,33,38,31,39,35
PCM,19,9,1,3,2,8,3,12,18,15,13,18,15,20,18,7
PCM,11,16,10,18,19,11,25,40,37,42,49,51,45,42,42,41
PCM,44,46,41,36,34,32,23,11,0,-15,-26,-32,-35,-32,-33,-37
PCM,-32,-27,-23,-16,-12,-12,-1,-12,-19,-16,-9,10,13,13,20,19
PCM,9,5,-16,-23,-21,-12,-12,-8,1,-2,4,13,11,15,25,29
PCM,24,26,25,19,26,35,30,32,33,21,26,36,28,24,12,9
PCM,13,2,3,-7,-15,-5,0,-2,-5,-6,-14,-8,3,7,19,27
PCM,34,37,41,41,44,47,42,40,35,34,36,16,21,29,17,19
PCM,17,4,-1,2,-2,3,11,14,17,19,14,1,-1,-2,-12,-14
PCM,-23,-22,-10,-13,-17,-4,-4,-3,-3,-12,-11,-15,-13,-15,-12,-5
PCM,-6,-13,-15,-14,-17,-7,-1,-7,-3,6,3,-1,9,8,12,26
PCM,15,17,26,21,20,20,14,9,7,3,9,16,18,21,14,8
PCM,2,7,-4,-15,-9,-16,-16,-7,-23,-31,-26,-33,-29,-22,-26,-22
PCM,-26,-38,-28,-25,-29,-26,-20,-22,-20,-6,-3,7,16,9,11,12
PCM,19,19,17,6,0,-4,-4,-1,0,-3,-6,-11,-16,-14,-10,-12
PCM,-5,-12,-20,-22,-26,-24,-19,-11,-13,-15,-20,-15,5,21,30,25
PCM,23,28,27,20,15,8,6,14,16,26,41,38,33,30,15,10
PCM,15,14,6,2,-1,0,7,6,8,16,12,16,15,-1,-9,-8
PCM,-10,-13,-11,-9,-10,-12,-17,-22,-29,-27,-35,-38,-36,-38,-32,-24
PCM,-22,-29,-35,-44,-52,-48,-37,-39,-37,-39,-45,-46,-25,-34,-47,-36
PCM,-35,-41,-32,-29,-38,-33,-36,-45,-38,-33,-39,-42,-40,-43,-38,-23
PCM,-19,-19,-19,-14,-19,-15,-12,-22,-19,-12,-21,-21,-21,-23,-16,-11
PCM,-13,-19,-28,-24,-25,-28,-28,-34,-32,-31,-27,-25,-23,-17,-21,-13
PCM,-2,-15,1,13,10,12,7,-1,-2,14,11,9,21,29,13,8
PCM,4,-14,-25,-26,-40,-32,-22,-26,-15,-2,5,13,11,-2,-6,-14
PCM,-20,-12,-6,-5,-2,2,-3,-4,4,9,7,2,5,12,17,13
PCM,15,6,-3,1,-1,-19,-19,-28,-29,-32,-32,-27,-32,-29,-26,-24
PCM,-22,-15,-12,-18,-20,-17,-26,-23,-25,-19,-11,-13,-9,2,1,-1
PCM,3,2,3,6,2,1,14,7,-2,-1,9,5,-7,-9,-14,-6
PCM,-1,-5,-16,-17,-21,-37,-42,-43,-41,-34,-32,-27,-28,-35,-34,-30
PCM,-34,-29,-24,-31,-33,-25,-12,-6,-7,-10,-11,3,10,7,12,24
PCM,36,28,20,8,4,9,12,5,-1,1,6,18,13,5,11,10
PCM,8,9,12,13,12,8,2,-4,-7,-13,-10,-5,-1,10,13,8
PCM,5,4,-2,12,10,10,17,18,23,15,9,17,21,9,6,1
PCM,-13,-3,-2,-19,-12,-10,-23,-22,-11,-13,-9,9,11,12,16,21
PCM,22,32,37,32,37,38,30,25,26,18,4,9,2,0,1,-1
PCM,-11,-13,-19,-34,-27,-19,-38,-27,-13,-23,-19,3,-8,-19,-16,-19
PCM,-17,-12,-15,-26,-18,-14,-25,-27,-16,-24,-27,-28,-31,-37,-27,-21
PCM,-20,-29,-26,-30,-29,-30,-41,-44,-37,-36,-52,-53,-38,-22,-34,-42
PCM,-39,-36,-29,-20,-35,-28,-25,-30,-24,-24,-26,-31,-21,-15,-6,-1
PCM,8,7,9,21,15,21,22,13,16,21,20,27,36,36,43,41
PCM,37,37,38,33,43,45,41,41,32,18,3,8,11,3,4,6
PCM,1,16,15,9,12,16,21,21,23,19,14,20,14,9,15,20
PCM,12,11,4,-8,-4,0,-8,-3,-1,-10,-9,-11,-18,-17,-7,-10
PCM,-4,-5,-9,4,13,10,7,1,-11,-5,-1,-6,-11,-5,4,9
PCM,13,15,8,8,1,-3,-6,4,4,5,14,9,2,2,2,2
PCM,20,26,15,9,10,13,18,4,-12,-20,-7,-3,-16,-16,-6,-16
PCM,-9,-2,-9,-2,9,-1,5,6,3,2,2,9,6,13,19,14
PCM,16,14,2,7,8,-7,3,14,11,23,33,36,49,44,34,32
PCM,30,26,28,39,38,31,42,42,32,25,30,34,49,58,45,40
PCM,51,44,45,51,42,41,45,31,25,28,24,18,19,21,17,17
PCM,26,23,17,22,22,13,25,32,16,27,32,26,33,41,43,49
PCM,55,49,51,58,58,53,43,30,25,12,8,12,4,5,11,-3
PCM,-7,-6,-16,-12,-13,-18,-19,-12,-10,-16,-11,-16,-30,-25,-27,-25
PCM,-8,-12,-3,10,11,9,3,-5,3,-10,-22,-22,-28,-29,-17,-9
PCM,-7,8,17,9,3,0,-7,-4,-3,0,3,-4,-6,6,7,13
PCM,17,18,17,19,21,17,9,5,0,-3,8,18,29,31,32,39
PCM,41,45,46,31,37,37,37,42,42,49,66,64,62,65,64,72
PCM,65,51,54,69,81,72,61,72,69,59,55,42,42,54,49,50
PCM,46,47,61,61,59,63,56,55,57,58,51,56,59,46,53,59
PCM,45,41,47,41,39,37,28,23,22,25,19,6,12,12,5,14
PCM,6,9,21,12,8,9,-9,-1,16,18,12,13,7,9,7,1
PCM,1,11,10,2,16,31,28,22,10,-5,-8,-5,-24,-29,-15,-17
PCM,-10,1,-9,-11,-12,-19,-27,-23,-13,-14,1,13,11,13,31,28
PCM,29,35,29,18,14,11,6,4,0,-13,-19,-11,-14,-16,-9,-2
PCM,2,13,18,17,17,33,30,30,43,49,36,45,39,25,37,40
PCM,36,45,46,42,44,51,57,58,64,56,36,43,55,52,65,71
PCM,63,72,75,62,57,63,58,49,50,42,33,37,36,27,33,35
PCM,30,34,30,19,17,19,18,18,19,14,17,15,13,23,23,23
PCM,28,26,19,19,15,9,0,-6,2,9,19,24,23,7,-3,-8
PCM,-12,-11,-4,-6,-6,4,11,6,4,-1,-16,-19,-16,-25,-12,-6
PCM,-5,5,9,15,29,24,15,6,-2,-6,-5,7,-1,-7,-3,-7
PCM,-17,-10,-15,-15,-14,-15,-9,-4,-8,-3,0,-7,-11,-8,-6,-7
PCM,8,5,-4,-4,1,-3,1,6,4,-1,13,21,32,33,25,7
PCM,16,17,12,20,32,22,30,35,25,28,22,21,21,16,8,0
PCM,8,20,0,-7,-9,-7,-3,5,2,9,15,23,16,11,16,7
PCM,2,11,17,12,13,4,-10,-20,-18,-15,-6,-4,-5,-12,-13,-9
PCM,0,-1,-12,-20,-19,-9,-12,-14,-12,-8,-14,-19,-16,-12,-4,0
PCM,1,-1,-3,5,9,-12,-9,-10,-25,-27,-25,-24,-16,-11,-21,-29
PCM,-22,-23,-28,-29,-30,-39,-36,-26,-41,-45,-37,-38,-31,-23,-26,-25
PCM,-24,-34,-44,-42,-47,-47,-55,-69,-68,-56,-48,-43,-33,-21,-15,-19
PCM,-13,-18,-15,7,9,0,12,18,18,27,38,31,32,43,28,23
PCM,30,33,19,21,14,6,7,3,2,5,17,11,4,7,6,7
PCM,14,13,13,28,41,38,46,48,31,34,34,23,19,23,8,9
PCM,20,9,5,2,-6,-4,-1,-1,1,6,8,2,0,-12,-17,-6
PCM,-3,-1,5,10,7,-10,-14,-22,-29,-13,-11,-18,-25,-27,-29,-33
PCM,-33,-39,-40,-24,-21,-25,-26,-24,-32,-22,-20,-36,-41,-46,-43,-33
PCM,-29,-20,0,3,3,3,-6,-4,-6,-19,-22,-14,-20,-16,-12,-11
PCM,-3,9,13,17,14,13,19,10,8,11,-2,6,6,-6,-5,-4
PCM,-2,-2,-9,-9,-7,-9,-1,-1,-5,0,5,-6,-7,-7,-5,-9
PCM,-6,-14,-14,-10,-19,-11,-3,5,-3,-2,7,8,15,18,15,20
PCM,25,18,19,22,28,38,48,34,34,36,33,25,9,10,12,18
PCM,32,28,26,26,26,17,16,16,14,7,17,8,18,43,45,38
PCM,39,36,25,17,19,16,13,6,0,11,15,18,14,16,15,14
PCM,27,38,28,23,43,14,23,25,14,30,19,9,0,2,8,2
PCM,-2,-12,-18,-16,-7,-11,-13,-11,0,4,-6,-15,-30,-23,-31,-39
PCM,-32,-13,-19,-24,-27,-25,-22,-26,-32,-16,-3,-22,-32,-28,-18,-16
PCM,-3,-3,-14,-14,-26,-30,-17,-15,4,14,18,14,3,9,18,9
PCM,23,17,3,8,4,8,29,29,22,20,13,2,2,14,15,25
PCM,12,-2,-15,-13,-14,-4,3,12,19,5,1,11,13,29,26,36
PCM,46,38,19,20,21,17,32,22,4,-8,-10,-25,-26,-20,1,17
PCM,1,-6,5,-2,5,9,10,22,37,34,32,31,28,27,10,8
PCM,19,16,13,-5,-8,0,-6,6,10,-1,-24,-39,-18,7,13,19
PCM,33,14,-13,-13,-5,-2,6,19,20,6,-13,-12,-6,-7,-23,-37
PCM,-23,-18,-16,2,-4,12,18,-24,-30,-31,-32,-10,-21,-35,-46,-41
PCM,-12,-22,-37,-37,-39,-62,-61,-55,-45,-29,-12,-14,-12,-23,-26,-14
PCM,-15,-31,-26,-29,-43,-66,-78,-50,-34,-17,-9,-29,-36,-33,-51,-44
PCM,-16,-7,-1,7,-7,-1,2,18,51,24,19,32,37,36,36,24
PCM,1,-22,-18,0,27,37,33,39,9,-24,-35,2,41,69,73,58
PCM,45,48,35,40,49,34,24,19,-27,-37,-22,-9,-4,-18,-21,10
PCM,11,-8,-19,-23,-1,3,15,17,-12,-23,-8,-8,2,21,31,12
PCM,4,2,-10,-27,-38,-19,1,-18,-36,-37,-30,-25,-29,-45,-23,-23
PCM,-44,-45,-56,-42,-7,-18,-27,-41,-46,-36,-33,-24,9,36,43,34
PCM,31,8,-8,-19,-30,6,48,53,13,-7,-15,-57,-93,-79,-24,28
PCM,-20,-55,-64,-74,-86,-72,-65,-3,-7,8,-4,21,53,-21,-97,-56
PCM,22,92,54,9,28,-11,-16,32,59,72,29,-18,-63,-93,-18,69
PCM,53,3,-40,-33,-12,10,29,21,22,43,54,18,17,36,23,24
PCM,2,-3,58,72,50,41,2,-8,22,71,76,67,68,48,50,58
PCM,12,22,15,-3,0,-13,32,57,-13,-49,-47,-35,11,25,25,2
PCM,16,45,36,15,10,15,28,22,4,-4,26,38,9,-25,-48,-49
PCM,-47,-30,21,18,5,8,14,-5,-56,-59,-33,14,17,8,7,-19
PCM,-53,-46,-3,50,21,4,-35,-94,-94,-60,19,28,2,39,26,-45
PCM,-109,-30,61,97,84,27,-14,2,-4,12,39,-13,-3,0,-25,10
PCM,6,-24,44,-26,-64,-54,-49,23,67,98,147,122,98,87,68,40
PCM,6,29,52,27,28,39,-17,-50,-31,-47,3,45,33,55,43,17
PCM,-18,-19,72,137,72,11,-9,47,98,82,93,114,91,76,25,-7
PCM,59,78,82,79,51,87,120,50,47,83,116,103,75,74,127,147
PCM,66,-8,5,48,91,83,0,-62,-35,-1,-11,0,40,69,30,-53
PCM,-66,-27,14,14,-4,26,49,59,45,-20,-57,-70,-70,-12,52,41
PCM,-23,-49,-53,-54,-40,-14,-32,-50,-63,-56,-48,-14,60,74,29,-26
PCM,-72,-65,3,41,46,6,-36,-46,-51,-36,-8,3,5,-2,10,12
PCM,-8,-10,-9,-35,-10,14,-4,-28,-26,-17,5,-7,8,64,50,23
PCM,49,36,13,22,27,26,-27,-54,18,77,43,23,10,-37,-35,-28
PCM,13,65,62,57,54,36,-21,-49,-13,17,-28,-8,59,54,-15,-34
PCM,-23,16,32,-7,-2,10,-9,23,81,51,25,74,42,31,19,42
PCM,110,82,23,-3,-19,-24,-49,-37,47,33,-14,8,10,10,-15,-70
PCM,-13,-7,-31,2,-10,20,62,2,-16,-20,-12,8,-23,-66,-16,28
PCM,15,-7,-57,-75,-34,-40,-72,-44,18,41,-7,-32,-10,-1,21,12
PCM,-13,-2,-2,-26,-62,-55,-40,-41,-53,-54,-36,-25,-42,-72,-83,-39
PCM,-23,-8,30,30,25,25,14,33,29,26,13,15,18,24,63,100
PCM,51,8,-40,-73,-103,-91,-38,4,1,-22,-28,-50,-117,-112,-26,49
PCM,70,83,74,53,-3,-18,11,26,6,10,53,65,54,17,32,74
PCM,88,59,31,24,23,11,4,-4,16,43,35,20,8,-18,-51,-84
PCM,-111,-68,-14,-14,-34,-34,5,12,-2,10,41,45,28,10,40,65
PCM,76,84,62,67,64,33,-4,-11,16,11,17,28,-3,-10,-26,-49
PCM,-60,-74,-47,-14,-20,-47,-45,-17,-25,-46,-38,-1,-11,-46,-43,-38
PCM,-52,-62,-65,-44,-42,-35,-37,-35,-12,-21,-3,42,38,-17,-43,-46
PCM,-24,4,-4,7,22,-17,-48,-48,-35,5,15,22,21,15,14,35
PCM,44,28,16,18,49,53,47,35,41,34,6,-1,32,53,48,38
PCM,26,10,-4,13,19,31,25,25,50,69,63,61,28,1,14,38
PCM,75,50,2,-24,-48,-59,-45,-25,9,-2,-49,-51,-57,-21,7,-6
PCM,8,2,-27,-13,4,20,53,50,-5,-39,-18,-19,15,39,40,51
PCM,44,29,-10,-44,-41,-42,-36,-22,-26,-3,0,-48,-69,-21,30,5
PCM,2,6,-6,29,48,65,83,66,47,1,-19,9,37,82,62,19
PCM,-19,-38,-56,-61,-40,-39,-66,-89,-85,-64,-71,-71,-58,-28,-12,-7
PCM,-11,-17,-22,-28,-5,-8,26,35,6,-1,3,6,5,3,8,0
PCM,-3,-9,-7,-14,-23,-29,-40,-29,-27,-42,-21,-12,-6,17,-12,-44
PCM,-50,-55,-54,-33,-12,-13,18,18,-15,-31,-32,-16,-2,20,36,43
PCM,50,48,36,19,10,4,-1,-1,12,41,46,25,9,2,-15,-13
PCM,-9,-4,-9,-6,-13,-24,-36,-21,7,-2,-17,-12,-23,-10,8,13
PCM,20,11,-16,-17,-12,-5,3,-27,-23,10,3,-6,10,2,-19,-14
PCM,-11,-19,-3,8,-10,-29,-21,-21,-22,5,11,-6,4,-4,-32,-36
PCM,-24,-5,6,-7,6,23,4,-8,-18,-15,-3,4,0,5,7,-10
PCM,-10,-33,-44,-37,-59,-44,-26,-22,-12,-14,-18,-42,-36,-28,-29,-4
PCM,6,14,30,47,40,24,6,-12,-2,20,19,25,15,0,1,-6
PCM,10,9,-6,-11,-47,-49,-19,-3,-12,-14,-13,-32,-41,-38,-41,-24
PCM,-20,-31,-1,3,-14,-26,-23,-25,-34,-47,-62,-59,-35,-22,-24,-19
PCM,-14,-19,-31,-33,-40,-27,-10,-9,-3,4,9,5,3,23,32,28
PCM,38,27,43,59,50,40,12,18,21,16,28,35,39,31,16,17
PCM,18,4,-4,-7,-11,-24,-30,-31,-11,10,-5,-5,-2,-19,-27,-46
PCM,-36,-15,-5,24,19,2,0,-11,-6,-2,6,26,27,10,0,-9
PCM,-19,-36,-42,-35,-45,-55,-49,-55,-47,-51,-67,-74,-95,-88,-50,-48
PCM,-36,-25,-38,-28,-17,-19,-15,-16,-21,-29,-46,-38,-13,-1,-20,-39
PCM,-34,-36,-28,-4,-4,4,1,-23,-29,-16,-1,-3,-9,-18,-20,-16
PCM,-12,-14,-18,-23,-20,-10,2,-3,-17,-18,-32,-27,-31,-8,18,27
PCM,41,20,1,5,-24,-30,-29,-39,-28,-16,-7,-3,-1,-2,9,4
PCM,-16,-14,-16,-12,-9,-4,8,15,19,11,0,-7,-7,12,21,12
PCM,2,-10,-29,-36,-33,-11,11,3,-2,-9,-22,-24,-11,2,20,31
PCM,18,10,2,-17,-27,-21,-12,-5,5,11,11,-4,-17,-15,-20,-29
PCM,-33,-24,-20,-18,3,12,6,-6,-11,11,4,6,16,39,43,16
PCM,-3,-13,-21,-31,-41,-34,-29,-30,-22,-30,-35,-17,-25,-15,2,14
PCM,7,1,3,3,2,19,5,-15,-5,-7,-14,-4,7,-6,-11,-14
PCM,0,11,20,30,35,54,61,56,45,42,34,24,22,27,31,41
PCM,53,55,40,28,15,1,0,12,18,32,35,33,37,23,16,24
PCM,28,39,34,29,39,52,50,29,12,2,-13,-10,0,3,31,49
PCM,34,42,42,31,30,29,41,49,55,66,75,74,62,39,33,27
PCM,13,11,13,13,7,-11,5,13,2,2,6,10,14,27,43,51
PCM,43,24,16,18,12,9,7,-4,-19,-24,-23,-25,-24,-23,-17,-4
PCM,9,-2,-8,-3,-4,-2,-2,0,1,-1,-4,-14,-13,-14,-13,-18
PCM,-9,2,-10,-13,-6,-11,-17,-11,-32,-50,-45,-35,-24,-11,-15,-11
PCM,-3,-8,-10,-11,-15,-19,-11,-2,4,7,-1,-7,-33,-48,-47,-31
PCM,-12,-8,5,13,9,10,27,31,45,37,32,39,45,51,47,34
PCM,18,12,12,18,23,40,53,28,12,29,37,32,18,5,10,31
PCM,34,32,46,38,24,11,11,19,38,45,41,35,40,44,48,43
PCM,43,26,11,36,52,73,81,57,51,48,21,26,15,6,6,-10
PCM,-5,5,9,10,2,-8,-8,-15,-21,-6,1,0,-5,-18,-36,-42
PCM,-35,-32,-44,-35,-29,-43,-48,-46,-57,-58,-58,-58,-45,-28,-28,-33
PCM,-25,-29,-19,-10,-8,-16,-7,6,2,9,8,11,11,2,3,8
PCM,0,3,7,0,-6,-11,-9,-3,3,8,1,-12,-8,2,9,15
PCM,22,22,20,29,31,25,20,20,25,24,22,23,30,45,49,46
PCM,36,29,23,12,-3,-3,3,7,20,31,28,15,5,17,35,30
PCM,-2,0,13,16,22,30,45,62,54,32,27,40,51,51,54,58
PCM,45,23,4,-9,-24,-14,-1,3,8,0,0,-4,-11,-24,-24,-8
PCM,-7,-33,-21,8,11,9,5,-3,7,7,-9,-15,-17,-26,-20,-6
PCM,-18,-11,8,5,-14,-32,-30,-20,-7,-12,-19,-1,5,-1,-11,-15
PCM,-24,-28,-27,-21,-11,8,0,-14,-41,-55,-44,-38,-41,-42,-45,-43
PCM,-36,-21,-12,-3,-12,-36,-50,-36,-34,-19,1,-7,-10,-1,-10,-25
PCM,-13,-6,-11,-14,3,17,21,14,-9,-11,8,9,-4,15,24,17
PCM,20,15,6,15,24,27,35,34,46,43,48,77,85,73,59,35
PCM,23,14,1,11,31,43,52,56,60,42,19,5,-6,7,29,27
PCM,15,17,7,-7,-2,-3,-11,-4,-5,-6,-4,10,4,-6,9,22
PCM,13,14,12,-2,13,25,17,27,34,6,-10,-18,-26,-33,-41,-66
PCM,-60,-44,-36,-37,-46,-50,-44,-52,-50,-38,-22,-9,0,-8,-22,-11
PCM,-11,-15,-14,-13,-5,18,29,16,5,-13,-10,-20,-15,2,17,17
PCM,11,1,14,22,12,19,-7,-35,-10,3,1,11,10,-3,-16,-44
PCM,-39,9,30,22,17,7,-1,18,31,27,32,35,35,25,8,-1
PCM,5,21,-2,-15,2,10,11,12,14,21,28,42,41,44,39,8
PCM,18,36,14,-2,-9,-1,13,13,6,4,13,1,-16,-21,-24,-17
PCM,-2,4,-8,7,7,-11,-8,16,10,6,13,20,32,41,51,29
PCM,19,4,-20,-26,-33,-39,-8,17,21,21,-6,-21,-18,-24,-20,-6
PCM,-11,-7,-14,-23,-10,-20,-28,-15,-11,1,-6,-20,-20,-41,-54,-51
PCM,-78,-84,-69,-83,-80,-47,-43,-51,-34,-18,-31,-45,-37,-44,-61,-69
PCM,-77,-67,-52,-63,-57,-31,-22,-17,-24,-10,12,3,-5,1,2,14
PCM,3,-7,8,-2,-34,-37,-38,-41,-34,-31,-28,-15,1,-3,-5,-2
PCM,1,-5,7,16,31,57,58,32,25,45,52,49,40,48,44,25
PCM,18,-8,-16,-2,-16,-47,-55,-43,-34,-22,2,12,19,10,-3,0
PCM,12,18,29,40,12,-7,21,30,20,13,4,-1,18,17,14,18
PCM,12,4,-11,-25,-13,2,9,1,-18,-30,-9,4,3,-20,-33,-22
PCM,-19,-22,-20,-22,-5,4,0,14,8,-20,-1,-16,-41,-20,-1,-10
PCM,5,-2,1,-11,-34,-28,-23,-18,3,8,-10,1,-12,-22,-36,-36
PCM,-32,-31,-44,-38,-29,-25,-10,-15,-22,-28,-31,-26,-30,-27,-3,9
PCM,9,5,-1,-3,10,4,-13,4,40,38,37,18,12,34,32,17
PCM,16,22,30,-2,-16,-14,-12,5,22,2,-6,10,2,-6,-13,-39
PCM,-27,0,-6,-17,0,22,29,1,-15,-9,22,52,39,40,57,43
PCM,33,24,19,23,28,29,35,39,50,54,44,39,39,28,26,19
PCM,14,11,0,10,19,10,-9,6,29,38,42,49,43,53,36,2
PCM,-12,-22,-26,-11,3,20,30,17,16,3,-11,0,-1,6,32,35
PCM,21,14,1,-16,-20,-17,-34,-21,9,-4,-4,11,6,-10,-12,-24
PCM,-26,-17,-23,-30,-15,-10,-23,-14,-17,-32,-22,-14,-29,-31,-26,-36
PCM,-29,-21,-24,-28,-19,-3,-8,-19,-14,-10,-8,-7,-21,-22,-17,-29
PCM,-31,-8,17,26,13,-3,1,27,40,41,35,45,32,15,6,12
PCM,17,32,29,11,7,0,3,-4,-23,-6,6,-18,-10,-28,-39,-27
PCM,-42,-58,-42,-16,-2,-21,-39,-34,-13,-8,-13,-21,-8,-8,-23,-26
PCM,-19,4,-1,-13,-15,-23,-23,-13,-24,-29,-5,2,-3,21,24,11
PCM,1,3,9,11,22,8,-12,-15,-14,-15,-14,1,10,-2,0,4
PCM,-8,-8,4,10,18,11,13,18,2,-6,-4,6,4,-10,-12,6
PCM,-1,-26,-29,-28,-36,-42,-37,-37,-41,-39,-33,-44,-46,-37,-42,-52
PCM,-49,-61,-66,-62,-65,-60,-39,-36,-32,-32,-29,-40,-40,-40,-52,-46
PCM,-38,-44,-54,-57,-63,-65,-54,-39,-42,-18,-4,-6,-11,-8,-9,-9
PCM,-6,-26,-35,-21,-25,-33,-27,-15,-11,5,15,26,37,33,18,13
PCM,15,21,18,20,9,8,15,16,16,17,28,40,42,27,6,-5
PCM,-6,12,4,4,9,9,17,19,31,25,7,6,0,-1,10,-1
PCM,-3,10,11,5,3,0,-4,-7,-2,-12,-11,-11,-13,-10,-8,-17
PCM,-11,-5,-7,-31,-29,-23,-31,-39,-31,-35,-26,-7,-26,-18,12,4
PCM,5,15,-9,-24,-16,-10,-10,-11,0,9,2,-3,-6,-21,-17,-9
PCM,-22,-37,-33,-27,-42,-32,-11,-10,2,12,13,15,-1,7,21,14
PCM,6,-1,-11,-33,-44,-30,-33,-34,-33,-39,-34,-25,-29,-17,17,18
PCM,7,-1,-3,7,19,12,7,20,31,29,23,31,43,32,25,31
PCM,31,41,52,44,36,33,27,30,30,29,32,35,36,32,38,42
PCM,30,18,2,0,16,25,15,9,15,0,-10,-2,10,9,-1,5
PCM,17,18,29,23,20,26,27,26,28,38,27,19,26,10,4,17
PCM,15,21,24,13,14,12,13,27,31,42,40,40,52,53,35,32
PCM,30,14,11,25,24,20,-2,-8,-8,-5,-4,-15,-15,-20,-33,-32
PCM,-27,-28,-33,-24,-24,-23,0,6,-7,-14,-16,-14,-12,-13,-4,0
PCM,11,12,4,3,11,7,7,1,-11,-17,-9,-2,-7,-8,-14,-13
PCM,-18,-23,-41,-40,-20,-18,-21,-22,-27,-28,-24,-38,-43,-38,-41,-47
PCM,-45,-34,-38,-41,-34,-34,-20,-8,-8,-4,14,17,21,26,32,31
PCM,39,38,37,53,68,66,57,45,36,34,31,33,27,18,18,7
PCM,19,37,22,8,18,13,5,8,-2,-10,-6,-5,-4,4,12,14
PCM,7,14,17,10,13,17,10,17,21,3,-5,0,-7,-7,-20,-34
PCM,-37,-29,-34,-43,-43,-50,-54,-56,-56,-47,-31,-36,-40,-36,-25,-31
PCM,-30,-38,-41,-34,-40,-39,-29,-30,-38,-50,-51,-47,-55,-50,-31,-25
PCM,-36,-25,-44,-57,-46,-42,-41,-24,-22,-32,-18,-10,-29,-36,-27,-27
PCM,-40,-44,-43,-50,-49,-53,-44,-47,-47,-51,-42,-20,-16,-4,7,8
PCM,16,12,14,20,21,15,13,12,10,-7,-12,-12,-9,2,11,9
PCM,-1,-12,-19,-28,-25,-30,-29,-19,-23,-26,-27,-39,-33,-35,-33,-20
PCM,-23,-21,-19,-27,-28,-25,-25,-22,-20,-15,-12,-3,5,9,10,4
PCM,2,4,6,0,1,4,1,-4,-24,-44,-45,-53,-63,-60,-65,-65
PCM,-62,-65,-65,-49,-50,-57,-52,-50,-46,-34,-29,-43,-45,-46,-51,-45
PCM,-36,-32,-30,-25,-31,-45,-46,-53,-54,-34,-19,-27,-25,-16,-34,-36
PCM,-21,-22,-27,-31,-37,-50,-43,-37,-47,-41,-28,-30,-30,-23,-27,-20
PCM,-13,-19,-30,-18,-14,-12,-2,4,0,-3,-14,-22,-23,-18,-22,-32
PCM,-20,-19,-34,-31,-27,-35,-38,-31,-37,-31,-22,-27,-32,-17,-19,-30
PCM,-16,0,1,3,12,14,15,18,10,-3,-6,-12,-20,-6,0,13
PCM,13,4,12,12,14,32,30,15,7,4,0,-4,-14,-10,-4,-12
PCM,-19,-14,-2,10,8,11,16,16,14,12,7,13,12,1,3,6
PCM,14,23,29,38,39,40,36,22,8,2,8,6,6,12,9,3
PCM,4,4,-3,-2,11,10,5,5,6,11,9,-3,-4,-3,0,3
PCM,7,9,1,-11,-15,-29,-32,-29,-32,-36,-38,-30,-24,-28,-23,-16
PCM,-4,9,-2,-1,2,-7,-18,-26,-35,-28,-31,-44,-35,-30,-34,-21
PCM,-19,-36,-22,-10,-4,8,20,9,8,17,12,6,20,16,5,28
PCM,33,26,26,29,15,14,11,-5,0,22,17,5,13,9,2,5
PCM,-3,0,11,9,2,-7,-1,8,13,19,18,26,28,12,-1,-9
PCM,-5,-5,-10,-11,2,8,15,26,25,33,38,35,34,36,39,45
PCM,48,36,16,10,12,11,16,17,14,17,7,-13,-11,-4,-18,-6
PCM,13,6,-5,-2,-5,-11,-21,-24,-30,-19,-2,2,0,7,0,-12
PCM,-13,-31,-31,-23,-29,-21,-3,-8,-19,-11,-24,-32,-15,-11,-22,-26
PCM,-30,-43,-39,-28,-37,-40,-29,-22,-20,-15,-7,-6,-13,-19,-22,-19
PCM,-7,1,-2,-12,-14,-19,-42,-44,-41,-44,-42,-45,-59,-51,-42,-48
PCM,-50,-43,-39,-36,-25,-34,-40,-28,-32,-34,-24,-27,-20,5,7,18
PCM,43,40,29,27,22,12,19,26,20,24,32,15,8,16,12,7
PCM,5,8,7,11,12,1,2,-9,-16,-10,-8,-16,-22,-27,-44,-43
PCM,-29,-27,-14,2,2,-3,0,-4,-21,-34,-35,-33,-23,-5,-2,-2
PCM,-5,-11,-4,5,-1,0,15,16,2,-4,-18,-17,-23,-36,-35,-31
PCM,-27,-15,-5,-4,-16,-26,-41,-58,-56,-55,-43,-37,-42,-44,-44,-42
PCM,-52,-55,-38,-37,-40,-31,-28,-28,-23,-33,-38,-27,-19,-24,-20,-11
PCM,-30,-36,-36,-28,-27,-22,-18,-18,-17,-19,-34,-49,-54,-53,-47,-34
PCM,-20,-11,-8,-19,-40,-52,-58,-64,-58,-50,-52,-49,-38,-51,-61,-60
PCM,-64,-60,-50,-45,-41,-31,-28,-37,-26,-25,-40,-24,-7,-10,-5,-4
PCM,-14,-12,-8,-11,-12,9,19,16,34,30,14,24,21,0,6,4
PCM,-5,-4,0,-6,-9,-6,-14,-10,3,-5,-13,-11,-22,-36,-40,-45
PCM,-48,-43,-33,-18,-11,-2,-8,-17,-15,-10,-23,-16,6,19,16,23
PCM,22,-1,6,8,-3,-1,10,5,6,9,4,-2,4,6,6,15
PCM,21,18,12,3,-18,-22,-21,-20,-23,-21,-23,-17,-22,-30,-36,-44
PCM,-36,-33,-28,-14,-12,-4,3,-6,1,4,5,7,17,24,26,23
PCM,19,19,16,13,11,28,33,35,37,32,13,4,8,12,18,20
PCM,14,20,35,16,1,9,8,-3,2,15,20,26,26,27,27,27
PCM,29,34,50,55,50,55,53,51,54,50,40,41,37,34,36,45
PCM,35,26,21,22,26,31,27,31,41,31,32,31,19,11,14,18
PCM,26,38,43,40,38,25,13,11,15,12,6,4,-8,-14,-13,-16
PCM,-12,13,26,34,34,24,17,21,10,1,8,19,14,12,17,11
PCM,-4,-10,-23,-28,-19,-18,-22,-24,-24,-29,-25,-16,-23,-15,-10,-8
PCM,0,6,10,9,10,4,5,16,14,6,2,-1,-23,-33,-31,-37
PCM,-35,-23,-30,-32,-19,-22,-25,-16,-17,-21,-11,-8,-6,1,18,8
PCM,12,25,25,25,33,36,35,41,29,20,27,29,23,23,27,31
PCM,43,40,23,12,14,1,-7,7,27,26,31,39,25,19,36,28
PCM,31,44,42,42,42,39,31,33,40,30,27,49,66,66,60,47
PCM,28,27,29,27,30,34,33,28,33,26,6,-8,-8,-6,8,20
PCM,26,27,22,2,-19,-19,-24,-19,-22,-35,-26,-19,-19,-18,-19,-30
PCM,-31,-14,4,21,37,43,36,28,17,7,12,16,14,15,23,32
PCM,24,14,-4,-9,-9,-10,-6,4,18,14,0,-15,-26,-22,-31,-33
PCM,-35,-21,-22,-22,-17,-30,-42,-44,-51,-46,-36,-32,-28,-25,-26,-21
PCM,-17,-14,-8,-12,-7,1,-2,-4,-9,-14,-18,-29,-24,-13,-8,1
PCM,10,0,-1,6,-7,-8,11,13,12,24,27,25,24,23,21,23
PCM,26,38,42,51,51,36,36,19,-3,4,2,-5,9,7,0,-3
PCM,-7,-27,-37,-36,-26,-19,-6,1,-3,6,9,-13,-22,-30,-25,-17
PCM,-5,15,15,8,-5,-14,-31,-41,-42,-30,-23,-21,-17,-10,-13,-26
PCM,-29,-44,-55,-50,-57,-53,-33,-38,-47,-54,-57,-53,-44,-37,-18,-13
PCM,-6,-3,-10,-7,-12,-25,-34,-39,-37,-29,-21,-17,-6,1,-8,-13
PCM,-13,-15,-8,8,16,19,23,7,-12,-6,-13,-18,-15,-10,-5,-2
PCM,7,10,0,-8,-20,-19,-8,-6,-4,-4,-6,-5,-18,-36,-43,-54
PCM,-51,-29,-16,-3,7,3,9,14,12,7,14,27,34,36,35,29
PCM,23,16,-2,-7,-6,-8,-12,-12,-5,-8,-11,-18,-29,-35,-22,-20
PCM,-16,-10,-2,-1,4,4,-14,-7,-1,2,13,10,8,16,2,-16
PCM,-24,-21,-11,-10,-14,-20,-24,-29,-40,-52,-47,-51,-47,-43,-41,-30
PCM,-17,-25,-37,-31,-30,-38,-28,-23,-27,-18,-13,-10,7,5,-12,-18
PCM,-13,-3,-2,2,4,-21,-37,-42,-43,-42,-54,-52,-51,-55,-56,-49
PCM,-63,-60,-50,-56,-51,-37,-29,-18,-13,-19,-30,-37,-31,-28,-23,-16
PCM,-13,-18,-4,-15,-10,-9,-22,-21,-8,-15,-13,8,16,12,19,24
PCM,20,12,6,-2,-15,2,-3,-10,-3,-4,-23,-15,-4,-10,-11,-12
PCM,-13,-9,-13,-16,-7,7,1,-8,-13,-1,10,22,23,15,6,6
PCM,4,5,2,-11,-14,-14,-6,-8,-12,-11,-6,-14,-11,-21,-29,-25
PCM,-28,-29,-25,-9,-15,-21,-7,-7,-17,-22,-29,-31,-21,-16,-26,-29
PCM,-28,-32,-25,-26,-32,-27,-17,-17,-25,-24,-21,-28,-31,-32,-38,-40
PCM,-20,-4,5,4,-10,-29,-25,-27,-45,-47,-31,-25,-19,-3,-5,-9
PCM,-6,-13,-27,-23,-6,-5,-15,-16,-23,-39,-25,-21,-35,-25,-14,-15
PCM,-1,8,-5,1,4,-6,-8,-5,-13,-21,-13,-12,-25,-30,-32,-43
PCM,-44,-48,-53,-50,-48,-49,-50,-45,-36,-32,-28,-20,-24,-16,-4,-5
PCM,-9,7,15,11,11,10,26,34,27,22,18,14,13,18,17,12
PCM,8,0,3,16,11,13,20,30,31,33,32,21,20,25,27,28
PCM,34,30,26,24,13,16,18,17,12,1,-5,-1,-3,1,-5,-27
PCM,-39,-42,-49,-54,-46,-53,-54,-48,-51,-53,-41,-38,-41,-43,-37,-21
PCM,-15,-15,-6,-10,-8,-6,-12,-14,-16,-15,-24,-24,-29,-27,-24,-32
PCM,-40,-37,-37,-40,-27,-14,-13,-23,-24,-16,-15,-18,-13,-18,-19,-2
PCM,-4,-7,10,17,3,5,6,4,8,-7,-23,-12,-3,-6,0,3
PCM,14,29,35,37,42,47,56,63,62,55,54,57,58,50,47,50
PCM,38,35,34,23,28,29,23,2,1,6,-6,-8,0,1,13,20
PCM,19,13,29,27,21,18,15,4,6,15,15,17,8,2,-3,0
PCM,6,-1,6,25,30,27,24,11,15,24,11,5,9,21,28,36
PCM,32,25,23,21,15,22,29,25,32,37,22,18,31,29,17,25
PCM,29,32,45,45,35,32,33,25,22,26,17,11,8,14,16,15
PCM,18,14,8,8,0,-1,6,19,15,16,11,0,4,6,-5,-6
PCM,9,8,5,16,9,-3,1,-7,-6,8,10,7,3,-1,-5,2
PCM,1,-4,-3,-7,-3,-5,-2,-9,-19,-17,-17,-17,-10,-9,-11,-3
PCM,-7,-17,-11,0,9,14,22,27,35,42,35,26,35,33,28,37
PCM,34,37,46,44,28,22,18,13,23,23,17,19,25,16,4,-5
PCM,-11,-11,-10,-8,-5,9,15,22,15,8,-1,-9,-22,-25,-16,-9
PCM,-7,0,13,13,11,11,-3,1,7,-3,0,9,-3,-10,-2,-16
PCM,-25,-12,-16,-16,-8,-15,-19,-16,-15,-18,-9,-6,-5,2,17,37
PCM,35,30,36,31,20,17,11,3,10,9,2,5,0,-4,-3,-13
PCM,-12,-8,-13,-9,-6,-9,-16,-6,-3,-5,-3,7,-2,-9,2,-4
PCM,-14,-8,-14,-19,-12,-18,-27,-19,-17,-38,-39,-31,-21,-8,-5,-1
PCM,5,13,8,-4,0,-4,-11,-4,-1,-10,-1,8,-4,-4,0,-12
PCM,-6,11,8,12,20,12,6,14,6,0,15,26,24,37,52,58
PCM,51,52,49,47,41,49,52,51,59,48,30,31,21,7,16,21
PCM,28,38,36,36,27,24,16,13,9,9,8,13,15,15,16,6
PCM,-2,0,-3,4,17,31,46,47,42,30,34,39,28,20,9,6
PCM,19,21,15,15,10,1,-9,-18,-18,-10,-8,-12,-14,-21,-22,-17
PCM,-25,-29,-20,-11,-20,-20,-16,-14,-22,-32,-44,-42,-32,-28,-23,-19
PCM,-15,3,16,18,23,30,35,41,47,47,45,45,36,23,25,27
PCM,31,31,28,22,24,22,13,15,17,17,17,19,27,29,32,36
PCM,34,32,30,33,38,47,56,51,54,54,55,49,41,42,31,24
PCM,26,30,20,22,29,19,10,8,4,5,13,12,3,18,29,18
PCM,25,28,17,16,29,27,35,44,40,44,47,39,32,33,29,29
PCM,30,26,25,19,20,19,23,15,1,8,20,7,13,29,17,9
PCM,11,6,7,17,13,12,23,27,20,33,34,25,35,32,21,34
PCM,42,36,42,41,29,27,29,16,4,2,-1,-13,-7,-6,-11,-5
PCM,2,-1,6,24,27,19,20,23,12,8,8,-8,-10,1,-8,-24
PCM,-12,-12,-18,-3,-2,-16,-1,-3,-10,-2,12,3,0,14,16,19
PCM,18,17,12,13,18,21,25,23,24,25,29,29,17,21,19,17
PCM,24,37,39,32,29,21,18,21,15,4,5,10,18,13,22,21
PCM,34,43,52,41,56,54,67,61,68,40,80,-45,9,17,29,69
PCM,-36,49,29,36,45,-32,-37,70,30,15,-43,-63,9,27,8,11
PCM,-35,-38,-16,8,36,21,3,16,33,19,0,0,4,6,18,21
PCM,-13,-1,19,24,19,-8,-7,12,24,39,23,18,23,7,-3,8
PCM,-19,-24,-25,-26,-26,-25,-35,-32,-10,1,-1,-5,5,3,7,2
PCM,6,2,12,11,4,13,1,-1,9,10,-13,-17,-22,-12,-19,-9
PCM,-21,-17,-10,-25,-26,-25,-21,-32,-20,-1,16,0,-5,-12,9,21
PCM,18,16,3,9,22,26,22,5,1,-6,-25,-38,-41,-34,-28,-25
PCM,-21,-23,-25,-36,-29,-24,-26,-18,-14,-11,-7,-7,-5,-17,-26,-22
PCM,-22,-14,-5,-11,-16,-4,11,-1,-11,-11,-21,-16,-8,-20,-33,-59
PCM,-67,-42,-19,-40,-80,-56,22,39,-26,-90,-71,15,59,-17,-101,-84
PCM,-15,25,13,-49,-78,-39,-7,10,0,-33,-70,-38,0,-6,-68,-64
PCM,-1,-28,-57,-40,-18,-7,-29,-98,-69,3,23,-14,-85,-103,-11,71
PCM,30,-43,-56,22,81,-4,-73,-86,-29,27,-26,-109,-72,-50,-79,-27
PCM,-15,33,-35,-84,-29,81,75,-34,-21,81,56,15,-3,16,21,-4
PCM,-11,3,11,30,-10,-12,21,23,16,-2,-2,15,38,12,-5,-2
PCM,-10,0,12,3,-8,-3,-5,-6,-7,4,5,15,2,-5,-6,-9
PCM,9,17,9,-4,-31,-30,-17,-7,3,-20,-37,-29,-18,-24,-26,-24
PCM,-15,-28,-31,-22,-30,-25,-27,-36,-37,-40,-15,6,-5,-13,17,21
PCM,13,13,13,21,26,20,4,-6,0,2,7,13,-6,-14,15,25
PCM,9,5,-11,-16,16,18,-9,-2,8,4,-9,-21,-23,-13,-13,-1
PCM,6,16,-5,-45,-51,3,9,-28,-39,-32,23,50,13,-29,-23,-4
PCM,-10,-33,-29,-13,-11,-21,-14,10,8,-41,-62,-36,-27,-58,-81,-77
PCM,-67,-55,-58,-67,-71,-44,-32,-39,-42,-26,-14,-15,-9,-23,-8,-9
PCM,-24,17,42,31,8,-5,20,34,33,18,9,23,32,48,46,30
PCM,32,25,33,11,-9,4,3,-3,-21,-39,-10,23,20,9,2,27
PCM,44,59,54,18,-8,13,36,30,12,-10,-15,7,6,-28,-35,-34
PCM,-14,-26,-64,-49,-10,-12,-39,-39,-11,-8,-41,-43,-12,-18,-12,-15
PCM,-23,-7,-3,-8,-2,-3,3,-11,-17,4,10,27,13,-14,6,13
PCM,9,-9,-27,-9,6,-13,-15,-21,-12,16,11,-25,-25,-7,0,5
PCM,-14,-14,3,7,8,-13,-26,-22,-16,-35,-53,-31,-4,-10,-14,2
PCM,7,4,15,-26,-44,-21,-17,-20,-35,-34,-18,-11,-15,-20,-19,-12
PCM,-12,-18,-28,-44,-35,-17,-22,-52,-43,-24,-22,-19,-27,-25,-19,-23
PCM,-5,-22,-25,-11,9,29,24,12,31,41,30,32,36,27,21,19
PCM,11,4,-9,-15,-10,-2,3,-5,-7,15,5,0,-6,-6,11,8
PCM,-6,19,5,1,4,-21,-32,-32,-22,-24,-1,0,-30,-22,-37,-45
PCM,-28,-28,-29,-37,-32,-29,-33,-24,-24,-31,-44,-38,-33,-29,-34,-37
PCM,-46,-41,-46,-61,-64,-53,-65,-62,-36,-45,-60,-38,-25,-21,-18,-20
PCM,-23,-4,17,3,2,-14,-11,6,-1,-22,-20,-16,-15,-10,-21,-32
PCM,-16,-7,2,6,-3,5,-1,10,-1,-13,-2,2,11,3,-17,-24
PCM,-10,-5,-22,-30,-26,-4,-2,-14,-15,-4,1,-6,-9,-12,-21,-32
PCM,-36,-50,-51,-60,-61,-52,-55,-58,-38,-46,-56,-35,-29,-26,-14,-30
PCM,-52,-26,-2,8,-15,-10,2,2,17,16,4,8,27,28,17,24
PCM,41,32,23,1,-7,11,14,1,2,-13,-29,-16,-7,-9,-10,5
PCM,8,6,5,18,23,13,-16,-32,-21,-20,-22,-23,-21,-22,-21,-18
PCM,-26,-29,-28,-34,-33,-27,-18,-4,-5,-12,2,11,8,-5,-4,-4
PCM,1,6,-5,-9,-5,-12,-25,-27,-25,-16,-10,-22,-43,-48,-51,-52
PCM,-61,-57,-67,-64,-48,-48,-43,-16,-13,-23,-20,-19,-17,5,15,7
PCM,16,21,19,17,30,32,44,54,35,37,53,43,35,23,35,43
PCM,38,26,16,10,5,12,16,11,17,33,28,20,28,52,56,59
PCM,62,52,44,58,60,38,36,40,29,11,15,13,15,13,14,10
PCM,0,-6,-5,10,14,15,7,4,-2,9,9,12,14,13,29,28
PCM,29,26,13,24,17,3,8,15,12,18,8,-2,22,13,-11,-3
PCM,10,9,-5,-23,-29,-39,-28,-20,-25,-12,-8,-12,-13,-25,-30,-24
PCM,-23,-31,-30,-3,-3,-16,8,7,11,27,33,15,26,22,12,28
PCM,25,20,24,22,13,22,31,31,20,25,25,18,25,33,27,32
PCM,32,19,19,18,-10,-19,1,12,6,-4,-1,18,26,27,18,11
PCM,11,14,34,37,40,48,44,38,45,62,62,57,49,37,26,33
PCM,37,20,13,13,3,-10,-8,-4,-10,-19,-17,-15,-17,-12,-8,-15
PCM,-17,-4,10,7,15,17,13,10,15,17,20,25,32,35,19,12
PCM,18,21,23,21,22,20,26,39,21,9,13,5,-9,4,12,2
PCM,5,16,8,7,6,-3,-7,-9,-19,-16,-22,-33,-21,-15,-31,-33
PCM,-26,-29,-15,-17,-33,-30,-30,-28,-24,-37,-42,-28,-16,-9,-12,-15
PCM,-30,-33,-20,-12,-10,-3,-4,-12,3,24,16,10,10,5,8,11
PCM,-4,-8,15,16,8,9,9,20,40,41,34,35,42,43,35,36
PCM,28,11,7,13,9,16,10,0,-1,12,22,12,-3,-14,-4,3
PCM,-10,-2,2,5,10,18,17,11,23,12,3,9,4,-8,-4,-10
PCM,-17,-12,-13,-16,-15,-14,-18,-14,-15,-24,-25,-10,3,-6,2,11
PCM,16,13,10,-7,-23,-20,-19,-15,-9,-13,-4,11,10,6,13,27
PCM,20,18,22,14,7,15,18,18,24,33,40,41,41,35,36,39
PCM,17,7,6,-15,-22,-10,-10,-14,-4,-13,-25,-10,1,-9,-16,-13
PCM,-14,-10,-2,-4,-11,4,9,13,24,20,23,21,19,9,6,-4
PCM,-9,-1,-3,-10,-10,-9,-3,-6,5,-9,6,9,-9,-7,-15,-1
PCM,0,3,-18,-6,0,-13,-2,-17,-11,-5,-1,20,18,28,34,38
PCM,29,36,37,15,23,14,12,12,16,9,-2,8,1,-7,-6,-1
PCM,4,1,-4,-11,-14,-21,-16,-15,-10,-20,-22,-13,-23,-23,-9,-10
PCM,-26,-22,-12,-10,-1,-9,-12,-11,-2,-6,-11,-20,-25,-20,-26,-37
PCM,-24,-10,-7,-6,1,1,-6,-5,-5,-27,-31,-22,-36,-41,-25,-21
PCM,-28,-22,-30,-33,-20,-20,-7,7,1,6,25,15,-3,-6,-9,-15
PCM,-11,0,3,-6,-10,-12,-15,-11,-9,-11,-12,-20,-10,-12,-19,-23
PCM,-26,-32,-43,-40,-30,-35,-22,-12,-25,-16,-5,-10,-12,7,13,14
PCM,26,37,32,24,35,29,28,37,19,9,22,8,3,25,13,18
PCM,24,9,-5,-5,9,-3,-4,0,-14,-13,-6,2,2,8,6,-11
PCM,-4,4,-5,7,31,26,10,9,-7,-2,11,-2,-6,-6,-18,-26
PCM,-24,-29,-38,-38,-29,-26,-26,-33,-18,-13,-9,-14,-16,5,7,-15
PCM,-12,4,-3,-6,-3,-13,-22,-5,-16,-21,-8,-2,-3,-1,-7,10
PCM,3,7,16,-1,8,4,7,11,-11,2,6,-4,2,16,15,37
PCM,38,16,34,34,15,13,15,8,20,8,-9,5,7,9,7,-7
PCM,4,3,-1,-7,-5,11,7,10,4,4,2,7,8,3,-1,-22
PCM,-37,-32,-31,-34,-36,-30,-14,-4,-1,-2,-1,2,2,5,1,-11
PCM,-18,-17,-26,-29,-17,-25,-33,-14,-13,-17,-1,4,-6,2,-6,-11
PCM,3,-5,2,19,6,9,33,17,1,-2,-12,-10,10,11,8,20
PCM,23,18,18,25,12,-4,-7,-14,-19,-8,-4,-12,-16,-16,-31,-30
PCM,-22,-29,-20,-7,-17,-20,-21,-23,-29,-27,-38,-52,-35,-14,-13,-15
PCM,-14,-21,-23,-17,-28,-40,-40,-39,-26,-36,-36,-22,-26,-30,-28,-41
PCM,-44,-44,-49,-46,-45,-36,-35,-41,-32,-29,-31,-30,-27,-27,-30,-35
PCM,-29,-31,-33,-34,-34,-30,-32,-37,-37,-33,-35,-42,-40,-32,-43,-35
PCM,-39,-48,-48,-43,-39,-43,-30,-30,-23,-11,-6,-18,-16,-21,-26,-32
PCM,-31,-37,-42,-42,-56,-59,-50,-56,-62,-70,-71,-70,-73,-71,-67,-64
PCM,-62,-73,-78,-64,-57,-46,-33,-30,-29,-19,-15,-4,9,14,16,26
PCM,25,17,16,13,7,-1,-19,-32,-38,-39,-45,-41,-50,-50,-59,-76
PCM,-63,-44,-31,-33,-35,-32,-24,-27,-30,-25,-34,-29,-30,-24,-20,-22
PCM,-23,-15,-21,-21,-31,-28,-38,-46,-43,-68,-64,-45,-55,-60,-58,-73
PCM,-73,-66,-65,-61,-47,-49,-46,-29,-27,-10,-2,-1,2,-5,-15,-12
PCM,-17,-32,-40,-46,-40,-30,-34,-33,-38,-44,-43,-47,-41,-35,-37,-44
PCM,-61,-48,-35,-36,-26,-17,-17,-4,7,11,29,44,33,35,52,42
PCM,33,37,26,15,2,-5,-5,-2,-17,-23,-29,-24,-7,-12,-2,1
PCM,-9,-11,-23,-24,-18,-14,-13,-4,6,9,4,2,-5,-23,-17,-8
PCM,-10,0,-4,-17,-12,-16,-23,-27,-18,-17,-17,-7,3,8,3,1
PCM,6,3,-8,5,1,6,16,7,9,10,16,17,12,12,13,6
PCM,-2,-2,1,5,-4,-11,-16,-15,-9,-1,-9,-17,-13,-17,-34,-38
PCM,-27,-29,-26,-21,-24,-31,-14,-18,-26,-19,-15,-15,-5,12,-3,-2
PCM,-4,-18,-2,5,-15,-24,-26,-29,-36,-42,-43,-33,-20,-8,-17,-12
PCM,9,-2,-7,9,11,7,16,10,2,8,15,0,-7,-1,-8,-5
PCM,16,11,1,0,-16,-26,-17,-17,-11,-3,1,1,5,19,16,9
PCM,20,25,19,30,42,33,33,38,22,25,28,9,8,20,15,17
PCM,28,29,27,32,18,4,16,9,14,33,21,-1,-8,-9,-18,-15
PCM,-4,-6,-4,3,-4,1,17,12,11,19,21,29,34,29,13,21
PCM,23,18,22,25,20,21,22,3,-16,-19,-13,-11,0,1,-1,2
PCM,11,-4,-20,-21,-11,-11,-15,-12,-8,-14,-22,-29,-33,-29,-32,-32
PCM,-36,-38,-39,-36,-33,-33,-30,-36,-40,-31,-18,-5,5,6,12,9
PCM,-11,-1,18,14,22,31,32,25,28,27,23,18,13,5,6,23
PCM,7,-12,-10,-4,-11,-11,6,18,26,27,15,5,-1,-6,-5,8
PCM,9,19,28,20,17,13,15,23,29,19,18,35,43,33,29,37
PCM,33,26,21,5,5,18,25,6,4,2,-16,-12,-14,-16,8,17
PCM,22,21,17,24,36,47,49,42,53,61,47,45,42,30,19,28
PCM,24,14,29,19,5,-3,-15,-33,-28,-14,-8,11,23,4,2,2
PCM,-6,-2,16,21,21,36,32,24,39,38,12,12,10,-8,-17,-8
PCM,-8,-18,-8,-9,-23,-10,5,-10,-21,-24,-21,-29,-26,-19,-19,-16
PCM,-20,-38,-39,-32,-40,-28,-14,-18,-10,10,4,-2,26,28,25,34
PCM,33,20,18,16,2,5,12,8,-1,-18,-19,-4,6,15,29,27
PCM,20,25,24,5,8,17,18,26,42,52,57,64,48,39,37,38
PCM,34,37,41,35,37,38,23,19,29,32,25,17,3,0,2,5
PCM,-3,1,14,17,16,11,20,14,1,3,6,6,4,-2,0,10
PCM,21,19,20,15,15,19,12,0,2,7,-1,1,-7,-2,-1,-4
PCM,-2,-17,-22,-16,-4,-5,0,30,40,37,40,55,64,81,80,66
PCM,59,66,63,43,40,39,17,8,1,-16,-8,4,-4,1,14,-3
PCM,-15,-15,-21,-8,19,17,-7,-16,-16,-7,18,14,0,7,14,19
PCM,30,32,27,35,30,11,10,23,16,22,35,32,42,45,36,34
PCM,31,34,38,29,25,16,16,34,40,28,30,48,41,40,42,27
PCM,26,32,17,25,35,30,28,33,27,20,19,18,2,2,14,26
PCM,18,26,31,24,36,41,39,49,49,47,57,58,49,44,57,50
PCM,39,46,39,35,39,26,19,26,17,7,17,22,14,15,17,19
PCM,20,23,25,18,21,22,15,18,24,22,17,18,13,8,19,22
PCM,19,26,27,20,19,14,15,8,8,6,-2,3,13,12,11,17
PCM,9,2,-1,0,11,20,16,5,13,14,5,5,2,14,21,18
PCM,14,10,11,13,13,16,2,-14,-2,-9,-23,-22,-23,-17,5,-5
PCM,-6,-9,-20,-19,-14,-9,-8,-11,-12,-10,3,12,6,11,19,21
PCM,26,24,28,31,26,41,41,30,30,27,23,22,25,19,17,21
PCM,24,22,17,23,16,13,15,17,25,30,34,26,17,25,23,11
PCM,22,13,3,14,16,-1,-2,4,1,0,-5,-15,-19,-8,-2,-3
PCM,-1,6,1,-10,-16,-13,-8,-8,-15,-11,-10,-12,-5,-6,-6,6
PCM,14,18,22,21,18,26,34,28,13,15,30,26,24,19,6,0
PCM,-5,-19,-26,-13,-12,-16,-4,-1,-1,-8,-11,-19,-14,-1,11,20
PCM,26,25,20,23,19,9,8,18,29,25,16,21,13,13,11,2
PCM,2,1,4,5,11,7,11,21,7,-5,-4,-7,-10,-3,-5,-14
PCM,-9,-8,-10,-5,1,-11,-9,5,2,2,-1,0,5,-4,6,4
PCM,2,17,16,9,8,-1,-9,-1,-3,-6,-8,-1,-1,8,11,0
PCM,-11,-1,-1,-1,24,30,18,20,16,3,11,23,7,-6,-9,-17
PCM,-25,-16,0,-9,-15,-2,4,7,11,9,-4,-4,-3,-4,-8,2
PCM,9,4,-13,-16,-21,-34,-33,-30,-36,-42,-40,-32,-26,-33,-36,-55
PCM,-52,-28,-16,-12,6,8,4,5,17,22,18,29,27,23,23,17
PCM,8,8,-4,-19,-36,-44,-32,-28,-44,-39,-28,-29,-37,-39,-30,-29
PCM,-33,-32,-19,-17,-5,4,-15,-17,-5,-9,-16,-7,-3,-21,-22,-21
PCM,-31,-40,-28,-29,-29,-25,-18,-25,-23,-19,-15,-7,-1,0,3,-8
PCM,-20,-15,-18,-18,0,0,7,28,22,13,21,23,26,31,22,33
PCM,48,32,33,47,41,37,31,10,5,5,4,-2,4,-6,-14,-14
PCM,-12,-2,10,5,7,10,21,18,17,20,13,10,13,5,3,15
PCM,17,1,-1,8,5,-14,-20,-14,-16,-14,-15,-19,-9,-6,-12,-15
PCM,-24,-17,-16,-26,-37,-31,-43,-52,-42,-46,-49,-42,-32,-43,-54,-43
PCM,-27,-17,-21,-27,-9,11,8,13,27,31,24,18,15,13,14,-5
PCM,-16,-13,-19,-20,-22,-32,-23,-14,-22,-20,-21,-35,-33,-21,-21,-31
PCM,-15,1,1,-7,-8,3,12,29,30,19,28,29,16,1,-5,-14
PCM,-20,-27,-36,-33,-18,-38,-41,-23,-25,-27,-16,-14,-23,-21,-19,-25
PCM,-31,-19,-16,-26,-18,-10,-12,3,15,15,12,-8,-3,9,-2,-2
PCM,-5,-12,-2,-4,-16,-17,-9,-5,-19,-16,-1,-3,-9,-1,3,-13
PCM,-1,5,-18,-11,-5,-14,0,-11,-27,-35,-17,-6,-11,-3,0,-16
PCM,-17,-20,-18,-1,10,5,15,7,-8,3,6,8,1,-1,-7,-12
PCM,-25,-21,7,14,10,1,-3,-9,-10,-24,-39,-36,-33,-36,-42,-47
PCM,-53,-60,-53,-48,-49,-38,-27,-17,-15,-11,-14,-4,-3,-22,-9,-10
PCM,-9,-20,-23,-20,-30,-36,-48,-41,-31,-28,-31,-31,-23,-18,-20,-8
PCM,6,13,21,24,14,13,19,16,22,25,36,32,34,40,30,27
PCM,11,6,2,1,2,13,6,-7,-3,-6,-16,-17,-31,-46,-54,-55
PCM,-52,-54,-46,-37,-36,-40,-32,-22,-26,-42,-30,-3,-15,-20,1,4
PCM,1,6,8,-8,-2,16,12,4,10,3,0,8,-3,-19,-23,-19
PCM,-9,-17,-50,-54,-32,-45,-52,-41,-27,-34,-34,-24,-20,-9,-11,-24
PCM,-32,-27,-29,-36,-38,-40,-48,-42,-35,-32,-27,-22,-27,-19,-25,-53
PCM,-47,-28,-28,-36,-30,-23,-16,-8,-10,-13,-12,11,30,19,18,22
PCM,29,34,19,2,4,14,11,14,9,7,-1,-9,-12,-19,-43,-36
PCM,-35,-28,-16,-29,-24,-20,-29,-13,-2,-7,2,-9,4,4,-10,-12
PCM,11,29,40,37,37,41,49,52,50,42,52,70,53,43,38,31
PCM,46,57,48,35,31,35,28,31,34,40,41,36,32,27,43,42
PCM,26,25,23,24,13,17,23,21,15,26,36,36,46,40,39,59
PCM,57,50,60,63,49,36,36,38,33,34,30,18,20,29,28,23
PCM,18,24,20,21,18,14,25,33,38,32,26,38,29,21,37,26
PCM,2,1,-1,-6,3,5,-1,-10,1,15,18,13,14,14,20,36
PCM,37,36,49,56,52,52,41,43,36,25,17,21,26,24,16,-1
PCM,5,22,15,4,16,25,24,25,19,22,36,47,34,35,46,40
PCM,37,44,35,31,41,15,9,31,29,27,38,44,30,33,33,23
PCM,24,31,35,33,34,33,23,25,32,26,35,40,36,46,45,37
PCM,36,22,12,8,12,19,13,24,34,23,19,31,20,18,22,15
PCM,10,19,17,-5,-4,-1,-5,0,3,2,3,17,29,34,39,34
PCM,37,49,41,42,55,67,67,54,47,55,59,59,41,33,41,43
PCM,34,25,37,33,21,8,6,21,21,18,27,14,9,19,8,-3
PCM,0,-3,-9,3,5,-6,-1,13,21,17,19,19,34,47,36,29
PCM,35,36,32,29,27,32,37,26,20,27,29,20,30,24,24,35
PCM,31,30,32,24,36,45,39,43,48,55,47,37,33,28,25,24
PCM,25,31,25,18,22,31,34,36,34,33,34,37,43,47,38,43
PCM,58,64,62,65,68,71,71,51,37,31,25,15,20,19,11,22
PCM,35,28,20,17,9,-1,8,9,8,11,6,5,15,25,15,15
PCM,13,-1,-5,-13,-25,-26,-16,-27,-39,-21,-10,-9,-2,4,-7,-2
PCM,10,-5,-7,-1,-1,-4,7,8,1,2,-8,-15,-7,-10,-10,-16
PCM,-24,-23,-12,-13,-17,-13,-11,-4,-6,-5,-12,-4,-2,-5,-8,1
PCM,9,14,12,16,17,18,10,-1,4,11,0,-9,-6,1,-1,-6
PCM,4,11,16,15,5,8,16,21,28,30,27,21,34,40,35,28
PCM,20,9,14,16,8,3,5,8,-2,-2,10,14,13,17,18,9
PCM,20,16,10,3,9,15,13,14,15,17,23,29,27,27,23,12
PCM,19,21,27,34,26,31,32,31,22,18,24,22,18,13,20,19
PCM,13,11,9,11,3,-8,-9,-6,-4,-9,-14,-8,-13,-19,-25,-30
PCM,-20,-14,-16,-12,-6,-7,1,11,2,6,21,11,5,10,23,40
PCM,50,42,40,54,53,35,46,53,44,34,35,25,16,20,8,7
PCM,7,-3,-7,0,2,4,7,-2,-1,6,6,5,8,9,5,20
PCM,19,12,18,16,9,13,11,11,12,3,-9,2,13,-5,-6,-2
PCM,-15,-12,1,-9,2,12,-2,2,12,13,17,29,35,26,16,21
PCM,23,25,38,34,34,45,38,37,36,35,27,28,28,27,34,35
PCM,38,38,30,15,10,11,1,-1,-1,-6,-7,-2,6,10,17,14
PCM,20,32,25,17,19,21,21,12,5,7,13,15,12,3,7,11
PCM,7,14,4,-5,4,13,14,12,14,-3,-15,-20,-22,-22,-24,-33
PCM,-36,-32,-30,-29,-27,-21,-11,-8,-12,-9,0,6,-3,-9,-13,-22
PCM,-26,-19,-29,-31,-29,-38,-36,-23,-20,-31,-26,-13,-11,-18,-8,-15
PCM,-26,-23,-19,-29,-14,0,6,19,29,29,24,37,36,38,42,38
PCM,36,27,29,28,27,38,47,48,38,31,26,13,0,5,16,22
PCM,24,30,22,29,35,35,27,18,25,26,25,26,30,36,34,20
PCM,12,20,27,26,24,17,11,6,1,-3,-6,-10,-15,-20,-18,-18
PCM,-33,-30,-28,-31,-33,-30,-23,-15,-9,-4,1,1,7,-6,-11,-8
PCM,-12,-14,-18,-26,-30,-36,-28,-23,-24,-20,-17,-9,0,-5,-8,-6
PCM,-3,-4,-6,-16,-10,0,2,-2,-1,-1,4,-4,-14,-17,-17,-12
PCM,-24,-26,-24,-31,-31,-36,-40,-34,-43,-45,-39,-45,-35,-28,-28,-15
PCM,-7,-3,1,12,15,21,24,22,19,13,11,8,3,-7,-12,-19
PCM,-21,-26,-36,-41,-41,-40,-43,-51,-52,-54,-53,-57,-41,-27,-14,0
PCM,5,4,5,13,9,13,19,6,16,12,6,22,35,43,33,29
PCM,33,31,20,15,2,-7,3,7,4,9,24,32,20,22,24,9
PCM,5,6,-8,-8,-3,-15,-11,-5,-20,-18,-10,-21,-33,-40,-48,-47
PCM,-42,-51,-49,-38,-30,-29,-31,-35,-37,-31,-30,-35,-33,-24,-18,-14
PCM,-6,-1,6,7,-2,-8,-14,-12,-22,-33,-22,-18,-35,-27,-21,-22
PCM,-11,-8,-21,-23,-25,-29,-32,-27,-17,-18,-20,-18,-12,-9,-1,0
PCM,5,7,11,11,5,0,-1,7,1,-3,-8,-6,4,1,-2,5
PCM,22,22,17,20,27,35,32,21,13,12,4,-7,-10,-7,-14,-17
PCM,-22,-40,-44,-34,-38,-31,-25,-27,-23,-17,-11,-7,-9,-5,-9,-14
PCM,-12,-14,-15,-5,-11,-18,-9,1,-4,-15,-15,-28,-33,-25,-25,-11
PCM,2,-14,-14,-8,-3,-3,-9,-16,-16,-13,-11,-9,-10,-5,-15,-21
PCM,-9,-17,-11,-2,-12,-9,-2,-13,-18,-16,-22,-25,-14,-10,-7,-5
PCM,-14,-18,-14,-27,-35,-36,-37,-44,-45,-38,-38,-29,-26,-26,-29,-25
PCM,-25,-15,-8,-9,-9,-6,10,5,0,3,-1,-15,-11,-10,-19,-11
PCM,-17,-25,-13,-9,-19,-16,-10,-22,-12,1,-5,-3,-7,-8,-7,-3
PCM,-6,-8,-5,-10,-7,2,7,14,22,30,26,25,23,24,19,19
PCM,24,28,32,33,25,29,35,34,34,28,16,17,20,21,30,41
PCM,41,43,33,28,32,34,20,19,23,21,14,23,28,26,20,7
PCM,7,9,14,15,15,18,14,4,7,6,0,5,2,-3,4,-2
PCM,-4,11,13,15,17,9,9,15,-1,-11,2,12,13,17,16,15
PCM,25,28,12,10,20,14,4,0,0,7,18,17,9,11,25,23
PCM,11,11,4,0,-1,-11,-8,11,10,4,14,22,23,21,15,15
PCM,16,22,21,18,17,17,19,17,23,43,55,48,44,46,50,48
PCM,40,25,25,39,44,31,35,44,35,48,56,41,43,46,31,24
PCM,20,15,20,27,25,21,28,39,44,49,57,48,42,32,28,25
PCM,24,26,16,18,24,22,28,27,20,18,20,20,24,29,31,36
PCM,33,36,37,32,38,34,25,23,28,37,23,37,41,25,33,28
PCM,18,26,27,21,26,25,20,18,0,-7,-5,-4,-7,-9,1,1
PCM,5,9,-1,-6,7,10,2,2,9,24,37,37,40,38,40,51
PCM,58,53,60,65,56,51,48,40,31,33,39,43,47,53,50,51
PCM,51,40,29,31,26,12,12,17,11,13,14,5,9,11,11,19
PCM,27,27,28,29,20,26,33,32,30,29,25,21,18,21,17,15
PCM,24,28,20,21,25,29,26,16,10,9,24,33,29,31,31,32
PCM,38,31,24,32,37,48,46,52,62,63,74,73,55,66,61,36
PCM,24,26,24,20,17,6,-4,-3,-11,-18,-8,-6,-10,1,3,1
PCM,15,19,22,29,31,41,44,43,44,45,43,37,37,46,52,52
PCM,52,44,41,39,35,31,16,7,-7,-21,-19,-17,-5,-2,-8,-11
PCM,1,9,5,3,-2,5,15,15,10,13,11,-3,-12,-6,-5,6
PCM,7,2,-4,-2,0,-3,1,-1,1,0,-2,0,10,19,20,23
PCM,12,6,15,17,18,13,4,0,6,8,7,0,4,8,7,9
PCM,7,11,20,16,13,7,9,16,23,26,21,24,33,29,26,29
PCM,28,24,29,30,26,37,27,20,27,30,31,23,15,15,23,24
PCM,27,26,26,31,30,28,33,36,29,28,40,41,37,32,27,15
PCM,5,4,13,15,11,17,25,21,19,19,13,20,26,20,11,10
PCM,21,24,29,30,26,28,30,26,27,26,27,35,27,14,25,30
PCM,25,32,29,19,23,28,23,21,26,21,26,41,29,24,31,34
PCM,35,35,26,23,31,31,24,33,30,23,18,17,20,17,14,11
PCM,14,14,8,6,10,8,5,4,10,10,-2,1,2,-6,1,-10
PCM,-20,-4,1,-1,9,23,27,25,28,21,19,24,18,17,30,32
PCM,29,31,40,44,47,46,45,35,36,31,20,26,25,6,7,6
PCM,7,10,6,-3,4,7,6,4,5,24,31,40,42,42,47,50
PCM,44,54,55,52,50,45,50,54,47,44,42,44,41,38,35,36
PCM,36,37,39,44,41,40,36,34,40,35,23,33,36,35,31,26
PCM,24,26,30,21,13,21,22,14,4,1,-10,-15,-14,-30,-28,-28
PCM,-34,-37,-34,-40,-36,-35,-36,-38,-35,-33,-29,-23,-29,-13,3,13
PCM,24,27,23,20,25,20,12,10,8,8,4,-3,-12,-4,0,-14
PCM,-16,-13,-11,0,-5,-11,5,18,20,21,29,29,31,28,12,6
PCM,5,-13,-10,4,2,12,22,17,29,34,35,29,13,19,23,20
PCM,24,21,18,17,17,18,22,26,20,19,20,25,23,24,15,3
PCM,5,9,10,8,7,10,11,6,8,-2,11,20,12,14,31,28
PCM,25,24,21,12,13,1,-13,-8,-6,-14,-12,-11,-19,-19,-16,-11
PCM,-9,-1,-4,-7,-1,-3,-14,-9,-5,-6,8,18,13,20,29,25
PCM,20,28,17,15,26,23,16,24,25,12,18,13,-7,-20,-20,-19
PCM,-29,-40,-38,-50,-36,-23,-39,-38,-17,-28,-37,-23,-18,-31,-34,-33
PCM,-35,-28,-28,-34,-33,-19,-18,-14,-4,0,-4,-8,-5,0,5,9
PCM,5,6,14,25,35,38,24,-7,-31,-33,-33,-28,-19,-8,17,45
PCM,38,28,26,23,31,29,13,9,10,16,10,0,5,8,0,6
PCM,9,10,9,10,9,9,5,2,-6,-7,0,-5,-3,2,6,20
PCM,24,14,4,14,22,25,18,19,17,29,31,23,24,14,20,26
PCM,25,29,31,24,22,14,3,-8,-7,-4,2,0,-8,-10,-21,-41
PCM,-43,-37,-39,-37,-27,-25,-19,-16,-27,-15,-9,-12,-14,-21,-13,-9
PCM,-14,-16,-20,-10,-8,-13,-17,-17,-21,-18,-13,-13,-7,1,2,2
PCM,2,2,5,6,2,10,17,17,20,14,7,9,8,0,-5,-9
PCM,-3,1,-1,-2,-1,-6,-14,-22,-36,-41,-44,-50,-52,-47,-40,-24
PCM,-20,-16,-16,-7,-3,-17,-9,-4,-5,0,-5,-11,-6,-4,-11,-25
PCM,-28,-26,-18,-10,-2,-19,-13,-4,3,7,0,-21,-32,-34,-32,-32
PCM,-30,-23,-14,-11,-21,-32,-35,-17,-7,-6,-2,-8,-20,-17,-6,-20
PCM,-20,-8,-18,-14,-24,-38,-27,-12,-9,-2,2,9,18,23,22,25
PCM,28,34,30,12,14,19,12,8,-7,-15,-4,3,11,18,20,8
PCM,5,5,6,18,14,10,8,10,3,-12,-16,-21,-32,-38,-37,-34
PCM,-22,-19,-24,-20,-6,-6,-8,-6,-20,-18,-17,-18,-22,-19,-14,-5
PCM,2,-2,-11,-11,-10,-12,-4,-5,-10,-9,-2,5,14,15,0,-10
PCM,-8,-10,-4,7,20,21,18,16,18,15,19,17,10,6,-1,-10
PCM,11,9,-1,-1,2,-1,1,-5,-1,3,7,13,14,23,22,20
PCM,13,8,3,8,2,3,-1,4,5,6,4,6,27,31,23,30
PCM,29,28,39,28,10,0,1,-13,-10,-6,-14,-14,-6,-18,-22,-11
PCM,-11,-14,-14,-17,-14,-5,-2,-4,-6,-1,7,-2,3,3,-7,-6
PCM,-10,-11,-4,0,0,7,23,37,29,28,35,40,42,42,29,26
PCM,34,32,32,33,27,25,33,30,24,24,28,20,18,1,-3,1
PCM,-3,-16,-15,-5,3,1,7,17,7,17,21,13,21,26,5,2
PCM,12,-4,-8,-10,-27,-37,-29,-33,-38,-25,-32,-30,-11,-5,-2,6
PCM,24,21,16,19,19,20,21,24,26,38,43,29,14,19,26,15
PCM,7,19,12,11,20,1,-2,22,13,10,16,9,5,9,5,-2
PCM,4,12,11,6,2,-2,-5,-1,1,-4,4,7,-1,3,18,28
PCM,40,38,26,28,28,24,18,17,14,15,13,2,-7,1,0,-4
PCM,-4,-17,-13,-10,-10,-7,2,4,8,-1,5,2,-4,-4,-11,-21
PCM,-14,-18,-20,-10,-11,-19,-14,-21,-25,-20,-22,-23,-23,-12,-15,-12
PCM,2,8,8,19,5,5,15,14,6,29,42,48,50,46,28,37
PCM,27,19,26,27,25,27,29,30,30,24,25,17,17,10,6,0
PCM,-4,-8,0,-3,4,6,1,2,0,-2,-4,-9,3,0,-5,9
PCM,10,3,24,29,20,44,45,38,38,40,29,37,41,30,29,39
PCM,38,39,43,29,26,45,39,32,45,45,49,46,42,29,24,25
PCM,25,25,27,23,25,39,39,44,51,56,52,39,29,33,34,33
PCM,39,42,36,42,34,40,38,34,42,44,44,45,45,35,35,41
PCM,38,21,26,25,23,35,35,30,34,40,28,24,26,29,24,23
PCM,15,8,17,27,26,30,29,17,15,11,11,12,12,10,8,1
PCM,-1,-5,-4,17,20,19,19,15,11,10,5,1,9,9,4,6
PCM,6,10,11,15,29,31,36,37,35,51,52,49,70,73,65,60
PCM,48,36,30,28,13,14,26,16,11,22,24,17,22,18,19,27
PCM,33,28,23,23,5,2,15,16,13,20,19,22,27,27,26,41
PCM,41,26,23,21,16,20,17,17,21,22,16,9,16,8,6,7
PCM,14,11,16,21,24,37,44,42,38,37,33,26,34,26,6,11
PCM,20,19,27,29,22,17,27,23,18,18,15,9,13,11,6,9
PCM,1,-3,-7,1,3,3,5,14,17,14,17,15,15,18,21,14
PCM,8,15,8,5,14,13,5,15,14,7,22,23,15,16,20,26
PCM,33,35,35,25,33,39,29,34,36,29,25,25,28,33,37,41
PCM,46,50,55,51,48,53,57,44,39,43,30,26,30,31,41,50
PCM,45,48,53,57,56,54,58,47,46,53,33,44,58,47,45,54
PCM,48,50,63,59,55,72,72,64,67,63,51,49,44,29,27,24
PCM,19,19,28,21,19,30,22,15,13,15,15,18,23,21,33,28
PCM,22,25,24,14,7,10,12,9,11,16,14,14,11,14,11,9
PCM,5,2,11,21,20,18,26,27,17,33,33,21,27,27,20,29
PCM,35,22,18,15,10,14,21,8,9,14,13,10,13,6,-1,7
PCM,8,-3,-2,4,1,30,40,35,36,36,43,45,35,47,53,43
PCM,46,45,51,52,46,51,51,40,38,30,23,22,19,6,7,15
PCM,16,10,21,25,14,21,27,21,27,24,7,6,6,5,8,21
PCM,29,27,19,28,28,23,29,39,41,49,46,39,35,39,35,24
PCM,31,33,42,42,33,34,38,28,27,31,24,27,22,11,18,20
PCM,9,15,13,5,13,12,7,19,18,9,14,18,16,15,16,8
PCM,-7,2,2,-11,-11,-11,-17,-18,-17,-26,-10,7,8,1,0,-3
PCM,-10,-12,-12,1,16,16,15,11,4,0,2,-2,-1,7,2,3
PCM,0,-13,-16,-14,-9,-11,0,-3,4,20,17,21,15,1,6,6
PCM,7,13,12,8,9,0,-7,-3,6,2,4,20,16,14,20,9
PCM,5,19,16,24,37,35,33,51,55,51,54,42,36,29,36,29
PCM,28,38,32,28,24,28,27,39,38,36,31,17,4,-4,-9,-14
PCM,-13,-9,-9,-16,-20,-26,-37,-33,-46,-53,-37,-29,-29,-20,-4,5
PCM,13,16,9,9,22,19,14,23,24,13,19,21,9,2,0,-11
PCM,-10,-11,-19,-16,-14,-19,-26,-28,-20,-17,-15,-10,-4,-8,-13,-11
PCM,-15,-14,-14,-12,-12,-16,-25,-24,-18,-21,-19,-19,-24,-24,-21,-30
PCM,-33,-28,-26,-25,-17,-5,-1,0,-1,-13,-11,-3,-5,0,0,-7
PCM,-11,-18,-27,-30,-25,-19,-24,-30,-22,-19,-14,-21,-22,-6,4,11
PCM,14,20,21,18,26,31,22,32,40,25,34,42,25,36,43,26
PCM,23,30,19,24,30,18,14,15,10,11,2,-2,-13,-16,-15,-23
PCM,-31,-31,-27,-24,-10,-3,11,29,28,24,28,20,23,34,32,32
PCM,39,43,37,25,21,9,19,20,8,8,10,2,-9,-14,-32,-46
PCM,-43,-45,-36,-37,-31,-30,-29,-23,-27,-20,-1,-2,-1,10,16,5
PCM,2,0,-5,5,0,-4,1,3,-11,-17,-12,-8,-9,-9,-11,-20
PCM,-14,-20,-31,-25,-25,-42,-46,-36,-45,-53,-50,-57,-52,-37,-31,-39
PCM,-34,-25,-33,-24,-18,-31,-26,-19,-34,-39,-21,-25,-31,-19,-31,-52
PCM,-43,-64,-77,-59,-49,-56,-47,-25,-32,-32,-21,-27,-36,-17,-9,-10
PCM,2,16,9,14,16,16,18,27,21,0,-6,3,-9,-12,-7,-9
PCM,-5,1,-4,-7,-1,11,24,15,13,5,-5,-5,-4,-18,-11,-5
PCM,-6,8,7,-4,-5,-18,-28,-27,-31,-22,-17,-18,-21,-21,-18,-23
PCM,-21,-18,-23,-14,-12,-21,-15,-11,-24,-29,-31,-37,-30,-19,-17,-15
PCM,-18,-23,-22,-10,0,-10,-6,-5,-9,-10,-15,-19,-17,-17,-16,-18
PCM,-18,-11,-23,-19,-23,-43,-40,-34,-33,-27,-29,-35,-34,-26,-30,-23
PCM,-5,-1,6,22,19,13,11,10,0,-4,-6,-11,-9,-7,-19,-21
PCM,-12,-16,-8,10,20,19,14,-5,-13,-2,3,-6,-1,-8,-17,-3
PCM,4,-8,-3,1,-9,-8,4,0,11,20,7,5,9,10,4,-1
PCM,-5,-15,-18,-31,-36,-33,-29,-30,-23,-21,-23,-21,-21,-14,-4,6
PCM,11,8,6,4,2,12,14,4,8,8,-4,-13,-12,-12,-8,-7
PCM,-12,-16,-16,-20,-30,-39,-26,-15,-8,7,4,-4,6,12,-2,1
PCM,2,-1,3,2,-11,-10,-6,-8,-22,-13,-20,-38,-33,-37,-51,-44
PCM,-38,-48,-43,-39,-48,-50,-41,-40,-40,-25,-29,-30,-27,-40,-50,-47
PCM,-43,-40,-36,-29,-30,-25,-22,-16,-10,-9,-6,-11,-13,-9,-14,-29
PCM,-28,-31,-30,-22,-25,-30,-23,-34,-45,-55,-46,-41,-41,-42,-43,-42
PCM,-41,-31,-30,-25,-15,-6,-9,-3,2,2,7,10,0,7,17,21
PCM,24,18,16,18,13,18,24,30,22,16,18,18,25,23,18,20
PCM,13,25,44,47,50,53,48,45,42,47,47,36,35,27,19,28
PCM,28,27,28,24,34,41,41,47,27,18,1,-11,-3,1,11,27
PCM,26,11,7,6,4,9,18,24,38,47,49,46,33,37,33,23
PCM,40,36,16,17,10,-16,-29,-23,-14,-22,-37,-24,-19,-26,-10,-10
PCM,-21,-13,-5,7,13,5,11,19,-12,-22,-14,7,23,19,16,18
PCM,9,-12,-9,-5,7,41,27,9,13,18,40,59,52,40,40,34
PCM,19,17,32,29,29,29,28,26,32,24,25,43,43,39,39,36
PCM,35,18,5,19,24,21,24,16,8,20,14,9,10,17,21,21
PCM,3,-16,-11,8,12,22,41,36,38,57,42,16,28,36,43,50
PCM,46,46,52,44,21,33,48,39,17,24,23,5,13,12,1,4
PCM,3,-9,0,2,1,6,7,-3,-7,16,27,20,31,30,2,4
PCM,12,11,22,25,1,3,24,43,38,33,19,-2,17,29,30,52
PCM,50,39,16,-8,12,45,68,52,25,13,8,2,-1,4,17,22
PCM,0,-27,-19,5,17,19,15,0,-14,-41,-38,-24,-10,22,34,21
PCM,30,30,23,25,16,37,61,39,38,54,37,42,56,74,93,88
PCM,32,20,37,19,18,44,41,19,7,18,25,25,59,41,6,21
PCM,18,6,-16,-20,19,71,84,49,34,45,64,50,28,47,85,94
PCM,48,-3,5,7,-6,24,51,58,41,4,-23,-21,11,43,42,23
PCM,-7,-24,-31,-30,-13,25,51,31,11,-13,-52,-30,0,-5,40,57
PCM,36,29,2,-14,3,11,13,22,17,3,-26,-48,-42,-42,-47,-56
PCM,-50,-29,-29,-39,-32,-38,-34,-7,-3,-16,1,37,48,59,34,20
PCM,44,67,60,39,35,46,34,9,15,18,14,3,-24,-37,1,30
PCM,49,56,36,17,-2,-17,-12,41,81,68,46,56,75,63,38,36
PCM,45,44,45,33,21,34,27,6,6,7,9,17,-1,-15,6,40
PCM,52,45,46,44,38,23,7,22,60,51,15,10,15,25,39,22
PCM,11,12,20,27,25,26,23,7,12,25,24,59,71,29,-1,4
PCM,18,16,11,17,30,28,42,49,37,48,55,34,27,0,-34,-14
PCM,14,-2,-20,-39,-62,-35,-15,-19,-9,8,-13,-34,-37,-50,-67,-65
PCM,-59,-43,-23,-15,-37,-55,-48,-22,11,15,-10,-13,-19,-10,-8,-27
PCM,-31,-43,-55,-55,-37,-29,-29,-31,-33,-42,-40,-26,-10,7,2,-17
PCM,-33,-17,-1,8,30,55,46,21,10,15,43,84,94,53,-9,-15
PCM,34,80,100,77,43,16,-6,-19,-16,16,56,57,25,7,-14,-25
PCM,-2,28,59,76,60,17,0,5,19,47,63,69,85,89,46,11
PCM,13,26,39,38,17,-11,-15,-5,-21,-25,-4,-11,-59,-77,-52,-34
PCM,-28,-21,-22,-19,-13,-15,-16,-9,1,18,23,14,11,21,16,6
PCM,1,15,15,0,-2,-11,-7,5,-27,-39,-13,7,8,4,7,4
PCM,9,8,-8,-10,-7,-1,8,12,-6,-4,9,-5,-21,-15,4,19
PCM,8,-14,-9,-10,-16,-12,-1,8,13,0,-9,-8,-17,-23,-3,-3
PCM,-24,-34,-20,5,8,9,3,-19,-19,-30,-34,-13,-9,-23,-26,-28
PCM,-25,-33,-25,-7,-1,-1,-4,-22,-19,-2,-1,16,37,30,32,42
PCM,19,0,17,27,38,51,48,36,32,35,32,42,73,67,28,27
PCM,36,30,19,20,40,74,62,40,48,46,46,58,50,42,29,18
PCM,2,-12,-9,-5,-5,-12,-11,-12,-10,-21,-32,-25,-31,-26,-12,-12
PCM,-13,0,-6,-27,-25,-16,-10,-8,-22,-18,-14,-16,-1,2,13,23
PCM,6,-28,-41,-49,-44,-15,-12,-28,-38,-32,-28,-14,-11,-13,-16,-20
PCM,-20,-33,-28,-6,0,-8,-14,-13,18,27,1,-20,-25,-32,-37,-38
PCM,-28,-4,4,4,-2,3,-7,-20,-17,-17,-27,-39,-33,-25,-16,-8
PCM,2,0,3,-5,10,28,-3,-23,-27,-20,-6,5,12,20,14,-2
PCM,-9,6,20,-6,-12,-18,-2,2,5,-8,5,8,-23,19,-1,-36
PCM,-40,-3,3,25,23,10,22,22,9,17,6,17,23,26,15,8
PCM,10,48,53,58,57,32,28,30,17,26,47,46,27,3,-9,12
PCM,19,-3,15,7,-14,-1,-35,-55,-36,-64,-63,-37,-46,-44,-32,-38
PCM,-39,-33,-7,-6,-31,-20,-3,4,29,11,-1,19,11,-22,-23,-17
PCM,-5,-1,-17,-42,-87,-87,-108,-133,-128,-101,-82,-70,-66,-63,-44,-42
PCM,-75,-65,-44,-19,24,38,43,71,90,84,61,102,142,109,100,117
PCM,91,64,68,54,43,37,8,-30,-77,-97,-79,-84,-91,-86,-91,-82
PCM,-75,-63,-26,22,52,59,76,76,89,109,117,149,176,169,171,146
PCM,114,108,103,85,47,-7,-52,-86,-128,-130,-118,-121,-141,-155,-176,-168
PCM,-156,-126,-118,-113,-74,-18,19,77,117,135,148,144,145,155,167,169
PCM,173,151,124,76,36,24,25,12,-5,-39,-75,-68,-60,-56,-55,-53
PCM,-60,-78,-91,-64,-18,36,56,63,71,57,28,31,15,4,27,19
PCM,14,-10,-68,-102,-95,-93,-102,-108,-85,-70,-71,-87,-91,-65,-66,-10
PCM,28,60,63,56,57,61,75,89,98,118,132,131,68,20,9,-2
PCM,13,14,-6,25,27,-21,-33,-45,-55,-53,-53,-45,-26,-18,-13,-26
PCM,-9,26,-5,-51,-56,-55,-13,-22,-55,-45,-76,-106,-114,-146,-124,-107
PCM,-128,-155,-189,-200,-172,-134,-108,-58,-19,-6,6,18,65,135,191,208
PCM,191,201,240,230,233,274,281,243,184,125,91,78,35,7,-30,-105
PCM,-127,-120,-124,-128,-122,-120,-147,-153,-112,-111,-93,-54,-57,-50,4,43
PCM,85,124,113,88,64,56,48,62,69,38,26,29,-18,-68,-90,-118
PCM,-144,-152,-149,-175,-178,-159,-170,-148,-88,-75,-52,-22,5,41,75,106
PCM,99,104,121,101,75,91,108,115,128,97,41,-2,-48,-72,-93,-106
PCM,-100,-130,-156,-142,-125,-113,-112,-86,-45,-28,-15,18,45,57,63,76
PCM,78,69,60,32,25,16,17,28,-1,-50,-24,18,50,46,16,-5
PCM,-46,-67,-28,15,64,105,99,87,86,74,82,99,76,44,18,-34
PCM,-64,-50,-32,-48,-93,-133,-143,-124,-91,-89,-75,-53,-94,-150,-148,-123
PCM,-48,-11,-1,52,78,69,77,69,60,59,38,46,50,62,57,74
PCM,59,27,21,32,6,-5,3,7,26,37,35,54,62,59,82,98
PCM,108,83,59,76,102,70,-1,22,17,-23,-23,-51,-25,36,-26,-9
PCM,38,-24,-69,-90,-51,-32,-95,-121,-75,-71,-140,-152,-32,17,-53,-57
PCM,-72,-101,-65,-80,-53,-15,-22,29,53,40,91,98,52,40,41,34
PCM,34,73,37,3,-5,71,81,23,3,64,48,4,0,59,115,83
PCM,38,38,16,69,92,3,61,186,52,6,17,84,209,61,-19,109
PCM,59,-23,-110,-127,1,22,-72,-50,33,-55,-139,-199,-221,-83,-40,-109
PCM,-91,-57,-32,-19,-34,-22,56,91,82,93,119,118,113,105,97,76
PCM,37,0,14,69,136,124,60,17,13,26,51,80,100,120,194,218
PCM,132,57,-20,-111,-132,-82,24,99,61,-25,-126,-192,-248,-311,-309,-265
PCM,-235,-183,-181,-168,-108,-72,-52,-42,-25,-21,-10,22,73,97,96,86
PCM,115,166,180,141,125,155,162,115,58,50,28,-40,-81,-113,-73,-33
PCM,-56,-76,-119,-148,-138,-120,-36,37,-24,-64,-14,43,75,76,120,136
PCM,112,104,96,82,35,-1,-23,-26,-72,-109,-36,-28,-93,-94,-88,-132
PCM,-179,-176,-140,-110,-88,-63,-45,-48,-24,24,159,260,223,183,131,80
PCM,204,264,198,167,169,203,194,51,-71,-44,16,13,-62,-123,-152,-213
PCM,-278,-245,-135,-75,-131,-202,-96,-14,-105,-185,-75,11,-31,-63,-63,23
PCM,132,180,177,78,105,127,-35,-64,-29,4,26,-57,-77,-34,-86,-132
PCM,-88,-27,-9,-35,-117,-38,51,63,78,18,34,123,108,46,11,75
PCM,197,228,216,113,-11,33,58,-19,6,75,70,32,12,-50,-106,-188
PCM,-199,-106,-98,-122,-139,-220,-151,-41,-80,-44,-23,-76,-35,-56,-230,-269
PCM,-269,-354,-341,-314,-272,-157,-79,-24,4,-2,27,59,71,102,112,141
PCM,189,193,155,163,195,238,306,287,268,266,200,161,132,38,-74,-130
PCM,-126,-79,-32,46,72,34,17,-2,-55,-17,83,162,247,254,170,131
PCM,80,36,-30,-63,-58,-29,0,11,-30,-76,-114,-162,-216,-227,-264,-257
PCM,-191,-146,-149,-146,-135,-126,-120,-92,-77,-57,-16,54,77,99,119,70
PCM,68,125,183,239,242,157,100,117,121,73,15,-3,28,83,128,108
PCM,85,51,5,-8,5,-18,-26,-49,-79,-59,-71,-162,-199,-194,-105,14
PCM,77,95,130,98,-4,-60,-93,-70,6,5,-2,25,32,34,42,22
PCM,69,141,94,24,-37,-32,-38,-88,-121,-127,-206,-251,-240,-68,-108,-102
PCM,-63,-53,-13,-179,-310,-161,-222,-91,60,160,249,344,297,230,232,205
PCM,38,-11,95,155,200,213,178,131,135,113,68,41,11,70,50,59
PCM,60,-69,-149,-180,-183,-131,-89,-107,-96,-76,-25,92,112,52,23,-36
PCM,-55,5,68,153,213,202,194,171,138,-26,-113,-11,-30,49,-71,-178
PCM,-176,-168,-190,-238,-297,-213,-140,-110,-37,30,52,26,22,71,70,52
PCM,31,-21,45,111,103,126,119,106,76,27,6,-42,-88,-144,-200,-186
PCM,-102,-37,34,54,74,46,1,-52,-37,29,54,9,-9,7,29,64
PCM,69,68,76,65,26,-2,2,83,159,179,164,150,110,86,53,18
PCM,12,-7,-25,3,10,-32,-56,-94,-146,-175,-135,-154,-178,-191,-212,-220
PCM,-188,-179,-187,-172,-141,-109,-52,-22,18,40,53,87,73,49,63,80
PCM,68,59,112,128,93,55,0,-71,-82,-58,-82,-125,-142,-96,-5,-59
PCM,-146,-112,-57,53,82,24,8,64,54,20,55,53,77,168,56,34
PCM,102,32,183,221,138,194,186,161,79,-30,-28,3,31,41,-8,16
PCM,76,14,-49,16,11,50,-10,-35,50,7,29,50,107,38,69,79
PCM,-65,-69,-40,-166,-188,-110,-110,-188,-209,-184,-126,-56,-109,-103,15,41
PCM,18,51,39,-12,5,-8,14,82,72,18,-25,-38,-84,-131,-208,-228
PCM,-225,-211,-217,-236,-156,-52,-40,-52,-66,-23,71,101,126,197,204,257
PCM,325,261,272,286,208,149,136,126,84,74,84,120,134,92,39,-37
PCM,-112,-122,-84,-44,-11,22,56,64,38,43,57,40,55,78,76,56
PCM,79,38,14,24,16,1,6,50,87,104,45,14,-14,-77,-118,-169
PCM,-219,-183,-215,-211,-186,-162,-102,-57,-86,-77,-45,-50,21,56,35,33
PCM,4,23,65,32,22,46,49,59,71,97,101,43,9,57,63,57
PCM,70,38,21,72,66,89,80,52,93,76,34,50,100,99,80,134
PCM,133,104,73,48,37,31,42,17,-15,5,-31,-105,-145,-182,-157,-102
PCM,-113,-96,-117,-140,-139,-148,-134,-91,-74,-81,-85,-42,4,7,-13,-25
PCM,-58,-50,-35,-39,-54,-48,-50,-37,-15,24,16,-9,27,43,20,2
PCM,11,48,49,68,83,70,104,80,43,51,77,85,55,6,-3,4
PCM,3,1,-11,-26,-17,-24,-34,-20,-9,-38,-41,-2,27,-11,-35,3
PCM,-6,8,32,-13,1,20,2,6,38,16,-9,-10,-38,-62,-93,-76
PCM,-43,-63,-56,-18,-32,-39,32,20,-7,14,35,53,53,73,87,82
PCM,105,123,90,81,69,58,67,51,33,-3,-54,-99,-126,-144,-123,-109
PCM,-135,-147,-143,-155,-141,-103,-66,-26,-26,7,46,26,14,21,8,10
PCM,1,-15,18,43,-9,-28,-3,-11,-30,-46,-61,-45,-43,-56,-50,-33
PCM,-26,-72,-95,-73,-60,-60,-48,-44,-27,14,13,-6,1,-4,-2,22
PCM,8,14,44,93,119,117,88,74,47,46,40,-17,-18,-3,14,26
PCM,33,12,-25,-39,-52,-61,-55,-55,-49,-29,-13,-29,-46,-27,-57,-67
PCM,-39,-28,12,37,32,41,46,54,19,14,53,48,32,17,-46,-69
PCM,-31,-25,-39,-39,-52,-58,-52,-42,-17,-19,-13,8,44,79,59,47
PCM,44,51,43,42,43,28,52,58,31,6,-12,-2,-36,-58,-53,-53
PCM,-46,-33,-67,-82,-64,-85,-103,-67,-25,-33,-41,-17,-29,-48,-91,-139
PCM,-138,-145,-174,-171,-166,-141,-107,-129,-165,-161,-141,-111,-119,-91,-85,-131
PCM,-125,-121,-108,-80,-62,-34,17,97,100,97,103,101,116,120,115,118
PCM,139,146,121,109,82,36,22,2,14,24,29,36,34,26,-12,-57
PCM,-57,-49,-16,-20,-11,6,5,4,15,30,20,24,31,30,20,12
PCM,-1,-19,-13,7,7,-3,-30,-51,-88,-89,-92,-113,-119,-141,-136,-109
PCM,-87,-77,-67,-37,-16,16,40,54,81,99,70,45,51,35,18,4
PCM,-11,-2,-6,-16,-28,-19,-32,-37,-35,-58,-50,-44,-41,-46,-58,-67
PCM,-62,-27,4,14,48,91,95,85,97,94,95,103,95,91,90,94
PCM,81,51,37,41,24,23,32,15,12,-1,-27,-40,-58,-104,-151,-145
PCM,-129,-146,-116,-108,-130,-94,-83,-106,-99,-95,-97,-86,-87,-89,-74,-50
PCM,-55,-79,-67,-67,-64,-31,-18,-6,38,55,49,41,43,27,28,40
PCM,34,42,61,40,25,48,43,18,2,28,23,-6,-22,-41,-66,-72
PCM,-73,-80,-55,-20,23,40,45,67,92,114,110,98,102,114,125,128
PCM,137,153,121,69,46,41,33,23,11,2,-24,-46,-74,-111,-128,-141
PCM,-142,-144,-143,-120,-132,-128,-113,-106,-106,-98,-111,-118,-81,-71,-70,-64
PCM,-72,-68,-58,-57,-43,-30,-35,-27,15,41,13,-10,2,2,24,45
PCM,31,35,45,19,18,29,31,14,13,7,5,15,-6,-23,-41,-53
PCM,-40,-39,-27,-9,-29,-37,-8,-13,-19,-24,-37,-11,-11,-11,-25,-24
PCM,-12,-18,-5,9,17,7,-11,-10,0,-23,-35,-40,-48,-59,-59,-47
PCM,-29,-19,-31,-38,-33,-43,-62,-58,-64,-76,-62,-35,-30,-29,-8,3
PCM,5,33,42,35,7,-5,3,13,30,39,51,53,17,9,19,2
PCM,-9,-6,-10,-18,-5,12,-17,-8,-22,-59,-13,-4,-15,-4,0,6
PCM,-11,-30,-24,-29,-33,-32,-3,5,-6,-7,-7,-20,-25,-7,8,-16
PCM,10,22,-25,-54,-40,7,3,5,15,7,9,-12,-41,-19,6,28
PCM,48,36,40,57,39,2,-15,-32,-50,-47,-23,-22,-19,-45,-73,-93
PCM,-123,-121,-122,-139,-131,-133,-114,-87,-96,-91,-103,-93,-85,-75,-49,-20
PCM,-27,-31,-16,-8,-7,-18,-22,1,23,29,35,51,48,23,18,21
PCM,25,16,3,-8,-1,2,-1,2,-7,-5,-12,-33,-24,-5,18,50
PCM,53,76,87,114,121,-163,88,40,116,107,-157,83,140,48,84,-71
PCM,-43,94,40,50,-18,-57,-1,-37,-24,-1,-32,-28,-9,-1,-17,-47
PCM,-29,-1,25,12,-30,-12,-2,-26,-36,-32,-47,-23,-19,-39,-17,-45
PCM,-41,-16,-36,-15,-22,-22,-40,-50,-13,30,-9,-23,8,9,13,44
PCM,34,42,63,51,66,64,61,43,68,76,61,55,64,49,13,2
PCM,-36,-43,-70,-60,-70,-64,-97,-64,-28,-16,-20,-29,29,33,33,26
PCM,49,49,45,50,77,69,95,85,52,54,36,68,37,-2,0,30
PCM,48,19,15,17,1,11,4,-10,-21,1,-1,-18,2,-33,-23,0
PCM,-23,-24,-30,-36,-14,-6,-14,-12,-17,-19,-37,-30,-23,-53,-46,0
PCM,15,18,43,42,49,64,83,51,75,55,55,107,119,64,-5,-17
PCM,48,112,46,-57,-52,80,138,41,-98,-108,31,93,64,-34,-27,68
PCM,63,74,66,48,48,19,30,51,-20,-56,26,49,-29,-50,-95,-44
PCM,-1,-106,-124,-67,23,9,-118,-212,-137,2,14,-99,-212,-130,30,13
PCM,-79,-88,-15,88,25,-81,-35,-3,17,84,34,79,70,32,31,109
PCM,101,0,5,95,32,6,23,18,9,20,-7,21,9,8,1,-19
PCM,-8,13,31,-25,-51,-23,-9,-7,-49,-88,-73,-71,-52,-28,-42,-25
PCM,-25,-32,-38,-43,-11,18,14,3,35,56,56,73,78,81,65,51
PCM,31,49,75,31,15,16,24,38,48,35,38,45,21,-7,-2,13
PCM,11,-15,-51,-53,-1,13,14,-2,22,37,37,40,29,29,17,13
PCM,9,-9,-12,0,18,28,-21,-35,-15,17,29,9,-51,-46,0,24
PCM,-15,-54,-34,-3,9,-2,-4,13,22,21,46,43,46,4,-22,19
PCM,26,9,-16,-39,-28,-27,-43,-75,-85,-95,-87,-90,-80,-127,-131,-137
PCM,-117,-92,-78,-85,-95,-52,-42,-44,-57,-38,-17,-11,0,-13,-62,-45
PCM,-24,-25,-64,-58,-11,-40,-31,-36,-41,-40,-56,-53,-17,-43,-70,-63
PCM,-24,4,0,-7,-45,-10,17,45,6,-45,-17,21,57,51,-5,26
PCM,102,73,14,-4,18,77,96,57,31,33,69,97,75,35,10,36
PCM,97,59,26,-6,-7,4,28,26,-31,-18,30,-12,-42,-4,18,4
PCM,-43,-60,-36,-28,-50,-45,-49,-55,-29,-25,-17,-1,-24,-30,-19,-31
PCM,-9,-28,-21,-5,-14,15,8,-33,9,24,30,28,-17,-7,38,52
PCM,24,-1,7,55,72,35,10,21,21,32,28,8,8,6,22,22
PCM,-2,13,13,-1,-9,-12,-14,-6,-32,-50,-21,-22,-13,-31,-51,-39
PCM,-15,-3,-41,-54,-17,-18,-30,-8,-5,7,2,-23,-38,1,10,4
PCM,15,-2,-7,17,36,20,27,23,11,38,88,65,53,31,42,74
PCM,50,37,39,30,23,19,-7,-21,-27,-26,-31,-35,-51,-59,-49,-59
PCM,-65,-77,-74,-45,-42,-26,-24,-45,-25,-7,-21,-9,-6,-4,-1,-4
PCM,-17,-17,-5,0,6,11,25,27,15,29,38,27,30,15,9,28
PCM,50,54,53,57,42,61,68,41,23,23,47,54,31,23,12,15
PCM,23,7,14,31,14,-1,-1,-24,-30,-17,-48,-41,-28,-40,-35,-44
PCM,-48,-50,-53,-67,-90,-80,-45,-53,-80,-78,-84,-79,-51,-49,-74,-43
PCM,-33,-25,-4,-3,-1,26,38,9,-7,10,18,20,-6,-37,-34,-21
PCM,-36,-39,-38,-44,-46,-44,-28,-43,-43,-53,-63,-62,-64,-76,-71,-51
PCM,-40,-41,-11,-27,-21,-16,-22,-6,10,-1,-14,26,37,54,35,21
PCM,36,23,33,24,19,38,44,37,27,44,63,49,39,14,12,20
PCM,25,5,-2,-3,3,31,23,21,28,40,34,21,-7,0,18,-19
PCM,-27,-29,-33,-17,-20,-37,-44,-58,-61,-62,-59,-54,-52,-55,-70,-52
PCM,-31,-29,-35,-42,-32,-24,-26,-30,-41,-65,-79,-84,-97,-103,-108,-113
PCM,-105,-107,-109,-107,-87,-67,-73,-70,-72,-49,-23,-13,-10,-15,-3,-7
PCM,-7,8,18,28,24,22,28,54,54,35,52,37,22,21,17,17
PCM,18,-12,-41,-31,-24,-29,-48,-57,-49,-37,-25,-38,-35,-19,-25,-28
PCM,-51,-49,-30,-26,-28,-42,-32,2,11,11,11,12,22,37,39,28
PCM,33,35,30,23,21,-1,-2,5,2,-4,-12,-5,-15,-20,-27,-20
PCM,-33,-45,-34,-30,-12,-2,-23,-17,12,-6,-8,3,10,18,5,-19
PCM,-24,-6,-6,-19,-33,-28,1,7,-8,-8,5,-7,-24,-27,-39,-31
PCM,-27,-26,-31,-37,-17,-13,-3,-28,-6,-18,-15,-2,-11,-11,-15,-18
PCM,-4,4,-10,-21,0,-3,-1,5,1,2,15,37,20,7,19,14
PCM,9,10,-23,-17,3,-4,-2,12,-7,-17,-9,-11,1,-7,-17,-20
PCM,-19,-13,-17,-27,-29,-28,-25,-15,-31,-37,-34,-47,-51,-45,-43,-26
PCM,-21,-27,-8,3,1,16,4,-9,-3,-15,-12,-11,-6,-4,-9,-14
PCM,2,18,7,-4,0,12,17,31,36,35,38,54,56,52,39,30
PCM,34,25,21,19,8,21,26,19,15,17,4,4,-2,-13,-11,-12
PCM,-6,-14,-22,-19,-13,-9,-30,-36,-30,-30,-33,-22,-24,-27,-23,-20
PCM,-19,-24,-29,-35,-23,-15,-7,-14,-19,-7,-1,-11,-7,1,2,2
PCM,0,6,17,19,-1,-2,-11,-17,-14,-6,-19,-39,-41,-39,-33,-57
PCM,-66,-69,-55,-50,-65,-75,-56,-51,-52,-53,-59,-73,-79,-70,-66,-65
PCM,-59,-50,-40,-18,-19,-14,-2,-12,-11,-8,-6,-9,-24,-4,3,0
PCM,0,4,3,9,20,25,21,36,43,46,51,37,15,30,45,28
PCM,19,-5,-1,-3,-6,-16,-19,-9,11,10,5,17,2,8,5,-21
PCM,-13,-1,-13,-30,-21,-23,-14,-23,-54,-37,-30,-44,-54,-65,-58,-49
PCM,-54,-48,-47,-50,-39,-26,-31,-20,-12,1,-8,-4,-2,-19,-37,-17
PCM,2,4,11,14,26,32,22,35,23,-2,19,15,12,21,18,16
PCM,21,21,4,-6,-2,-3,-5,-7,-7,-8,-3,-9,-13,-7,-18,-20
PCM,-24,-19,-10,-22,-37,-32,-22,-19,-14,-13,-10,-1,12,-3,6,14
PCM,4,6,10,7,16,11,4,17,6,-4,-5,5,-3,-14,-20,-12
PCM,-11,-27,-21,-34,-39,-33,-33,-30,-19,-20,-7,-4,-3,-10,0,1
PCM,-1,8,-5,0,-1,-8,-1,-4,-19,-22,-17,-16,-12,-4,-3,4
PCM,2,13,9,8,21,19,15,15,3,3,11,7,9,8,-5,-8
PCM,-6,1,-3,-5,11,23,38,38,19,23,32,27,13,8,10,14
PCM,6,-2,8,20,36,38,25,26,30,27,26,8,7,14,5,7
PCM,21,6,-7,6,-16,-11,-6,-28,-30,-26,-36,-38,-32,-36,-37,-49
PCM,-54,-62,-44,-32,-55,-36,-36,-27,-16,-20,-18,-9,-2,3,-6,7
PCM,23,29,25,19,27,17,27,23,15,21,26,22,24,35,23,25
PCM,22,24,30,33,35,34,19,24,24,7,5,-2,-3,0,9,-1
PCM,6,4,-1,6,8,13,22,17,12,12,39,26,4,5,14,9
PCM,19,12,4,16,29,28,31,39,38,49,65,74,68,65,33,27
PCM,28,26,21,32,32,33,40,50,41,29,30,8,-4,0,-1,11
PCM,11,2,8,13,20,26,32,41,50,60,58,49,39,23,33,13
PCM,-2,4,-1,1,13,6,-13,-11,-11,-19,-26,-20,-23,-17,-7,-13
PCM,-17,-15,-17,-17,-18,-17,-31,-24,-27,-34,-24,-8,-3,3,8,11
PCM,9,14,11,7,10,8,17,19,18,-4,-12,-1,-1,-15,-22,-27
PCM,-11,-6,-22,-23,-12,-15,-18,-10,-17,5,0,-15,-9,-9,-20,-30
PCM,-21,-16,-23,-22,-22,-29,-25,-37,-43,-35,-27,-19,-16,-26,-22,-17
PCM,-5,-19,-25,-16,-8,0,1,-1,11,12,12,16,22,20,18,20
PCM,13,7,-7,-11,-9,-23,-27,-30,-27,-16,-31,-22,-13,-17,-14,-27
PCM,-24,-3,-15,-21,-21,-18,-2,13,-1,4,3,-8,0,-7,-10,-6
PCM,-1,-12,-18,-10,-1,-5,1,-2,-7,6,-4,-9,0,4,-3,-5
PCM,-21,-30,-17,-23,-25,-20,-12,-26,-38,-29,-35,-33,-15,-12,-15,-11
PCM,-12,-33,-21,-20,-29,-27,-11,-21,-20,-6,-7,-9,-11,-19,-20,-16
PCM,-46,-63,-57,-64,-71,-52,-45,-49,-45,-45,-43,-26,-34,-50,-45,-28
PCM,-35,-32,-30,-36,-27,-18,-28,-32,-24,-17,-10,-17,7,1,-6,-1
PCM,-13,-17,-4,-11,-27,-36,-28,-19,-27,-15,-16,-16,-15,-17,-14,10
PCM,-2,-24,-28,-19,-12,-6,-2,-21,-16,-1,-16,-21,-9,-23,-25,-29
PCM,-36,-33,-17,-11,-30,-24,-10,-2,-14,-19,1,-19,-22,-24,-21,-18
PCM,-14,-13,-4,3,4,2,0,-1,-1,5,-8,-9,-9,-2,-8,-18
PCM,-9,-6,-9,-6,-9,-12,7,5,0,10,-2,-15,-16,-22,-23,-23
PCM,-35,-32,-24,-29,-33,-43,-46,-54,-62,-49,-57,-59,-51,-56,-59,-50
PCM,-42,-51,-47,-43,-44,-33,-30,-18,-14,-11,-7,-17,-13,-16,-21,-14
PCM,3,0,6,19,12,9,14,19,10,10,6,-5,1,-5,1,13
PCM,7,8,4,-6,-8,-4,-18,-20,-7,-6,-9,-9,-5,-6,-11,-7
PCM,1,4,16,15,13,21,19,16,20,11,13,15,-2,-2,-3,-1
PCM,-8,1,11,3,20,28,21,16,34,38,31,30,10,15,24,1
PCM,10,17,14,21,28,19,18,29,24,23,19,13,10,3,-4,-7
PCM,0,-1,-6,-11,-16,-18,-10,-5,-8,-17,-9,-8,-19,-29,-41,-46
PCM,-41,-28,-35,-31,-18,-31,-31,-21,-31,-32,-31,-28,-45,-40,-34,-42
PCM,-35,-24,-38,-34,-15,-21,-28,-15,-12,-27,-28,-28,-33,-27,-22,-31
PCM,-26,7,4,1,6,-3,-6,-5,-5,-29,-22,-12,-22,-23,-6,-6
PCM,-1,23,24,17,24,28,14,15,24,9,4,16,8,15,19,8
PCM,8,11,14,1,-7,-12,-3,-1,-4,5,10,7,9,6,1,10
PCM,14,9,-3,9,2,4,19,7,10,32,33,26,24,5,3,17
PCM,16,20,30,31,30,25,22,33,28,24,37,33,24,14,17,14
PCM,21,18,16,24,23,19,17,13,19,11,1,-12,-15,-11,-16,-28
PCM,-40,-39,-33,-18,-12,-9,-21,-29,-19,-17,-16,-17,-23,-26,-37,-41
PCM,-35,-35,-37,-33,-29,-18,4,2,3,25,20,11,8,6,17,10
PCM,4,-10,-21,-15,-13,-23,-22,-23,-43,-38,-42,-56,-36,-27,-39,-45
PCM,-40,-42,-49,-42,-50,-47,-35,-30,-26,-18,-25,-17,-8,-11,-12,-14
PCM,-8,-4,-11,-25,-31,-45,-39,-37,-39,-32,-34,-26,-17,-18,-6,-7
PCM,-19,0,6,6,18,21,11,11,14,14,6,-4,8,-2,1,6
PCM,11,15,9,5,6,1,-3,-2,-13,-14,-18,-20,-10,-6,-13,-9
PCM,-11,-16,-10,-2,-3,-3,-1,-11,-6,0,1,1,7,14,5,5
PCM,0,-5,-10,2,-2,-10,5,-3,-2,13,13,1,-8,-11,-9,-19
PCM,-40,-48,-53,-66,-74,-69,-72,-58,-65,-66,-63,-60,-51,-50,-54,-56
PCM,-45,-57,-38,-32,-31,-29,-24,-31,-33,-45,-43,-43,-41,-32,-25,-22
PCM,-21,-26,-30,-29,-29,-26,-25,-26,-35,-31,-28,-17,-22,-23,-16,-11
PCM,6,20,15,28,27,16,25,20,11,1,-8,-8,3,11,0,-1
PCM,0,1,5,0,-4,8,20,-3,-3,12,16,25,32,21,8,12
PCM,13,9,6,7,-1,-5,-2,-12,-13,-11,-17,-18,-24,-16,-16,-13
PCM,-9,-12,-7,5,17,23,32,33,41,25,10,11,15,13,-8,-12
PCM,-16,-16,-13,-25,-18,-8,-13,-9,-4,-2,6,7,8,12,22,18
PCM,10,6,0,-5,-8,-9,-24,-15,-11,-15,-15,-17,-19,-19,-20,-24
PCM,-24,-19,-16,-2,-17,-25,-26,-40,-34,-27,-27,-18,-3,-16,-16,-10
PCM,-18,-21,-32,-36,-46,-51,-41,-51,-51,-34,-37,-43,-26,-22,-23,-4
PCM,-14,-12,6,10,7,5,15,22,30,30,20,25,29,33,21,20
PCM,11,9,5,-6,-14,-9,3,0,9,21,26,24,34,44,37,37
PCM,27,27,24,30,24,17,18,10,7,11,-5,-12,-6,-18,-19,-6
PCM,-8,-18,-4,-8,-25,-21,-8,-18,-25,-21,-21,-18,-10,-2,-6,-15
PCM,-14,-9,-14,-9,-5,-16,-17,-12,-18,-5,-3,-21,-23,-18,-19,-5
PCM,0,-10,-7,3,2,-7,5,13,-7,-25,-31,-49,-45,-30,-41,-48
PCM,-42,-37,-49,-45,-42,-41,-25,-22,-19,-14,-18,-11,2,3,-4,-4
PCM,6,-3,-18,-22,-24,-27,-26,-26,-41,-34,-22,-27,-23,-14,-7,3
PCM,-1,-12,-11,-2,-4,7,16,20,17,24,27,18,15,11,9,8
PCM,0,-15,-9,-11,-16,-7,-9,-8,0,7,2,2,0,-10,-3,1
PCM,0,13,24,28,28,30,27,27,20,6,2,-1,-15,-15,-18,-11
PCM,-4,8,17,8,7,11,4,9,8,0,9,17,19,13,14,15
PCM,15,14,1,-13,-14,-14,-21,-19,-11,-9,-6,-4,-4,-5,4,11
PCM,14,19,2,-14,-22,-33,-34,-30,-28,-36,-45,-48,-42,-43,-54,-51
PCM,-46,-40,-42,-45,-35,-12,7,10,12,24,25,27,35,38,26,21
PCM,19,5,2,-8,-19,-28,-40,-49,-54,-70,-68,-56,-61,-58,-43,-34
PCM,-21,-9,-7,-10,-2,-4,-1,-2,-12,-9,-9,-12,-18,-14,-20,-22
PCM,-22,-41,-41,-36,-35,-24,-22,-6,3,-1,3,15,16,14,20,26
PCM,38,40,30,23,15,20,9,1,-7,-10,-2,-17,-35,-32,-25,-25
PCM,-13,-10,-9,0,2,11,3,4,11,8,20,6,9,10,7,22
PCM,22,6,26,11,-13,4,9,14,8,17,22,19,18,12,2,17
PCM,-7,10,10,-23,-15,-14,-27,-17,-3,-5,14,28,37,17,-40,-40
PCM,-19,-26,-5,-9,6,36,-7,-21,-21,-28,-17,-20,-25,-27,-44,-48
PCM,-69,-33,-2,16,24,-28,-45,-30,-25,18,40,40,5,-21,4,32
PCM,56,87,74,16,-25,-25,-12,-18,-18,-35,-90,-134,-134,-88,-50,-26
PCM,-26,-63,-88,-76,-40,0,32,86,104,94,124,147,149,159,156,164
PCM,173,157,143,76,26,-11,-43,-70,-74,-105,-143,-167,-156,-137,-135,-174
PCM,-197,-192,-193,-145,-65,1,21,-10,-50,-36,7,95,215,289,258,209
PCM,160,98,83,97,141,201,182,118,44,-35,-62,-44,-15,30,53,0
PCM,-90,-177,-233,-199,-127,-79,-63,-104,-170,-200,-189,-141,-73,-20,-7,-42
PCM,-80,-56,-3,47,79,60,-2,-42,-55,-46,-13,31,80,99,81,59
PCM,54,70,95,107,100,101,93,73,85,62,53,78,60,42,44,33
PCM,-4,-44,-32,-1,-10,-40,-90,-88,-67,-86,-84,-64,-30,-18,-36,-39
PCM,-44,-75,-84,-102,-113,-79,-73,-118,-112,-78,-66,-78,-126,-136,-109,-77
PCM,-38,13,88,118,94,64,23,62,135,157,137,137,126,77,56,107
PCM,156,182,138,55,35,48,58,42,-7,-63,-79,-41,-28,-5,49,64
PCM,58,44,45,32,-2,-58,-98,-78,-67,-81,-62,-43,-32,10,57,79
PCM,82,67,68,59,53,77,83,82,64,-21,-98,-90,-32,18,36,0
PCM,-71,-158,-216,-217,-185,-162,-149,-163,-185,-184,-123,-2,83,81,97,139
PCM,159,184,207,186,180,179,162,106,57,6,-31,-36,-43,-33,-15,-57
PCM,-108,-94,-49,27,107,108,53,6,-41,-39,-17,-5,-10,-29,-65,-106
PCM,-90,-16,33,35,-51,-151,-197,-170,-112,-67,-30,-26,-77,-134,-149,-124
PCM,-41,55,117,105,78,26,-24,-49,-37,-13,12,13,-42,-128,-164,-139
PCM,-79,-4,36,19,-32,-53,-29,50,174,249,253,195,103,27,1,30
PCM,116,146,115,28,-72,-98,-60,-31,-2,-21,-74,-129,-151,-145,-126,-122
PCM,-81,-44,-45,-67,-77,-54,-21,-2,-3,47,35,60,35,85,120,145
PCM,94,91,20,5,-18,34,75,100,70,49,32,18,-10,8,-1,-51
PCM,-73,-155,-213,-234,-174,-162,-126,-119,-119,-130,-124,-132,-116,-74,7,58
PCM,60,99,90,74,48,4,-14,48,25,6,33,17,81,24,-57,-37
PCM,-7,-61,-34,-66,-12,1,-50,-3,-18,-38,5,-9,-34,13,28,0
PCM,-1,0,9,-2,-65,-61,-44,-86,-126,-145,-126,-125,-121,-54,-48,-30
PCM,-31,-8,31,91,96,102,69,28,-27,-88,-100,-46,-41,-69,-10,33
PCM,50,37,-7,-48,-48,-58,-40,26,75,59,102,118,53,34,69,141
PCM,195,185,166,188,147,-6,-96,-127,-143,-158,-217,-208,-164,-113,-113,-118
PCM,-111,-131,-153,-130,-70,-48,-22,32,45,50,21,9,58,70,82,104
PCM,72,52,99,96,92,81,74,49,10,-40,-96,-111,-127,-135,-117,-110
PCM,-146,-140,-123,-122,-145,-152,-149,-123,-100,-72,-14,-3,27,33,-18,-72
PCM,-92,-108,-107,-113,-95,-54,35,77,74,11,-19,-18,-14,-46,-25,30
PCM,66,114,106,179,280,270,198,165,135,186,125,44,86,92,89,52
PCM,-157,-203,-149,-207,-193,-253,-357,-278,-256,-293,-260,-224,-185,-143,-202,-168
PCM,-8,80,116,47,55,108,141,132,158,124,136,162,43,38,50,49
PCM,131,141,117,90,108,178,176,145,171,147,38,14,-29,-43,5,-62
PCM,-76,-5,26,53,-58,-150,-191,-231,-227,-255,-236,-202,-219,-270,-198,-194
PCM,-175,-48,-34,-92,-63,-76,-100,-106,-94,18,93,68,73,128,252,365
PCM,333,288,258,268,249,246,167,121,130,126,94,95,65,25,-12,-55
PCM,-200,-270,-294,-339,-328,-273,-169,-63,-21,-33,-52,-44,-5,36,10,-41
PCM,-8,114,182,209,264,293,247,173,79,18,32,50,79,100,69,-9
PCM,-88,-160,-206,-233,-193,-132,-96,-107,-69,-38,34,72,52,-13,-9,-13
PCM,36,38,72,124,110,87,49,3,-24,-35,-50,-36,-45,-58,-48,-41
PCM,-58,-115,-125,-49,47,84,124,141,100,156,237,277,244,195,143,151
PCM,174,182,185,164,137,119,20,4,-69,-143,-101,-144,-208,-187,-241,-228
PCM,-120,-92,-81,-111,-200,-151,-104,-90,-42,25,66,103,80,60,-16,-62
PCM,-21,-43,-83,-28,-18,-17,-22,-90,-102,-73,-15,5,-20,-33,41,85
PCM,151,139,62,80,83,42,62,74,67,88,96,26,-59,-115,-122,-129
PCM,-180,-242,-284,-270,-226,-183,-156,-92,-41,-40,-46,-21,21,81,110,137
PCM,144,168,120,100,94,92,114,104,40,15,41,13,-15,-14,-55,-144
PCM,-172,-202,-210,-123,-39,-40,-51,-94,-141,-119,-99,-98,-26,94,143,103
PCM,107,111,73,28,27,29,42,39,51,61,102,122,85,50,57,17
PCM,-10,8,-3,-8,35,63,40,18,33,32,66,83,37,24,45,77
PCM,125,148,153,150,116,35,-59,-93,-62,-25,-17,-63,-85,-126,-162,-164
PCM,-178,-194,-205,-246,-268,-284,-225,-117,-67,-3,49,62,97,143,142,152
PCM,183,171,156,137,122,101,59,9,-28,-32,-5,13,22,30,5,-34
PCM,-63,-84,-109,-108,-115,-85,-34,-19,23,50,36,3,-20,-49,-71,-114
PCM,-166,-199,-194,-161,-150,-132,-102,-62,-35,24,37,62,109,100,110,122
PCM,137,122,159,195,185,178,142,114,103,156,142,86,-13,-96,-117,-83
PCM,-51,-58,-79,-59,-70,-80,-99,-126,-135,-152,-163,-146,-86,-64,-56,-95
PCM,-92,-94,-107,-142,-166,-134,-89,-95,-95,-74,-77,-45,4,22,52,77
PCM,120,150,151,150,140,112,135,170,165,198,197,178,201,209,208,183
PCM,149,120,79,56,39,7,17,-2,-22,-34,-46,-52,-61,-94,-119,-155
PCM,-143,-99,-58,-59,-32,-35,-14,9,-10,13,6,15,-5,-5,-3,56
PCM,63,47,17,-29,-45,-70,-82,-59,-45,-42,-41,-39,-56,-44,-28,-61
PCM,-74,-67,-39,-23,12,14,-12,-4,-32,-84,-80,-27,-14,38,69,48
PCM,61,66,46,37,41,43,65,77,106,109,88,87,58,27,9,-6
PCM,-19,-13,-2,48,84,100,71,52,44,27,30,28,12,19,21,-21
PCM,-44,-52,-111,-135,-143,-150,-138,-126,-109,-83,-25,-7,-40,-69,-96,-85
PCM,-47,-36,-33,-23,-32,11,41,59,76,66,24,21,17,41,47,57
PCM,62,89,87,61,25,-6,3,30,43,38,45,50,68,71,61,52
PCM,39,9,-16,-58,-100,-106,-108,-145,-133,-102,-85,-105,-104,-96,-71,-35
PCM,-20,-41,-73,-50,-21,9,30,53,73,69,72,93,124,151,183,166
PCM,131,114,98,71,42,21,15,-19,-40,-10,-18,-49,-59,-110,-140,-125
PCM,-148,-168,-162,-128,-96,-84,-53,0,24,30,42,17,17,43,49,41
PCM,23,-10,-3,10,-7,-11,-38,-41,-40,-33,-12,-19,-14,-2,4,28
PCM,76,97,111,129,132,140,125,98,86,71,85,87,68,58,42,-3
PCM,-30,-53,-74,-93,-75,-58,-18,-2,-36,-39,-35,-48,-45,-52,-68,-85
PCM,-107,-94,-93,-101,-92,-119,-137,-108,-100,-85,-44,-27,-9,19,8,22
PCM,21,22,52,73,62,63,74,83,78,45,32,37,-7,-12,3,-11
PCM,2,5,2,34,50,49,31,33,32,17,15,13,16,26,8,-23
PCM,-17,-24,-55,-70,-76,-80,-67,-55,-67,-64,-29,7,2,-17,-39,-55
PCM,-68,-58,-48,-54,-70,-81,-84,-97,-118,-97,-77,-61,-49,-35,-22,-3
PCM,16,24,15,14,9,-14,-9,4,11,12,12,1,-28,-24,-1,21
PCM,18,38,49,48,31,24,42,61,91,123,121,138,177,198,200,198
PCM,186,153,135,102,66,32,1,-61,-118,-149,-176,-193,-204,-213,-196,-197
PCM,-206,-219,-228,-218,-179,-147,-116,-110,-76,-56,-56,-53,-39,-36,-32,-26
PCM,-40,-26,-2,9,17,28,54,84,94,114,112,128,153,166,173,169
PCM,148,144,140,133,136,122,97,47,7,-21,-19,-21,-36,-61,-62,-56
PCM,-42,-60,-61,-41,-42,-63,-97,-113,-112,-100,-110,-122,-145,-152,-154,-158
PCM,-139,-129,-114,-100,-92,-73,-46,-17,10,26,24,17,24,42,53,89
PCM,114,117,133,156,162,154,130,116,102,83,66,63,64,69,56,41
PCM,37,-7,-46,-48,-76,-62,-36,-26,-17,0,-11,-34,-47,-47,-33,-28
PCM,-22,2,12,19,15,-7,-19,-24,-30,-46,-42,-29,-35,-36,-43,-42
PCM,-29,-28,-38,-42,-40,-39,-2,14,19,8,3,-4,-14,-17,-21,-4
PCM,-2,-3,-3,-6,-17,-8,-8,11,27,43,52,32,10,1,1,-21
PCM,-18,-35,-57,-55,-56,-70,-81,-70,-68,-81,-69,-42,-43,-38,-24,-17
PCM,-8,14,40,70,106,124,120,108,87,76,62,33,8,-8,-31,-42
PCM,-25,-28,-40,-55,-65,-89,-68,-45,-46,-32,6,11,30,34,0,13
PCM,22,15,17,21,-9,-18,-33,-60,-91,-95,-95,-87,-75,-76,-50,-28
PCM,-14,-23,-45,-63,-64,-61,-63,-66,-61,-49,-39,-45,-64,-86,-94,-95
PCM,-86,-87,-62,-41,-18,-12,-11,3,22,38,48,74,88,98,115,142
PCM,137,120,117,92,63,62,84,94,114,118,109,118,117,108,95,84
PCM,52,32,-7,-29,-38,-38,-64,-88,-110,-112,-118,-118,-123,-123,-130,-125
PCM,-141,-137,-125,-123,-113,-127,-120,-119,-119,-92,-72,-88,-75,-59,-60,-56
PCM,-56,-65,-51,-37,-39,-27,-2,9,20,18,39,48,46,55,65,82
PCM,89,81,76,73,75,69,55,33,38,21,-4,-5,-22,-24,-15,-33
PCM,-49,-44,-38,-37,-57,-65,-58,-41,-18,-12,-21,-12,-3,-6,0,-18
PCM,-18,-6,-1,4,5,-5,-6,-33,-53,-63,-54,-69,-75,-72,-44,-23
PCM,-20,-7,-1,5,17,29,43,83,107,75,77,97,86,82,77,70
PCM,64,61,50,41,36,51,38,35,41,18,6,6,24,14,19,24
PCM,36,32,18,0,-18,-44,-49,-58,-66,-47,-49,-52,-54,-53,-64,-71
PCM,-68,-79,-80,-70,-63,-60,-50,-40,-43,-50,-59,-77,-73,-65,-71,-46
PCM,-16,-11,4,29,46,65,75,86,87,90,110,116,103,92,82,62
PCM,56,29,0,-11,-6,1,12,7,-11,-15,-24,-35,-34,-59,-79,-76
PCM,-74,-81,-90,-94,-101,-85,-86,-78,-70,-53,-37,-36,-37,-13,1,-1
PCM,18,20,21,19,5,-9,-7,7,5,7,10,4,2,-1,-6,2
PCM,14,24,34,42,45,56,67,78,86,89,84,85,86,70,69,64
PCM,56,54,55,49,62,68,53,58,54,31,20,26,27,25,26,2
PCM,1,9,-4,-29,-26,-37,-51,-59,-66,-52,-29,-32,-19,-3,7,17
PCM,30,29,49,64,78,90,90,84,76,69,52,36,17,3,2,-19
PCM,-45,-53,-53,-48,-38,-31,-33,-35,-42,-39,-42,-43,-42,-33,-28,-35
PCM,-44,-40,-24,-21,-22,-18,-14,-13,-4,-11,-7,12,5,-8,-23,-38
PCM,-64,-62,-52,-63,-63,-57,-63,-74,-64,-58,-54,-32,-31,-19,2,6
PCM,11,14,22,11,2,21,29,32,41,39,29,29,18,12,8,-4
PCM,-1,12,30,44,60,56,39,13,-10,-32,-29,-42,-60,-43,-41,-42
PCM,-39,-50,-47,-35,-45,-46,-46,-42,-24,-19,-19,-22,-16,-18,-17,-17
PCM,-18,-21,-13,3,3,2,6,8,4,-10,7,23,15,24,38,43
PCM,46,52,34,15,4,-7,-19,-12,-10,3,18,31,42,42,51,56
PCM,41,30,20,22,13,14,12,4,-2,-15,-22,-45,-45,-37,-39,-33
PCM,-39,-44,-43,-61,-63,-72,-91,-106,-114,-134,-146,-147,-145,-149,-156,-151
PCM,-137,-131,-120,-90,-77,-42,-4,10,32,43,46,41,35,29,38,35
PCM,28,34,33,23,21,10,4,21,40,55,54,63,73,69,58,64
PCM,43,18,9,1,-19,-27,-30,-38,-28,-7,-7,11,23,35,44,41
PCM,29,26,18,6,-9,-23,-50,-64,-70,-80,-76,-83,-88,-86,-59,-39
PCM,-22,-10,-14,-12,1,7,7,22,32,22,8,17,10,15,26,32
PCM,40,45,48,53,72,68,57,58,41,24,24,16,-11,-29,-36,-56
PCM,-56,-45,-48,-36,-17,-16,-25,-15,-5,-12,-20,-32,-38,-45,-53,-73
PCM,-78,-65,-78,-76,-63,-59,-52,-32,-21,-19,-17,12,19,12,22,2
PCM,-10,0,-21,-52,-61,-64,-67,-53,-44,-48,-35,-21,-15,-23,-10,-1
PCM,-3,-5,-6,-16,-18,-9,-11,-16,-14,-20,-29,-34,-40,-32,-21,-8
PCM,-3,2,16,17,14,9,-6,-15,-11,-29,-58,-77,-74,-81,-78,-74
PCM,-62,-42,-23,-11,-6,0,9,6,-9,-15,-13,-14,-15,-13,-10,-14
PCM,-3,12,19,30,50,77,95,108,114,109,105,100,94,77,71,58
PCM,32,18,5,-22,-34,-45,-49,-44,-40,-28,-9,-2,7,7,8,5
PCM,-7,0,-4,-22,-26,-37,-57,-70,-74,-82,-87,-70,-59,-46,-38,-29
PCM,-26,-23,-17,-8,-8,-7,0,0,-19,-18,-22,-23,-12,3,21,29
PCM,41,54,64,68,70,77,80,66,48,34,12,-15,-23,-42,-72,-72
PCM,-72,-94,-94,-95,-95,-91,-88,-87,-81,-79,-65,-67,-77,-79,-85,-74
PCM,-72,-76,-60,-55,-64,-48,-37,-32,-25,-14,-11,-14,0,0,-1,8
PCM,8,-3,-4,-12,-26,-32,-20,-8,4,25,23,19,26,29,20,24
PCM,26,29,34,42,45,27,23,29,20,2,-5,-14,-2,3,-9,-4
PCM,-7,-18,-19,-21,-29,-22,-27,-32,-35,-42,-53,-68,-75,-86,-96,-85
PCM,-70,-72,-62,-51,-58,-46,-30,-32,-25,-15,-24,-25,-28,-22,-22,-14
PCM,2,20,43,49,59,57,52,53,52,49,60,59,45,36,33,23
PCM,21,9,-4,-13,-13,-20,-10,12,27,34,27,19,19,16,-5,-13
PCM,-19,-38,-55,-61,-79,-84,-92,-112,-113,-112,-106,-93,-79,-75,-76,-60
PCM,-71,-72,-69,-59,-61,-64,-63,-72,-69,-49,-53,-54,-43,-31,-13,5
PCM,25,29,32,32,38,40,52,65,65,60,53,48,54,55,60,59
PCM,51,41,39,44,37,29,13,8,9,0,-1,0,-8,-13,-11,-21
PCM,-19,-15,-15,-15,-18,-21,-22,-19,-15,-25,-38,-37,-33,-47,-40,-30
PCM,-40,-39,-29,-21,-7,16,26,17,20,27,31,36,42,34,31,34
PCM,27,26,33,31,13,5,1,-1,21,34,38,51,50,52,51,41
PCM,40,31,23,2,-20,-20,-39,-54,-63,-67,-59,-59,-62,-60,-48,-43
PCM,-20,-15,-26,-23,-23,-20,-22,-36,-55,-58,-62,-66,-64,-46,-28,-14
PCM,9,11,4,17,19,8,3,7,9,16,22,17,7,-4,7,9
PCM,-2,17,38,28,36,44,25,11,9,-1,-12,-13,-24,-19,-20,-30
PCM,-38,-47,-49,-45,-42,-31,-20,-14,-16,-12,6,21,23,15,18,20
PCM,19,23,36,21,18,28,35,39,55,60,63,77,72,52,53,40
PCM,32,33,21,16,17,30,34,30,32,40,44,57,51,46,58,47
PCM,36,33,34,33,30,27,21,26,19,8,-1,-10,-22,-23,-22,-22
PCM,-25,-31,-27,-39,-53,-61,-66,-47,-38,-50,-36,-16,-15,-23,-30,-19
PCM,-5,3,12,15,23,14,3,2,-16,-31,-32,-23,-13,-16,-25,-31
PCM,-33,-25,-19,-5,5,16,11,15,30,21,4,-1,-5,-9,-12,-15
PCM,-6,-2,-7,-14,-10,-3,9,17,19,32,31,15,9,-1,-19,-23
PCM,-26,-38,-26,-23,-39,-48,-34,-28,-19,5,30,48,69,77,71,80
PCM,84,75,63,65,66,58,55,53,69,60,44,46,67,70,60,59
PCM,50,48,44,25,12,2,5,9,12,12,9,20,31,31,17,14
PCM,21,25,20,18,11,2,-1,-11,-14,-14,-18,-23,-33,-28,-16,-20
PCM,-24,-15,-14,-13,-2,11,15,16,19,1,-18,-17,-16,-14,2,-6
PCM,-2,5,-3,-7,13,4,2,16,22,12,16,16,5,8,-4,-26
PCM,-31,-25,-29,-30,-15,-8,-18,-17,-10,-19,-20,-19,-21,-27,-12,-41
PCM,-64,-51,-60,-67,-55,-42,-52,-41,-40,-37,-15,4,10,19,50,60
PCM,42,59,67,56,26,23,-4,-12,-13,0,10,32,53,62,64,53
PCM,54,51,49,54,42,59,58,52,43,23,0,-11,-10,-8,6,21
PCM,37,56,69,72,75,80,68,50,37,29,28,15,0,-3,16,0
PCM,4,9,-8,-14,-8,1,4,11,-8,-11,5,2,-14,-15,0,-13
PCM,-37,-37,-40,-53,-46,-39,-19,9,16,29,34,30,33,21,14,21
PCM,12,1,5,10,-4,-10,-10,-9,-1,2,5,26,28,25,22,26
PCM,19,22,-1,-19,-25,-39,-50,-52,-57,-60,-50,-48,-39,-9,8,17
PCM,26,27,26,24,26,10,1,-9,-25,-42,-43,-50,-56,-49,-34,-26
PCM,-19,12,30,46,56,45,48,60,34,25,25,14,0,1,-21,-7
PCM,15,7,2,18,22,24,40,43,42,31,24,11,14,9,-5,-20
PCM,-15,-26,-27,-24,-18,-12,-3,0,12,28,36,36,31,14,-6,-2
PCM,0,-2,-2,-4,5,18,23,26,44,53,53,52,49,48,34,10
PCM,4,-8,-40,-66,-82,-91,-76,-73,-56,-48,-20,-19,-18,-13,-6,11
PCM,19,24,1,5,-2,-28,-47,-65,-80,-72,-63,-79,-82,-64,-51,-33
PCM,-14,8,1,0,-6,-9,-21,-36,-33,-55,-50,-40,-35,-22,-26,-29
PCM,-19,2,21,23,26,31,28,30,34,16,23,10,7,7,1,0
PCM,-17,-13,-20,-15,5,20,37,37,45,35,37,9,-3,-20,-26,-13
PCM,-17,3,5,21,18,6,17,18,33,52,52,39,40,40,19,12
PCM,3,-12,-28,-45,-57,-63,-61,-51,-44,-19,0,7,9,20,20,15
PCM,24,22,12,14,-1,-13,-32,-28,-28,-16,8,5,-11,-8,-9,4
PCM,20,13,20,25,21,15,-2,0,9,11,16,12,13,7,0,5
PCM,18,16,41,50,47,40,19,-4,-24,-38,-63,-79,-66,-52,-47,-42
PCM,-38,-37,-33,-31,-36,-17,4,0,8,8,-15,-33,-42,-69,-57,-44
PCM,-34,-29,-6,-10,-18,-21,-6,-2,-3,5,8,-9,-3,-10,-17,-11
PCM,-24,-44,-44,-32,-27,-23,1,10,14,25,28,36,41,40,41,29
PCM,30,28,16,15,16,9,9,4,2,-6,5,7,5,10,-3,-4
PCM,7,9,11,9,8,-3,-3,-11,-23,-11,7,8,8,22,35,26
PCM,16,11,10,25,50,33,27,31,19,8,14,6,-16,-18,-19,-19
PCM,-1,-10,-17,-2,29,37,28,26,32,12,14,6,-12,-2,5,10
PCM,10,17,19,23,38,45,33,38,30,24,34,28,8,-3,-12,-25
PCM,-38,-20,-26,-41,-27,-45,-53,-42,-42,-41,-28,-17,-12,9,35,26
PCM,28,27,15,23,30,20,24,26,26,7,4,8,0,3,9,15
PCM,4,-3,4,-2,-4,1,1,15,20,4,-16,-29,-45,-49,-39,-22
PCM,-10,-8,-22,-14,-4,0,6,-7,7,9,6,11,20,16,16,24
PCM,32,40,44,39,30,29,20,7,11,5,16,19,11,18,20,16
PCM,2,6,-14,-19,-2,18,13,25,19,3,0,-6,-2,-2,-6,-20
PCM,-35,-41,-27,-24,-23,-17,-19,-16,-2,7,20,22,22,27,43,15
PCM,53,22,36,27,29,41,35,40,11,8,-19,-5,-1,2,2,21
PCM,15,12,-2,17,7,21,33,27,33,39,32,8,18,2,-8,4
PCM,4,-5,10,4,-28,-31,-29,-34,-11,-9,-17,-3,-9,-20,-38,-45
PCM,-45,-27,-30,-35,-31,-19,-21,-28,-39,-46,-36,-40,-42,-25,-23,-18
PCM,-20,-17,-7,-6,13,0,12,29,32,28,31,20,21,21,16,11
PCM,6,1,5,1,-10,-25,-24,-4,5,7,30,32,37,48,35,28
PCM,42,41,24,41,42,48,46,38,20,11,6,-9,-27,-16,-1,-1
PCM,6,0,-15,-17,3,10,28,48,48,41,44,31,21,16,32,27
PCM,29,46,37,17,10,5,-2,16,22,25,10,15,14,5,2,-7
PCM,-14,-5,0,8,8,-11,-19,-29,-41,-41,-36,-26,-18,0,10,-6
PCM,-1,-17,-16,3,13,5,39,39,34,54,50,37,29,26,6,8
PCM,7,-14,-37,-19,-37,-50,-23,-16,-25,9,1,4,114,23,-100,-106
PCM,-140,-2,25,64,70,-44,-55,-7,-36,48,42,-1,4,6,71,80
PCM,67,48,9,-27,20,25,-7,15,47,38,112,86,53,88,85,53
PCM,46,48,23,44,26,10,-42,-29,-2,0,4,-3,-11,-1,15,4
PCM,-18,-13,-14,5,23,-13,-40,-78,-93,-79,-49,-47,-18,38,65,73
PCM,52,59,36,-27,-58,-43,41,91,107,85,-1,18,32,39,52,17
PCM,33,52,20,-9,-62,-63,-37,-28,-26,-18,-4,11,32,33,29,17
PCM,5,5,9,7,15,-5,-25,-31,-30,-30,-18,-28,-31,-10,-28,-52
PCM,-43,-58,-57,-33,-26,-2,-3,9,6,5,-8,-25,-23,-2,16,23
PCM,35,29,32,18,-5,-31,-13,-9,-9,2,-1,-19,-21,-32,-52,-36
PCM,-25,-21,-10,-9,9,44,53,46,17,-28,-37,-30,-13,16,27,-4
PCM,-27,-20,-6,25,57,85,88,82,68,43,45,40,7,18,22,-21
PCM,10,21,-4,17,48,56,64,52,20,7,69,129,79,64,62,1
PCM,-20,16,74,41,41,94,27,-12,22,16,27,27,3,33,54,66
PCM,16,-41,-42,-25,7,-9,4,49,-14,-37,28,38,7,-8,4,12
PCM,5,20,48,51,39,-3,-83,-99,-55,-70,-44,2,-9,-17,6,6
PCM,-7,-13,-47,-67,-28,-16,-68,-75,-61,-68,-49,-15,-24,-24,-49,-43
PCM,7,3,5,21,-4,-24,-41,-59,-33,-16,-24,-15,-32,-42,-13,-27
PCM,-54,-60,-26,5,53,41,3,-23,-14,0,-16,-15,-12,-23,0,3
PCM,-10,22,18,11,20,-8,-11,12,37,55,22,32,33,10,25,42
PCM,36,39,38,49,49,30,29,18,1,0,37,54,36,35,43,38
PCM,22,15,16,-3,-3,16,15,19,0,-45,-45,-41,-43,-35,-58,-38
PCM,-14,-2,7,5,1,7,-10,-40,-20,-14,-23,-17,-29,-33,-13,-22
PCM,-16,-13,-21,13,37,37,39,32,20,-5,-10,-10,-15,7,2,-10
PCM,-18,-29,-10,-18,-23,2,-7,-16,-6,0,-3,-16,-33,-47,-63,-61
PCM,-64,-81,-82,-83,-86,-52,-54,-59,-54,-70,-66,-69,-61,-37,-16,-19
PCM,-13,-18,-46,-56,-39,-37,-28,3,9,27,38,50,47,13,-14,-18
PCM,-18,-22,-2,4,-24,-29,-22,-20,-11,-6,-6,-12,11,51,51,13
PCM,-13,-31,-39,-43,-39,-14,7,10,12,23,5,-1,7,-21,-22,-10
PCM,-9,-2,-9,-2,-5,5,11,-15,-17,7,25,22,9,5,11,-3
PCM,-34,-44,-36,-30,-37,-36,-21,-13,-22,-24,-14,-24,-17,-5,-22,-30
PCM,-38,-39,-50,-79,-79,-63,-65,-69,-60,-54,-56,-33,-10,-20,-41,-55
PCM,-58,-56,-51,-65,-77,-75,-83,-70,-53,-34,-13,-5,-10,-13,-11,-22
PCM,-37,-56,-68,-65,-67,-80,-62,-45,-34,-27,-11,-8,-24,-16,-10,-21
PCM,-20,-7,-2,-6,-7,-17,-29,-24,-27,-38,-16,-11,-28,-45,-35,-13
PCM,-4,17,21,36,53,46,51,57,36,22,3,10,31,37,19,18
PCM,7,-6,2,-5,-10,-3,6,4,0,-16,-13,-24,-17,-22,-37,-15
PCM,-1,1,1,6,8,10,14,14,-5,-6,-16,-28,-25,-15,-9,-20
PCM,-23,-24,-3,15,4,-12,8,3,15,18,16,12,10,6,-1,23
PCM,28,36,36,30,40,32,15,0,-17,-29,-34,-34,-20,9,3,27
PCM,27,17,34,37,-5,-24,-19,-38,-64,-100,-126,-123,-81,-50,-40,3
PCM,14,-14,-25,-48,-62,-50,-12,-1,2,-14,-36,-34,-50,-62,-62,-66
PCM,-33,-21,-13,13,25,0,-17,-25,-43,-65,-65,-62,-30,-20,-28,-24
PCM,-21,-2,-4,-7,-23,-4,14,22,35,33,28,26,7,-3,5,5
PCM,19,44,40,34,42,55,67,59,82,76,63,71,64,58,50,30
PCM,16,12,13,14,1,25,37,-17,5,23,27,49,29,-1,7,-20
PCM,-22,46,28,1,-30,-43,-28,-19,-15,-32,-60,-8,57,64,44,8
PCM,-23,-43,-41,-42,-43,-20,-11,-19,-13,7,22,18,28,24,14,36
PCM,22,-4,1,-16,-39,-33,-24,-16,4,8,8,24,26,29,22,25
PCM,23,32,45,54,38,19,33,30,29,52,57,47,33,23,4,-19
PCM,-32,-17,2,-1,0,2,-7,-14,-24,-40,-45,-31,-53,-77,-43,-28
PCM,-29,-11,-29,-43,-46,-44,-42,-25,6,29,36,61,47,30,28,26
PCM,39,64,59,41,40,43,28,7,9,15,21,28,34,17,7,2
PCM,-6,13,15,7,21,35,41,29,36,36,-4,7,3,-7,-6,1
PCM,23,30,62,67,30,6,3,-10,-23,-8,-14,-26,-9,-19,-46,-36
PCM,-48,-43,-3,-1,-10,-29,-25,-12,-39,-47,-35,-23,-34,-56,-65,-40
PCM,-10,-3,8,0,-3,7,-5,-10,-2,-20,-3,0,-22,-25,-57,-39
PCM,-21,-16,-4,12,-9,-7,-28,-30,-11,-52,-41,11,-3,-24,-11,-19
PCM,-25,-18,-7,9,-1,-29,-31,-23,8,35,31,39,47,45,41,24
PCM,-3,-16,-21,-19,8,2,-26,-7,4,-9,-9,-13,-14,-8,-5,-8
PCM,-1,5,3,0,8,-27,-35,-14,-21,-12,-7,7,21,33,35,12
PCM,40,43,35,28,5,-8,-5,-3,12,24,31,36,28,23,5,-14
PCM,-6,-5,7,21,24,13,25,19,0,-7,5,3,7,2,-14,-43
PCM,-30,5,1,11,22,-8,-13,-11,-7,-2,7,8,0,-2,7,22
PCM,25,38,44,33,22,41,47,20,6,17,33,52,54,38,24,29
PCM,19,11,6,5,8,-6,-11,-1,2,21,8,0,14,21,14,32
PCM,37,27,34,24,29,23,14,10,7,7,28,25,11,1,-15,-13
PCM,14,7,8,20,18,28,17,11,1,0,7,20,32,37,14,1
PCM,26,47,41,30,16,17,16,28,20,47,64,46,28,28,19,18
PCM,26,18,26,24,28,33,24,43,30,3,29,45,39,34,19,10
PCM,3,17,25,24,22,24,31,31,25,31,46,38,37,48,47,39
PCM,48,46,36,37,40,28,6,1,-2,4,5,9,15,22,6,2
PCM,6,-14,-38,-39,-28,-27,-24,-12,-24,-40,-53,-44,-32,-25,-25,-16
PCM,-10,-7,-4,-8,-11,12,19,16,18,13,7,-8,-22,-34,-17,4
PCM,16,22,25,38,42,61,67,41,41,50,32,32,27,10,10,5
PCM,7,2,2,12,-3,-8,-4,-10,-11,0,-1,11,2,-17,-11,-19
PCM,-32,-32,-32,-13,-1,12,25,24,20,7,-2,-8,-23,-19,-24,-11
PCM,-4,-9,-3,3,5,7,8,15,19,45,66,78,-68,-11,-9,-46
PCM,87,12,-76,-36,-51,-68,-29,-30,-14,11,-10,-31,-34,-19,-7,-27
PCM,-28,4,32,40,38,39,38,40,58,59,41,63,49,26,34,32
PCM,34,26,16,-1,13,45,64,61,54,54,51,47,38,42,38,27
PCM,19,20,24,15,25,37,8,30,14,-6,34,20,23,25,-1,-18
PCM,-17,-45,-70,-44,-48,-71,-50,-20,-16,-14,-32,-39,-42,-46,-31,-26
PCM,-13,2,-16,-12,-16,-36,-18,-15,-22,-25,-20,-32,-38,-46,-57,-65
PCM,-57,-37,-42,-40,-41,-60,-72,-74,-74,-54,-45,-42,-16,11,19,7
PCM,-2,-14,-17,-29,-54,-24,43,48,24,34,57,45,-26,-58,-6,34
PCM,50,33,15,2,-13,-31,-34,9,24,10,4,-33,-31,-6,25,57
PCM,37,6,-13,-1,24,22,15,31,56,49,60,58,32,22,-9,-35
PCM,7,34,56,65,32,-5,-58,-51,-5,13,33,52,-17,-13,-4,-57
PCM,-53,-23,-34,-37,-14,7,-8,-19,-7,-49,-72,-26,-3,15,11,-14
PCM,-19,-21,-14,-21,-34,-27,-9,-23,-28,-46,-48,-34,-53,-58,-42,-16
PCM,-20,-18,-47,-37,-12,-16,-14,-28,-49,-80,-67,-30,-8,-12,5,46
PCM,26,32,44,18,37,56,28,4,-3,-15,-2,-32,-76,-62,-39,-46
PCM,-65,-74,-45,-63,-83,-64,-57,-48,-49,-59,-56,-41,-35,-25,-25,-21
PCM,-35,-40,-25,-29,-39,-11,8,9,-10,-24,1,15,10,-15,-19,-11
PCM,-11,-39,-44,-30,-35,-52,-63,-30,19,19,-6,-22,1,19,20,16
PCM,0,23,45,-18,-60,-50,-45,-43,-48,-37,-13,-13,-36,-43,-43,-7
PCM,27,-9,-32,-16,-13,-18,-16,-18,-9,5,-20,-34,1,31,5,-49
PCM,-73,-80,-44,-8,-11,-53,-49,-18,-50,-45,-5,-11,-3,-2,-57,-90
PCM,-55,-39,-57,-68,-60,-66,-66,-51,-26,-34,-50,-58,-66,-25,-7,-45
PCM,-59,-75,-84,-72,-59,-22,-6,-46,-92,-109,-80,-57,-61,-67,-63,-67
PCM,-83,-66,-54,-36,1,6,13,-1,1,35,15,-19,-32,-38,-8,7
PCM,-9,-27,-37,-55,-68,-84,-79,-63,-73,-89,-71,-48,3,25,-7,-73
PCM,-80,-34,-5,14,17,72,16,39,39,14,42,90,33,-39,-53,-60
PCM,-37,-8,15,11,3,12,5,-15,-12,30,11,8,15,-7,-28,-18
PCM,9,32,77,67,16,-18,-31,-30,-24,-5,2,9,13,-9,-23,-21
PCM,-21,-28,-8,-11,-17,-18,-41,-70,-77,-68,-67,-39,-29,-46,-75,-85
PCM,-62,-47,-45,-35,-29,1,-18,-45,-49,-57,-58,-50,-50,-44,-34,-48
PCM,-57,-53,-61,-62,-54,-63,-63,-49,-63,-87,-114,-121,-92,-60,-61,-58
PCM,-56,-75,-84,-69,-64,-66,-54,-38,-28,-38,-31,-33,-42,-40,-30,-17
PCM,5,20,-8,-8,-22,-41,-35,-14,16,40,25,9,3,-5,-12,-18
PCM,-31,-26,-10,-5,-19,-21,-10,-5,6,1,-12,-12,-8,-19,-21,-21
PCM,-16,-13,-27,-32,-35,5,29,15,-11,-21,-29,-12,9,34,55,60
PCM,8,-27,-27,2,17,1,-19,-11,13,21,16,27,55,64,31,15
PCM,15,6,-18,-9,15,12,-4,-8,-11,-17,6,-5,-38,-40,-39,-58
PCM,-57,-51,-30,6,13,-8,-17,-16,3,4,-14,-8,11,15,12,-23
PCM,-34,-29,-42,-38,-23,1,1,-39,-53,-29,-17,-9,20,18,15,-7
PCM,-31,-13,7,-5,-4,2,16,50,50,16,22,35,15,-9,-8,-2
PCM,-25,-16,-13,-30,-24,6,9,12,29,40,58,66,55,55,51,42
PCM,46,37,25,41,26,11,17,34,33,29,37,39,58,71,77,64
PCM,54,38,28,40,39,23,17,25,16,0,-9,13,30,32,33,41
PCM,46,51,57,36,13,3,3,8,21,23,18,9,12,17,23,30
PCM,44,49,42,34,42,27,16,19,26,47,69,52,65,82,37,-11
PCM,-40,-8,-13,4,28,12,9,11,-17,-28,-10,-17,-26,-16,9,32
PCM,40,77,95,102,101,78,58,27,-3,-19,-3,13,16,31,39,28
PCM,22,21,13,13,16,16,17,13,26,30,10,12,10,31,45,48
PCM,41,40,45,44,42,38,42,38,-3,-14,9,14,23,40,42,51
PCM,34,8,5,2,7,35,45,45,51,41,16,20,42,41,49,73
PCM,79,74,70,56,57,81,69,54,59,61,66,68,63,48,49,68
PCM,64,50,60,77,73,61,31,19,28,45,19,32,69,71,43,20
PCM,19,19,52,57,47,52,37,28,43,30,4,4,20,40,48,58
PCM,45,48,46,23,29,47,64,59,71,64,54,58,63,31,42,39
PCM,97,33,-30,8,-66,25,-12,-28,16,-10,3,44,5,50,47,32
PCM,11,-13,-15,-12,-3,16,16,11,15,31,21,-7,-14,-22,-2,5
PCM,6,30,25,42,58,33,46,61,72,83,63,62,52,60,69,37
PCM,29,34,41,42,17,9,17,4,7,16,22,26,31,30,22,36
PCM,57,53,33,27,15,0,20,18,-21,-11,-2,-25,-11,22,37,48
PCM,73,81,79,70,55,54,75,69,55,49,37,43,1,-24,-8,6
PCM,7,20,38,50,47,28,18,16,26,30,14,28,26,23,4,-3
PCM,2,16,25,12,16,36,37,22,5,-14,-16,7,12,6,41,49
PCM,25,12,7,2,-9,-8,4,17,33,25,11,9,11,7,-3,4
PCM,7,23,38,32,16,-9,-30,-38,-26,12,26,-4,1,21,21,18
PCM,24,14,23,47,36,25,2,2,-11,-10,-10,-51,-47,-26,-18,10
PCM,2,-30,-25,-15,-2,-9,-2,15,20,25,37,6,6,58,61,40
PCM,28,45,43,15,2,-9,20,29,-1,18,24,11,3,-12,-18,20
PCM,12,-27,-24,-3,-21,-25,4,-13,-25,-19,-19,-22,6,24,27,42
PCM,35,28,22,1,11,18,17,24,21,42,46,30,33,20,-1,10
PCM,12,-3,2,12,-11,-24,-28,-36,-48,-42,-34,-18,12,21,10,-3
PCM,-17,-30,-28,-30,-17,6,1,9,6,-2,13,4,1,14,15,20
PCM,20,9,8,6,-11,-26,-32,-21,-3,-11,-11,-26,-21,-4,-1,9
PCM,22,23,6,1,-9,-12,-9,-17,-7,-11,-13,-9,-9,3,9,-11
PCM,-21,-10,1,4,-13,-16,3,4,-4,-13,-16,-8,-2,-10,-18,-29
PCM,-33,-38,-40,-33,-5,-4,25,52,58,74,57,38,35,16,-5,-16
PCM,-16,9,-8,-40,-34,-56,-65,-46,-55,-43,-18,-29,-28,-8,-17,5
PCM,19,11,35,34,17,-10,-28,-20,-19,-36,-35,-32,3,19,10,6
PCM,0,-8,-24,-27,-21,-18,-23,-24,-31,10,23,0,15,13,1,22
PCM,23,-2,5,20,1,-27,-42,-45,-19,7,21,7,12,20,7,-7
PCM,-12,-14,-4,17,35,22,11,-1,-15,-26,-25,-23,-29,-3,19,30
PCM,16,7,9,8,-2,3,1,29,50,40,46,29,-21,-36,-37,-30
PCM,-24,-16,19,29,1,-23,-35,-36,-23,-35,-22,-4,19,33,32,17
PCM,-3,12,19,-3,-6,11,15,27,22,-4,1,-15,-38,-30,-27,-27
PCM,1,-2,-15,7,11,16,29,19,33,43,48,58,35,15,12,-11
PCM,-22,-6,-4,-7,9,5,-13,-1,1,9,14,7,22,35,43,26
PCM,17,16,6,11,12,1,10,42,39,24,30,19,14,-14,-31,-24
PCM,-17,-22,-19,-17,-34,-29,-36,-56,-72,-52,-43,-49,-31,-16,1,7
PCM,-6,-13,-2,-1,-15,-30,-20,-20,-50,-59,-71,-90,-84,-68,-68,-41
PCM,-15,-2,18,12,10,1,-16,-31,-45,-41,-29,-44,-31,-14,-29,-18
PCM,-36,-59,-40,-30,-33,-24,2,-1,-18,-15,-31,-51,-46,-32,-36,-38
PCM,-32,-40,-34,-32,-18,-10,-13,-8,19,37,46,50,45,33,18,-7
PCM,-16,-9,2,-2,-7,-2,-20,-45,-37,-56,-57,-31,-31,-13,12,9
PCM,-1,2,4,-9,-10,-1,-2,3,17,15,10,28,27,14,22,30
PCM,21,9,12,10,-2,-15,-25,-38,-36,-51,-69,-65,-54,-45,-30,-20
PCM,-17,-17,-19,-4,4,1,26,22,14,26,11,-2,-13,-10,-22,-21
PCM,-10,-10,-21,-3,7,0,-5,-21,-33,-38,-26,-17,-14,4,2,-27
PCM,-26,-36,-41,-21,-22,-26,-10,-5,-15,-21,-14,-17,-24,-26,-28,-27
PCM,-31,-33,-42,-44,-52,-63,-65,-58,-39,-30,-27,-32,-19,-2,-17,-30
PCM,-35,-38,-17,14,12,3,-1,-15,-12,0,-3,-12,-13,-12,-18,-7
PCM,-6,-2,-16,-26,-32,-39,-40,-35,-16,0,-9,-14,-6,-7,-1,1
PCM,-5,10,16,7,8,2,-21,-14,-14,-33,-21,-7,-18,-28,-6,-9
PCM,-5,0,-17,-16,-1,-17,-31,-7,9,-7,-15,-9,-7,-10,-7,-25
PCM,-35,-28,-31,-47,-44,-32,-33,-34,-17,-16,-27,-32,-40,-33,-15,-17
PCM,-16,-9,-1,5,0,-10,-8,-8,-23,-18,4,3,-12,-24,-24,-31
PCM,-38,-35,-28,-32,-31,-30,-29,-20,-7,4,-2,-4,3,6,13,14
PCM,10,12,-4,-11,-16,-36,-35,-25,-29,-19,-13,-21,-19,-3,5,2
PCM,-3,0,3,17,23,1,-8,-1,-13,-21,-14,-29,-36,-20,-20,-12
PCM,12,10,8,16,20,9,4,-6,-20,-11,-1,-14,-18,-21,-21,-26
PCM,-29,-18,-13,3,13,6,20,25,10,9,7,5,7,4,10,3
PCM,2,7,10,12,20,14,12,13,6,-5,-20,-15,-25,-30,-30,-39
PCM,-36,-29,-28,-19,1,10,25,43,48,56,57,57,70,53,38,32
PCM,23,11,-9,-29,-30,-25,-13,-10,-13,-3,1,14,11,-3,4,5
PCM,8,-8,-21,-37,-46,-55,-68,-53,-49,-52,-47,-44,-43,-31,-23,-9
PCM,6,12,11,15,14,12,4,-7,-7,-22,-26,-12,4,18,18,-4
PCM,-18,-5,-1,-17,0,15,15,26,14,-7,-20,-26,-29,-34,-32,-15
PCM,-14,-15,-5,1,16,28,23,21,3,-3,-3,-16,-16,-19,-36,-38
PCM,-26,-34,-26,-15,3,14,22,26,40,50,63,60,56,45,27,22
PCM,16,11,18,29,18,3,11,15,14,6,-1,3,20,11,1,2
PCM,-5,-12,-15,-33,-45,-35,-34,-30,-23,-18,-20,-15,-8,-1,-8,-12
PCM,-14,-10,5,-7,-11,-6,-16,-12,-12,-12,-17,-12,-15,-15,-2,6
PCM,0,-4,7,1,-8,-11,-25,-27,-6,-5,-10,2,8,14,25,26
PCM,19,28,47,51,47,51,43,31,40,34,4,-16,-21,-27,-31,-25
PCM,-19,-22,-9,-11,-13,17,16,13,26,38,54,59,48,29,17,2
PCM,-18,-32,-14,11,20,19,15,22,26,59,65,44,-13,-61,-71,-31
PCM,33,75,57,19,-27,-37,-2,-6,-18,-9,0,13,28,27,16,28
PCM,18,-8,-18,-23,-41,-49,-49,-53,-42,-18,-5,10,26,28,22,45
PCM,52,47,44,37,23,12,11,4,12,13,13,12,32,43,28,21
PCM,15,19,35,28,29,24,7,8,-11,-28,-21,-8,-7,-12,-11,-9
PCM,-5,-10,-10,-9,-22,-28,-24,-25,-9,-3,0,21,39,39,35,26
PCM,8,8,-4,-1,8,14,19,23,14,8,-3,-10,-9,-19,-18,-27
PCM,-29,-10,-17,-27,-27,-38,-47,-34,-21,-19,-8,5,-5,-12,-12,-26
PCM,-41,-34,-28,-18,3,16,18,24,23,14,12,25,27,37,52,48
PCM,41,31,32,41,28,1,-8,-13,-11,-9,-3,18,21,45,67,74
PCM,73,53,30,32,27,17,17,7,14,31,34,25,16,5,15,24
PCM,21,4,-4,12,15,14,22,3,-13,-1,8,1,7,15,20,19
PCM,23,32,32,59,70,46,53,39,5,8,0,4,17,27,5,0
PCM,16,19,21,22,4,5,17,17,10,2,-8,6,22,6,-9,-11
PCM,-38,-37,-11,10,25,11,-9,-5,13,22,25,15,20,30,19,2
PCM,-7,-22,-27,-27,-33,-20,3,8,-2,13,26,13,-14,-14,-4,-1
PCM,20,31,23,33,35,16,11,31,34,30,41,33,24,45,42,2
PCM,-2,4,4,11,27,14,3,-14,-46,-42,-24,-19,-18,1,13,25
PCM,36,33,24,12,1,-15,-13,-16,-23,-6,-26,-48,-44,-31,-23,-17
PCM,-5,10,16,22,17,-3,-6,-2,-20,-26,-23,-36,-35,-35,-36,-27
PCM,-10,7,25,25,21,28,18,21,25,25,19,12,18,26,39,27
PCM,0,-4,13,26,16,8,-7,-6,-1,-3,-1,7,8,12,12,15
PCM,29,25,11,-3,-13,-14,-3,-12,-3,21,29,43,57,51,45,36
PCM,9,-9,-5,-8,-15,-20,-8,-9,-17,-19,-14,-6,3,4,2,14
PCM,15,0,-3,-3,-5,-6,-11,-25,-32,-37,-45,-44,-36,-25,-22,-12
PCM,-11,-16,2,11,0,-4,-7,-10,-1,-2,-3,16,13,2,17,24
PCM,35,46,56,64,65,45,36,32,38,59,52,57,54,48,51,47
PCM,45,38,35,25,8,11,5,-2,-1,-11,-19,0,11,-1,1,-8
PCM,-15,-9,-3,-4,2,11,6,13,25,22,11,10,21,14,9,10
PCM,8,18,38,44,31,37,40,23,25,21,20,44,54,43,49,55
PCM,36,19,14,4,-8,-22,-38,-34,-29,-38,-51,-61,-44,-34,-47,-35
PCM,-35,-43,-41,-42,-47,-47,-53,-65,-71,-74,-77,-81,-72,-54,-47,-32
PCM,-15,-3,2,0,-3,-13,-10,4,12,-5,-20,-19,-27,-13,10,-16
PCM,7,15,-2,6,9,8,-4,-5,-14,-8,-4,-10,-21,-26,-30,-25
PCM,-18,-16,-3,7,8,7,-6,-20,-22,-30,-19,-8,-6,-15,-13,-14
PCM,-20,-13,-11,-5,6,16,21,39,53,52,51,41,18,21,9,-3
PCM,9,4,-10,-19,-29,-35,-18,-17,-16,-16,-7,2,-8,-9,-7,-10
PCM,-12,-17,-28,-28,-23,-21,-25,-35,-33,-23,-16,-19,-17,-2,6,3
PCM,0,-1,0,-6,-4,-8,-10,-7,0,3,7,7,15,32,44,41
PCM,34,40,33,23,25,33,22,12,-5,-22,-20,-26,-31,-24,-27,-26
PCM,-17,-7,-7,-4,-7,1,5,0,-14,-21,-35,-61,-70,-73,-61,-62
PCM,-70,-65,-66,-55,-45,-33,-23,-4,-1,-25,-23,-22,-31,-28,-16,-16
PCM,-14,-4,-9,-18,-6,-4,3,21,20,13,25,26,15,19,24,21
PCM,29,23,12,19,20,12,10,4,6,4,17,22,12,19,24,13
PCM,12,9,-5,3,0,-18,-10,3,6,13,33,39,43,53,53,52
PCM,49,49,40,25,25,25,4,1,-2,-6,5,21,48,-110,-317,146
PCM,-25,-244,89,32,-25,141,120,-203,8,154,-59,-67,-70,-147,26,-22
PCM,-49,-75,-86,8,0,35,68,-13,75,7,-26,31,-13,24,-33,-58
PCM,-14,-55,-23,48,-22,-2,25,25,11,27,22,-45,-7,-12,-64,-30
PCM,-34,-61,-46,-29,-18,8,24,6,-9,12,-12,-4,1,-13,-28,-31
PCM,-21,-35,-51,-61,-83,-62,-59,-60,-32,-20,-18,1,-1,16,8,26
PCM,25,-9,-12,-12,-38,-24,-36,-48,-22,-26,-20,-7,4,16,41,53
PCM,57,66,61,56,62,57,39,34,38,31,23,8,23,42,33,18
PCM,28,37,26,28,26,3,-21,-23,-38,-48,-3,-8,-24,-12,-1,-18
PCM,-12,-6,-13,-4,6,20,33,25,24,8,-8,9,8,-17,-22,26
PCM,-12,-65,-18,-44,-56,12,-28,-74,41,36,-50,19,50,-27,-19,8
PCM,-78,-87,-16,-19,-66,-63,-52,-73,68,17,-95,50,97,-8,49,35
PCM,-56,5,83,-9,-96,-2,17,-66,-100,90,-13,-203,97,139,-134,38
PCM,188,-91,21,153,-68,-30,114,16,-7,52,-25,52,24,-33,-8,24
PCM,-44,-61,36,-13,-161,155,68,-172,62,76,-138,-34,45,-75,-116,-22
PCM,-9,-130,-7,0,-90,-66,57,-30,-53,-3,-60,-71,0,-71,-92,-11
PCM,-21,-35,-22,21,9,-1,40,22,0,32,54,9,-33,-19,-34,-34
PCM,-30,-48,-74,-34,-7,-21,24,5,24,40,11,44,65,36,42,-1
PCM,-43,-23,-17,-57,-40,-19,-34,-36,-2,-9,-29,-48,-34,-33,-44,-11
PCM,-3,-5,26,-11,-44,-23,-39,-48,-35,-50,-77,-10,-2,-62,-19,-1
PCM,-90,-19,51,-28,-14,51,6,-4,30,-30,-2,42,-21,-20,11,11
PCM,28,14,-26,17,-2,-22,-8,10,-23,-65,-23,-49,-51,-17,-35,-53
PCM,-17,-10,0,31,1,-1,49,18,-4,35,-14,-9,50,15,15,67
PCM,-5,-39,41,4,-47,3,-32,-63,5,8,-20,38,1,19,36,-1
PCM,61,13,-29,-2,-72,-26,11,-26,-2,41,-8,-6,27,20,22,33
PCM,6,-4,19,43,39,17,2,-27,13,28,-27,-24,16,-25,-23,-1
PCM,-38,-30,3,-2,-36,6,-26,-28,-7,-53,-34,-10,-25,-45,16,-11
PCM,-62,5,30,-39,-35,-18,-58,-59,-69,-64,-59,-53,-30,-35,-40,-26
PCM,-24,-38,-18,-8,-49,-36,-36,-61,-61,-22,-67,-54,-23,-38,-27,-18
PCM,-50,-4,17,-37,4,-10,-39,-2,13,-19,-33,18,12,12,59,57
PCM,25,32,64,3,-15,60,11,-34,11,0,-27,15,10,-38,-33,-10
PCM,14,17,-7,-9,12,-4,-12,4,-17,-13,-2,-9,-14,7,-5,6
PCM,44,13,11,54,28,7,58,45,20,33,22,5,10,-11,-30,-19
PCM,-24,0,-13,-47,-22,-12,-23,-34,1,-6,-19,19,19,4,4,-8
PCM,-12,-14,12,1,-34,-6,16,-11,9,-14,-6,-15,-3,4,-28,-15
PCM,5,-47,-32,-12,-39,9,-1,-39,-31,23,-36,11,43,-37,34,45
PCM,-5,15,44,4,10,7,-21,-12,15,20,-19,-17,-15,-39,-20,1
PCM,-28,4,24,27,-8,13,2,-2,-11,-23,-36,-58,-16,40,67,106
PCM,32,96,103,127,22,-95,-42,-239,-115,139,220,124,-112,-68,35,-70
PCM,-41,51,-170,-43,-5,-16,136,71,-13,8,-85,47,33,-55,-29,-4
PCM,-5,-62,-26,-38,2,104,71,55,76,65,78,58,13,24,37,71
PCM,32,3,-33,-54,-51,-42,-10,52,19,56,39,-8,20,-20,-51,-26
PCM,-24,-17,-11,0,19,-2,10,35,29,28,35,5,-3,27,8,32
PCM,30,6,14,38,31,47,28,2,11,32,-37,-1,20,-12,-7,39
PCM,15,14,11,-14,-57,-32,-7,-23,-51,-32,-14,-17,-31,10,8,16
PCM,63,48,23,53,73,30,36,23,7,12,28,23,40,36,39,19
PCM,33,47,57,55,48,38,32,10,6,-4,-11,16,-15,13,1,-36
PCM,-2,25,10,20,15,11,4,39,46,9,33,53,53,86,81,110
PCM,49,65,96,49,50,7,-35,-1,-6,1,9,-30,-6,62,81,-13
PCM,-27,-13,18,52,-49,-16,5,-36,26,55,1,43,56,55,62,57
PCM,68,-31,-52,59,-4,-53,-1,-2,-32,12,38,66,19,-41,-28,-11
PCM,102,13,-50,50,2,-21,22,-73,-53,-37,-120,-56,66,-41,-64,-17
PCM,-36,54,53,-57,-15,-36,-31,30,-54,-57,-6,-100,-9,-30,-100,-12
PCM,-68,-127,-78,-128,-116,-95,-102,-33,23,2,49,4,-16,45,21,-23
PCM,21,56,24,-11,10,23,-36,-11,24,-11,8,23,1,42,-22,-25
PCM,-4,-77,-39,-1,-33,-4,-23,-61,-40,-8,17,32,38,46,58,58
PCM,55,44,38,60,23,-12,33,44,61,55,0,12,31,11,32,49
PCM,37,55,44,23,15,13,20,-11,-19,42,38,30,33,3,-6,1
PCM,14,78,45,43,60,15,9,70,36,-10,-32,-40,17,35,-21,-54
PCM,-25,-6,9,-24,1,23,-18,-6,-31,-50,-27,-38,-65,-31,-28,-30
PCM,-3,11,3,35,23,47,35,-13,24,11,-21,21,23,23,1,1
PCM,-5,-3,-12,-32,-70,-51,-39,-15,5,-58,-59,-46,-60,-55,-52,-22
PCM,-53,-88,-49,-42,-40,-29,-46,-10,2,-20,39,49,35,68,53,62
PCM,84,65,80,87,23,39,22,7,69,54,44,25,2,37,11,14
PCM,4,-2,28,58,38,48,26,4,50,54,-13,2,17,-3,27,23
PCM,41,58,-10,2,83,105,62,53,77,42,-17,27,22,22,18,-8
PCM,26,41,59,38,1,27,59,22,28,-11,-28,44,2,-19,18,-9
PCM,-3,6,-9,22,21,20,26,-11,3,31,-8,1,41,4,-3,10
PCM,7,17,26,36,-5,-24,5,17,7,19,16,-12,26,25,23,60
PCM,58,49,52,42,23,-5,14,25,-2,18,8,-19,15,20,-37,-1
PCM,17,8,24,48,46,57,57,61,56,21,1,-6,5,8,3,20
PCM,37,35,52,63,43,36,22,16,-6,8,42,15,27,47,18,22
PCM,2,28,38,6,62,72,28,40,18,22,28,3,48,41,36,73
PCM,16,31,54,26,29,21,59,55,28,50,37,8,27,33,27,40
PCM,46,34,25,54,23,25,44,40,77,75,46,67,54,53,36,4
PCM,17,17,13,36,30,20,18,-4,-20,10,11,7,21,8,11,-9
PCM,-19,-16,-45,-24,-17,-45,-8,4,-17,5,-26,-26,-3,16,37,18
PCM,2,30,35,5,-4,-11,-22,-21,14,19,16,35,38,30,34,19
PCM,30,65,33,3,16,1,-26,-33,-29,-17,-7,-3,22,27,14,1
PCM,-10,-31,-44,-32,-36,-32,-5,-11,4,20,19,27,18,10,32,22
PCM,21,18,-6,6,0,-11,-3,-7,15,18,-8,4,0,-2,-10,-17
PCM,-9,2,20,42,36,53,59,38,36,27,23,38,28,23,8,8
PCM,2,-21,-1,15,48,60,49,74,52,21,21,-13,-20,-7,-18,-6
PCM,1,-3,4,-5,-18,-22,-9,-4,4,16,29,21,13,22,23,20
PCM,27,19,14,3,19,17,10,27,8,-9,12,-14,-18,-14,-25,-4
PCM,1,-4,14,-20,-18,-12,-41,-30,-35,-34,-36,-46,-24,-3,2,-1
PCM,-8,-2,-2,-2,-16,-13,0,-20,-29,-7,-28,-25,11,-9,-23,9
PCM,-11,-26,-23,-17,-1,3,6,-16,-33,-24,-44,-32,19,0,-9,-39
PCM,-45,14,0,-70,-89,-49,29,5,-47,-51,-4,36,13,-15,16,55
PCM,82,48,32,30,18,6,-20,-17,15,15,-2,-25,-41,3,-4,-37
PCM,-27,-12,-20,-19,3,-19,-9,9,2,26,18,10,20,18,16,28
PCM,30,11,-5,-11,-16,-19,-24,-23,10,-3,-19,8,4,10,11,4
PCM,20,9,-21,-8,-24,-41,-27,-38,-30,-7,6,-1,7,-14,-38,-25
PCM,-21,-28,-14,-9,-20,-18,-26,-47,-49,-41,-42,-37,-38,-14,-19,-24
PCM,-5,-10,-23,-14,-16,-12,-8,6,14,7,2,-6,-22,-28,-24,-25
PCM,-32,-22,-13,-30,-23,-25,-29,-7,-15,-39,-30,-34,-37,-15,-8,-32
PCM,-29,-22,-13,8,14,-12,-12,3,11,28,23,21,13,4,7,3
PCM,0,-20,-16,11,34,-5,-64,-97,-59,-4,-14,-63,-79,-11,43,14
PCM,-24,-31,-18,6,30,25,-19,-25,0,51,82,27,-32,-47,17,87
PCM,63,2,-6,30,37,28,-9,10,74,67,17,-17,-2,36,24,-10
PCM,-13,1,37,59,46,60,53,43,52,39,39,38,28,12,-4,29
PCM,18,6,11,-51,-65,-21,-25,-51,-62,-19,3,13,21,31,45,49
PCM,17,-3,28,15,-7,0,-17,-24,-4,-30,-41,-25,-44,-51,-44,-42
PCM,-20,-31,-43,-50,-52,-7,-10,15,15,16,23,32,37,30,12,1
PCM,2,-14,-10,-12,-23,-42,-38,-35,-34,-19,-1,5,-15,0,25,-4
PCM,7,-10,-4,19,12,-20,-25,-17,4,-12,-16,-2,4,31,11,7
PCM,5,34,37,38,37,32,10,2,-12,-20,-18,-12,-18,1,-1,-6
PCM,4,0,25,35,28,18,18,6,-18,-26,-38,-6,6,-4,13,-2
PCM,-7,3,-8,18,21,13,-13,-2,21,37,29,-3,-22,-23,3,3
PCM,-20,-13,-17,-4,16,16,13,11,7,19,19,-5,-26,-24,-50,-58
PCM,-51,-53,-47,-20,-40,-68,-54,-16,-7,-5,-5,-11,9,19,-7,-6
PCM,-6,-39,-52,-43,-32,-28,-22,-42,-29,9,13,19,1,-1,10,6
PCM,-5,-1,13,17,1,-23,-24,-17,12,22,1,-1,24,39,35,56
PCM,32,0,7,15,7,19,6,-25,-19,6,-10,0,12,16,19,22
PCM,10,17,34,40,46,24,6,27,17,1,2,-16,-30,-30,-23,-11
PCM,20,19,24,33,34,44,34,27,56,51,37,18,9,41,35,-11
PCM,-24,-24,-16,1,-24,-15,13,26,18,22,28,8,20,36,2,1
PCM,13,11,8,1,-18,-15,6,6,1,-7,11,11,23,12,11,-10
PCM,8,2,-3,-4,-17,-26,-14,-30,-22,-6,-10,-5,7,34,17,-8
PCM,-14,-9,-4,-5,-19,-33,-56,-35,-23,-33,-25,-22,-41,-14,-2,-2
PCM,-6,-10,-7,-27,-24,-11,-3,-21,-22,-31,-35,-32,-36,-43,-12,-9
PCM,-9,-5,5,23,-1,13,7,2,3,3,-14,-18,-2,-12,-12,-2
PCM,-10,-4,12,8,3,6,13,28,16,16,17,-2,17,18,20,17
PCM,1,7,-2,1,21,23,42,51,44,52,49,45,39,15,3,12
PCM,15,6,3,-8,-10,-5,-4,8,36,35,34,36,33,41,51,42
PCM,19,18,8,-2,6,-23,-18,-6,2,10,1,4,17,16,25,8
PCM,-13,-7,4,1,-14,-6,-5,-33,-36,-35,-43,-36,-26,-26,-17,-6
PCM,15,10,12,19,2,5,20,-14,-23,-7,-21,-39,-27,-34,-42,-45
PCM,-24,-18,-23,-8,0,4,23,20,2,-1,-7,-10,-22,-25,-23,-9
PCM,-4,-13,-6,15,24,33,40,30,52,45,44,48,30,22,14,0
PCM,-4,-8,-20,-23,-11,13,20,13,17,16,29,25,32,19,21,17
PCM,22,18,26,38,37,37,25,22,24,6,8,25,36,47,81,86
PCM,95,86,55,17,1,1,0,-13,1,15,32,36,29,37,33,39
PCM,41,46,34,31,28,15,16,8,2,7,4,-14,-24,-6,-2,-15
PCM,-25,-18,5,7,0,-7,-1,6,-1,-25,-31,-24,-12,-8,-15,-21
PCM,-9,11,14,22,31,44,42,56,64,50,40,30,24,15,7,-3
PCM,-20,-7,15,14,16,14,12,34,55,39,34,44,31,17,9,1
PCM,5,3,-6,-7,-11,-21,-18,-21,-27,-14,4,11,26,39,22,25
PCM,19,2,-9,-17,-18,-19,-3,2,-10,-5,8,15,28,41,34,40
PCM,56,67,67,60,57,41,38,34,18,26,35,26,30,38,48,64
PCM,61,54,49,58,60,45,41,36,23,32,30,17,16,22,32,42
PCM,45,52,46,47,61,62,54,63,66,58,40,40,17,-6,-5,2
PCM,1,34,54,46,62,75,56,64,70,61,57,57,37,22,20,7
PCM,1,-7,-18,-24,-13,14,19,27,35,42,63,71,56,48,43,28
PCM,18,17,-5,-16,-14,-16,-11,13,29,23,15,17,17,10,14,-2
PCM,-25,-12,-14,5,3,-6,-14,-24,-23,-14,0,-9,1,15,19,30
PCM,32,25,27,24,4,-3,5,-8,-22,-17,-4,7,12,14,3,6
PCM,21,31,30,34,27,36,31,13,17,27,8,-1,0,8,11,16
PCM,32,43,64,82,76,69,82,80,70,58,54,43,35,27,28,30
PCM,35,41,49,46,49,57,58,63,50,48,42,38,31,14,8,6
PCM,-2,-15,-23,-22,-24,-15,-8,-19,-10,1,0,14,28,17,19,21
PCM,10,3,-2,-24,-22,-14,-5,0,10,16,10,22,34,41,31,28
PCM,33,31,10,-1,-8,-15,-18,-11,-14,-4,18,34,44,50,55,68
PCM,73,69,70,62,57,44,49,46,18,11,16,-1,-6,7,9,11
PCM,15,12,11,28,34,26,7,-5,-11,-14,-20,-28,-34,-36,-30,-17
PCM,-23,-20,-22,-15,8,20,17,24,20,20,22,16,17,8,1,0
PCM,-4,-13,-12,8,3,5,8,-1,2,-2,-19,-4,-11,-12,-5,-9
PCM,-3,3,8,-4,-4,9,9,19,34,40,51,56,62,58,56,70
PCM,41,26,11,8,-3,-1,-6,-9,3,-3,-5,8,23,30,21,17
PCM,33,33,18,11,22,17,13,5,-6,15,25,22,20,21,25,27
PCM,27,16,21,37,22,5,5,-19,-13,5,-15,-30,-1,-10,-12,-10
PCM,-2,-9,-2,-12,-25,-27,-7,-6,-13,-23,-20,-18,-30,-32,-46,-42
PCM,-35,-33,-42,-30,-23,-18,-21,-23,-23,-21,-23,-41,-35,-25,-31,-17
PCM,-6,-5,-7,-5,4,3,0,5,5,7,27,30,22,14,4,-6
PCM,5,7,-6,-9,-2,8,4,3,15,29,13,31,45,36,-3,-25
PCM,15,55,43,2,18,28,40,46,11,2,31,44,27,25,25,29
PCM,50,36,6,21,41,19,15,2,-11,6,13,-11,-12,0,15,22
PCM,6,3,24,19,-7,-10,-13,-21,-17,-27,-40,-40,-45,-30,-31,-33
PCM,-29,-21,-5,0,-1,-1,11,14,14,1,-7,8,-9,-21,-22,-27
PCM,-15,-5,2,-13,23,40,21,22,26,26,19,12,-4,-8,-6,-14
PCM,-26,-36,-31,-33,-30,-17,-24,-18,6,7,9,16,16,-7,-9,-13
PCM,-34,-42,-33,-34,-34,-20,-20,-20,-10,-3,-8,-2,8,2,1,-2
PCM,-6,4,-3,-10,-11,-6,-10,-14,2,4,10,0,-5,9,22,19
PCM,27,19,32,37,23,6,9,15,12,7,-6,-9,7,18,18,16
PCM,22,27,33,27,7,10,13,4,-7,-19,-12,-5,-7,-11,-6,-1
PCM,19,7,2,26,36,41,47,25,10,33,27,9,2,2,-14,-3
PCM,8,-12,-14,-5,6,9,-3,-2,2,-3,-11,-22,-22,-24,-34,-45
PCM,-35,-44,-55,-39,-34,-39,-27,-20,-7,6,5,-1,5,11,20,20
PCM,-7,-28,-34,-35,-52,-82,-75,-54,-32,-22,-37,-33,-20,-10,-11,-37
PCM,-52,-41,-37,-49,-55,-55,-54,-52,-36,-42,-34,-4,-1,1,14,15
PCM,13,31,16,11,14,-18,-14,-33,-57,-41,-86,-57,-74,-57,-27,-43
PCM,-21,6,4,90,41,-74,31,-15,-42,-11,-26,-39,32,-25,0,29
PCM,-18,24,28,18,30,39,33,42,35,30,48,15,12,21,-13,-22
PCM,-39,-55,-57,-11,-15,1,-5,0,23,19,27,23,9,2,-12,-24
PCM,-23,-33,-31,-37,-13,-12,-8,-14,2,-7,3,22,-2,12,17,4
PCM,13,-8,-24,-22,-35,-42,-61,-59,-37,-30,-43,-19,-15,-14,5,-1
PCM,5,7,-11,2,-34,-45,-37,-48,-48,-44,-39,-37,-21,-9,-9,7
PCM,16,16,23,11,-12,-8,-12,-28,-16,-21,-30,-39,-47,-40,-44,-52
PCM,-43,-38,-21,-17,-11,-17,-20,-25,-35,-37,-39,-37,-18,-21,-28,-11
PCM,4,-3,18,29,20,36,40,34,21,19,30,21,3,-20,-34,-21
PCM,-17,-30,-21,-1,-17,-29,0,35,23,1,15,59,72,28,-18,-21
PCM,-5,-20,-42,-40,-32,-22,-4,-12,-27,-16,-1,-1,3,37,22,13
PCM,13,-9,-13,-12,-22,-47,-21,-18,-41,-19,-13,-22,-4,34,-2,0
PCM,45,-1,-17,25,-3,-35,-16,-47,-63,-50,-67,-81,-62,-87,-57,-60
PCM,-69,-43,-36,-4,-6,-5,24,4,-50,-24,-30,-45,-28,-40,-18,-18
PCM,-8,-2,-2,42,31,27,12,32,29,-85,1,-11,-66,-5,3,-121
PCM,-66,-41,-62,-50,-23,-32,1,44,23,10,4,-17,-15,-34,-64,-45
PCM,-33,-74,-49,-68,-66,-33,-47,-42,-10,-23,-19,-31,-19,-6,-10,2
PCM,-5,11,9,-5,5,10,-3,33,4,19,14,-3,19,17,10,23
PCM,-31,28,-12,-91,-28,-46,-68,-15,-37,-56,-31,-30,-9,-7,-5,18
PCM,11,17,46,26,33,69,28,2,-2,-2,14,-5,-20,2,43,45
PCM,23,21,53,20,1,11,2,16,22,-16,-21,-26,-33,-34,-47,-52
PCM,-44,-35,-31,-45,-38,11,12,-16,-15,1,7,-1,-21,-24,-25,-33
PCM,-36,-49,-44,-43,-40,-15,-4,-33,-30,-6,10,22,17,23,16,19
PCM,12,6,-13,-30,-20,-16,-3,-19,-3,21,23,25,34,36,36,6
PCM,25,9,-21,-7,-6,-35,-28,-16,-42,-36,-15,-12,-8,-18,-30,-22
PCM,10,4,-9,8,-2,-1,21,-37,-84,-43,-41,-37,-18,-7,17,45
PCM,32,50,70,31,59,45,-2,32,11,-20,-10,2,-9,-11,-8,-13
PCM,11,3,-15,-16,2,40,59,31,18,28,19,-7,-43,-7,-22,-45
PCM,14,-13,-18,15,-3,21,34,8,32,7,3,4,-29,-22,-21,-39
PCM,-12,-38,-57,-32,-54,-51,-26,-16,4,-10,-3,48,23,-16,21,10
PCM,-29,-31,-42,-50,-65,-59,-49,-60,-48,-34,-23,10,6,18,16,-16
PCM,-16,-28,-68,-40,-9,-64,-75,-25,-39,-50,-9,9,-2,19,22,12
PCM,33,15,11,18,36,12,-1,0,-33,-37,-20,-26,-47,-30,-42,-37
PCM,-14,-20,-2,27,24,14,15,1,-13,-7,-14,-43,-27,-4,-37,-34
PCM,-19,-46,-46,-4,-29,-24,6,8,8,16,-13,-11,23,18,10,16
PCM,16,12,27,15,2,17,18,8,11,11,26,42,31,26,34,24
PCM,28,6,-28,-21,-5,-23,-20,-5,10,20,4,14,31,48,64,45
PCM,18,6,-8,7,10,2,-2,-15,-4,14,7,5,-1,17,34,37
PCM,67,68,49,35,18,17,-7,-22,-22,-22,-6,-3,-10,-17,-18,-2
PCM,-12,-27,-21,-19,-7,-11,3,-16,-60,-48,-39,-42,-37,-27,-4,-16
PCM,-11,-12,16,38,21,30,55,63,35,37,50,28,16,18,3,20
PCM,15,9,14,17,39,50,38,64,44,15,17,24,17,4,7,9
PCM,-5,-1,2,3,26,33,26,19,9,25,42,44,65,67,37,35
PCM,17,18,-2,-1,7,5,7,9,13,31,41,17,28,66,55,29
PCM,48,46,42,24,4,-17,-26,-16,-11,-6,0,16,0,-11,-2,-6
PCM,21,36,29,36,25,20,35,24,16,15,0,4,-14,-18,-1,-20
PCM,-2,8,-7,-3,-10,-15,-25,-29,-16,-20,-19,-14,-25,-30,-1,6
PCM,-7,-2,12,24,20,-13,-8,10,16,16,15,8,-23,-25,-41,-67
PCM,-60,-75,-50,-32,-43,-18,-25,-27,-1,-9,6,46,41,53,50,27
PCM,25,9,-10,-4,2,-15,-8,8,-7,-4,8,-9,4,15,22,33
PCM,25,41,38,32,42,20,-13,-8,-17,-23,-13,-22,-14,-4,21,23
PCM,37,41,46,34,36,17,-18,-14,-24,-31,-32,-26,-30,-28,-20,-28
PCM,-40,-25,-8,-13,-2,10,7,8,-1,-7,-13,-2,-10,-3,11,9
PCM,18,34,55,44,40,29,20,10,4,-13,-28,-32,-54,-55,-48,-59
PCM,-49,-38,-36,-14,1,20,4,0,0,18,11,12,27,19,17,21
PCM,-6,-24,-22,-33,-25,-36,-54,-49,-54,-48,-47,-49,-54,-61,-79,-37
PCM,-69,-55,-53,-82,-45,-28,-9,23,14,14,22,-9,-10,-10,-25,-14
PCM,-17,-19,-40,-36,-21,-42,-57,-61,-57,-59,-48,-40,-47,-45,-32,-24
PCM,-20,-5,3,7,35,33,20,33,44,25,5,5,4,0,21,12
PCM,23,45,46,49,49,48,42,40,34,23,17,7,-2,-7,-24,-21
PCM,-28,-26,-28,-11,-2,2,15,17,26,35,25,22,-4,-27,-32,-49
PCM,-69,-69,-55,-57,-61,-44,-29,-24,-31,-13,-8,-13,4,0,-2,2
PCM,1,-13,-12,-5,-5,5,4,1,-8,-27,-14,-8,-23,-34,-32,-41
PCM,-50,-41,-38,-55,-57,-54,-63,-45,-33,-20,0,6,19,15,18,33
PCM,41,25,36,27,13,27,15,-9,-16,-16,-19,-26,-37,-24,-10,-3
PCM,-2,-7,0,13,6,-3,-4,-2,-3,-2,-7,-22,-24,-5,-2,12
PCM,24,27,27,9,18,11,19,12,8,12,-3,-26,-22,-43,-37,-21
PCM,-22,-2,20,8,25,35,31,53,41,49,55,51,50,33,25,5
PCM,-10,-11,-4,7,-12,-11,-3,3,9,9,19,13,13,11,-1,-22
PCM,-16,1,-3,-42,-42,-30,-21,-3,-17,-22,-13,0,-8,-13,11,5
PCM,-3,-13,-19,-26,-28,-25,-31,-49,-37,-28,-30,-22,-22,-6,-4,-10
PCM,-13,-17,-13,-22,-37,-39,-38,-60,-62,-74,-33,-26,-62,-20,-4,-22
PCM,-11,-76,-70,-7,-47,-25,-25,8,39,22,-10,-28,-19,-22,-41,-52
PCM,-21,-22,-47,-40,-46,-54,-46,-55,-60,-44,-14,-35,-37,-13,-13,-13
PCM,-21,-24,-12,-22,-13,3,-10,-7,6,-20,-12,-15,-29,-20,-25,-19
PCM,-7,-25,-31,-31,-50,-37,-10,-22,-10,17,13,6,2,-15,-6,-6
PCM,-21,-27,-44,-46,-50,-50,-44,-27,-10,-6,-4,16,33,40,40,54
PCM,58,18,16,10,-4,-20,-44,-65,-62,-67,-64,-47,-59,-75,-56,-56
PCM,-73,-82,-73,-59,-61,-63,-61,-52,-60,-70,-38,-36,-34,-36,-45,-34
PCM,-8,-4,0,0,-4,17,14,-1,6,-5,-7,-10,-39,-34,-29,-35
PCM,-27,-26,-20,-10,-16,-13,12,16,1,-3,-5,-19,-29,-35,-43,-43
PCM,-30,-33,-39,-26,-18,-5,6,9,14,0,-21,-29,-37,-68,-60,-54
PCM,-76,-91,-90,-77,-87,-96,-81,-60,-54,-64,-53,-16,-22,-24,-18,-36
PCM,-3,9,-6,-7,11,10,-11,-2,-18,-27,20,9,-36,-1,-26,-24
PCM,26,1,-31,-9,-4,1,-18,-25,-4,-11,-18,-28,-27,-12,-8,-29
PCM,-24,3,25,0,-42,-14,-2,2,-34,11,33,16,29,17,37,56
PCM,44,22,6,24,34,3,-3,12,32,20,11,18,32,25,28,12
PCM,3,3,2,1,14,11,-8,-1,-12,-12,-10,-18,-24,-31,-36,-62
PCM,-84,-86,-76,-68,-70,-67,-56,-37,-30,-29,-15,-3,14,18,13,17
PCM,12,13,30,17,7,9,6,1,15,11,3,-5,1,-2,-19,-24
PCM,-19,-15,-7,-7,0,-4,-10,1,24,13,18,46,47,50,48,30
PCM,30,19,1,-12,-11,13,10,-14,7,5,-15,-6,-16,-33,-21,-22
PCM,-10,18,14,14,25,37,36,45,47,49,46,40,40,49,43,61
PCM,62,45,36,40,51,57,42,49,26,11,20,15,1,-1,5,4
PCM,16,36,39,39,35,54,63,63,68,65,76,72,47,30,34,24
PCM,5,19,7,3,11,10,7,24,15,9,-7,-17,0,-14,-30,-30
PCM,-20,-23,-13,-4,-14,5,14,10,10,16,37,48,32,7,3,9
PCM,-7,-17,-7,0,-4,-4,-9,4,25,18,14,29,37,37,49,49
PCM,57,68,49,46,44,40,19,5,9,6,-21,-31,-20,-29,-33,-23
PCM,-23,-19,2,13,13,14,18,15,28,24,18,10,8,-14,-18,-4
PCM,3,8,16,18,28,44,37,21,14,21,16,0,-3,-10,-9,3
PCM,10,24,18,23,28,22,41,47,40,39,37,33,31,21,13,15
PCM,3,0,0,-9,-5,5,-5,1,-2,10,17,21,37,36,33,37
PCM,24,-1,-2,3,19,-1,-3,12,32,36,38,35,42,47,45,33
PCM,27,17,15,4,-8,-15,-26,-31,-26,-9,-23,-30,-22,-3,13,11
PCM,18,21,23,20,16,15,5,3,8,1,-26,-13,-14,-6,2,6
PCM,19,27,33,30,28,37,33,34,16,7,4,-2,-8,-5,-10,-16
PCM,-11,-4,6,9,14,13,14,13,15,1,14,20,12,8,-2,-4
PCM,6,7,25,44,47,42,38,48,44,47,56,54,35,38,28,8
PCM,0,9,1,-3,-4,-13,-5,7,14,11,21,21,16,8,12,18
PCM,11,8,-1,-6,-7,-18,-37,-28,-14,-9,-12,-7,6,19,22,10
PCM,5,21,4,-29,-42,-41,-31,-37,-45,-47,-28,-24,-19,-18,-20,-5
PCM,6,-9,-7,2,3,-3,-7,-3,2,4,-5,-8,11,14,16,19
PCM,9,20,32,20,3,9,5,-9,-16,-2,-4,-14,-17,-28,-31,-21
PCM,-31,-34,-18,6,11,13,18,17,7,0,-22,-34,-36,-46,-53,-66
PCM,-57,-46,-50,-54,-47,-27,1,9,25,36,29,42,37,13,12,4
PCM,-21,-25,-26,-24,-19,-6,2,9,15,28,32,27,25,17,14,4
PCM,2,10,16,6,12,14,18,13,15,10,22,32,38,37,40,47
PCM,42,37,29,18,8,12,0,-8,-17,-15,5,7,14,33,46,58
PCM,66,73,64,65,55,35,15,-2,1,3,-10,-11,-12,-13,-12,-19
[SNAPSHOT] --- END PCM --- (lines: 2000)
[SNAPSHOT] --- BEGIN MFCC (raw float, pre-normalization) ---
MFCC,0,-40.860638,0.844782,0.424982,0.441099,0.393853,1.444239,-0.051820,0.409913,0.200500,0.490219,-0.687006,0.322590,0.666171
MFCC,1,-39.118637,2.090186,1.597047,0.416644,0.757256,1.116762,-0.802134,0.678651,0.233582,0.499130,-0.448136,-0.143979,0.737080
MFCC,2,-39.676659,2.291913,1.603912,0.602948,0.348022,1.620757,-0.613733,-0.222543,-0.613367,0.635738,0.030939,0.244841,0.387667
MFCC,3,-38.864586,2.733621,0.849008,-0.487776,-0.469118,0.075644,-0.510056,-0.053087,-0.537170,1.006662,-0.534054,0.266742,-0.305889
MFCC,4,-39.036663,2.565590,0.865081,0.230195,0.441992,0.894999,-0.120740,0.136059,-0.989458,0.940849,0.197592,0.543495,0.386034
MFCC,5,-39.220741,2.414110,1.532145,0.905417,0.142114,0.613334,0.180710,0.330207,-0.329346,1.034155,-0.750666,0.077059,0.053006
MFCC,6,-39.042614,2.736854,0.994446,0.399963,0.059826,1.146601,-0.018345,0.888439,-0.199094,2.009136,-0.009256,0.577604,-0.704680
MFCC,7,-38.577034,2.734842,1.158563,0.360307,0.343873,0.435874,-0.299868,0.401204,-0.671421,0.586861,-0.477867,0.415130,0.077692
MFCC,8,-34.552547,0.652858,-0.489015,1.077596,0.844264,0.228517,-0.619741,0.958660,1.055899,0.450656,-0.185614,0.456678,-1.456577
MFCC,9,-27.020369,-0.285425,-1.221748,1.901393,0.406983,-0.110544,-0.090706,1.052699,0.931845,0.257426,-0.864642,0.887396,-0.671760
MFCC,10,-28.899195,0.779772,-1.306742,0.872205,-0.212042,-0.350399,-1.799714,-0.516800,0.836162,0.036604,-0.414108,0.951570,-1.057580
MFCC,11,-34.308945,0.563310,-0.304787,1.108860,0.677379,-0.748415,-2.183462,-0.391655,-0.278768,0.493338,-0.211589,0.308975,-0.565843
MFCC,12,-35.988342,1.610124,-0.648883,0.336178,0.655134,0.941215,-0.064173,1.090708,1.109807,0.478655,-0.524300,-0.269047,-0.262216
MFCC,13,-35.661690,1.760030,-0.392683,1.424978,0.274678,0.570262,-0.705939,-0.061555,0.337601,0.693459,-0.184137,0.387128,-0.756852
MFCC,14,-33.356846,1.908729,-0.024264,0.648526,-0.668420,0.679351,-0.339886,0.896592,0.291153,0.761147,-0.297521,0.694864,-0.279521
MFCC,15,-35.590115,1.491845,0.337211,1.249583,0.358101,1.199181,-0.508983,0.359106,-0.206136,-0.256754,-1.079325,0.394776,-0.101617
MFCC,16,-36.770645,2.563965,1.274231,1.297166,-0.326359,0.132521,-0.607690,0.219486,-0.082948,0.593282,-0.192584,0.227364,-0.053329
MFCC,17,-38.534973,2.483664,0.729563,0.305566,-0.071401,1.003307,-0.231846,1.197826,-0.155285,0.103913,0.008347,1.038613,0.279159
MFCC,18,-38.184063,2.617967,0.501946,0.557970,0.681261,1.446417,-0.914071,-0.028544,-0.728899,0.280517,-0.065940,0.664410,0.924485
MFCC,19,-38.512657,3.110093,0.624936,0.367393,-0.070336,0.372527,-1.051117,0.289573,0.409867,0.798592,-0.137712,0.034978,0.598238
MFCC,20,-38.012375,2.593360,0.437209,0.298445,-0.139625,-0.106822,-0.780238,0.315787,-0.000872,1.325451,-0.297923,-0.012367,0.271201
MFCC,21,-38.284206,3.181950,1.835186,1.223317,-0.457655,0.213148,-0.323967,0.433121,-0.179486,0.820851,-0.208898,-0.063512,0.143512
MFCC,22,-38.847015,3.253015,1.409672,-0.042571,-0.397659,1.132786,-0.690615,0.053810,-0.330148,0.994502,-0.557033,-0.260012,-0.172997
MFCC,23,-32.685455,-1.406036,1.337731,0.701301,-0.479849,-1.202337,1.619928,-0.119648,0.312541,0.931196,-0.347636,0.638179,0.359815
MFCC,24,-32.917694,-0.269588,0.444128,1.852241,-1.776247,-0.022616,0.412838,-1.213721,-0.446590,0.547303,-0.683209,-0.261210,-0.743779
MFCC,25,-35.621372,1.574652,1.642765,1.359906,-0.905887,-0.333453,-0.300509,0.112575,-0.302200,0.544890,-0.684385,-0.225090,0.132100
MFCC,26,-37.690361,1.917605,1.392751,1.323761,-0.699053,0.038424,-0.296465,0.123933,-1.349548,0.390423,0.129214,-0.032405,0.276392
MFCC,27,-37.734470,0.941918,1.513010,0.023293,-0.407082,0.238815,-0.696440,0.478663,-0.355320,0.300686,-0.243237,0.197944,-0.200032
MFCC,28,-37.646397,2.735239,1.314742,0.031728,-0.127143,-0.220802,-0.509284,0.391304,-0.422315,0.739096,0.274999,0.930291,0.096340
MFCC,29,-37.548340,2.175462,0.668580,0.605773,-0.194360,0.136483,-1.668998,0.261120,0.371135,0.782293,-0.342212,0.150411,0.099160
MFCC,30,-38.311600,1.949483,0.905084,0.807730,-0.341629,-0.021878,-0.633936,0.439875,-0.568960,1.000239,0.030549,0.741871,0.166101
MFCC,31,-37.899029,2.161354,1.025258,0.757990,-0.626369,0.161006,-1.312891,0.532079,0.182478,1.267485,0.158455,-0.091168,-0.406368
MFCC,32,-36.141819,2.145801,1.188148,0.718884,-0.682339,0.196546,-0.828366,-0.167799,-0.012145,0.343485,-0.042250,0.369830,0.340477
MFCC,33,-38.442093,1.822716,1.389871,0.681299,-1.015393,0.433120,-0.411512,0.001032,-0.346810,0.696969,-0.182320,0.442162,0.010526
MFCC,34,-39.207382,2.414414,1.618576,0.738231,-0.564787,0.235764,-0.656694,-0.043041,-0.585593,0.315873,-0.050979,0.164775,-0.139859
MFCC,35,-38.955456,2.951247,1.768471,-0.104339,-0.979613,0.215769,-0.522055,-0.303167,-0.883048,0.460513,0.054346,0.768976,-0.774929
MFCC,36,-40.143059,1.771940,0.595813,0.711208,0.256544,1.411152,0.042263,-0.032525,-1.062790,0.384664,-0.331913,1.030956,0.343755
MFCC,37,-40.317722,1.995251,0.968923,0.888908,-0.533986,0.150284,-0.142775,0.006248,-0.574597,0.976944,0.424948,0.905983,0.210097
MFCC,38,-37.935257,2.914736,0.275009,-0.022756,-0.554585,0.797756,-0.344433,-0.211511,-0.804996,0.921261,-0.845695,0.158946,0.184792
MFCC,39,-39.501030,1.810413,-0.108068,0.140596,-0.428015,-0.277731,0.005818,0.287614,-0.878324,0.282824,-1.199068,-0.276574,-0.821816
MFCC,40,-39.694122,2.436508,1.546603,0.066823,0.221994,0.770963,-0.201027,0.495796,-0.766417,0.256037,-0.500858,1.076023,0.137365
MFCC,41,-39.622948,2.145044,1.557431,0.127806,-0.015237,0.794266,-0.460224,0.664654,-0.308926,0.880173,-0.088899,0.635304,0.510155
MFCC,42,-38.938511,2.974339,1.447177,-0.159437,-0.296394,0.017884,-1.196595,0.138153,0.093363,1.190620,-0.232100,1.010140,0.762403
MFCC,43,-38.706852,2.819871,0.944970,0.358614,0.214266,0.055470,-0.521541,1.506012,0.228105,0.979415,-0.097170,0.867437,0.421742
MFCC,44,-32.945766,0.505862,-0.636666,1.739332,0.021055,-0.175118,-1.565960,0.341521,0.302827,0.389315,0.148045,1.765284,-0.245288
MFCC,45,-33.611679,1.163915,-1.097350,2.410506,-0.175081,-0.563006,-1.195509,0.892284,-0.227739,-0.155889,-0.175642,1.101750,-0.223994
MFCC,46,-29.969229,2.500431,0.611340,0.896709,-0.225290,-1.037375,-2.859069,-0.754783,-0.052678,0.840527,0.641067,1.154733,-0.368326
MFCC,47,-25.709980,1.672008,-0.202338,0.347079,-1.455018,-0.706963,-2.695339,-0.781895,-0.418558,0.195113,0.297016,1.089557,-2.008837
MFCC,48,-20.565994,1.741268,-1.043014,0.569400,-1.324809,-0.300585,-2.016418,-1.063366,-0.779464,0.276992,-0.667370,1.104727,-0.488737
MFCC,49,-20.911827,1.104779,-0.602462,-0.523854,-0.769506,-0.734565,-1.340977,-1.069703,-0.302868,1.294551,-0.156396,0.436850,-0.799675
MFCC,50,-26.879843,1.899772,0.475259,0.377901,-1.100469,-0.584993,-1.512727,-0.339872,-0.548687,0.422077,-0.591537,-0.363233,-0.613513
MFCC,51,-29.428104,3.475140,0.983420,0.148878,-1.067365,-0.673156,-1.462951,-0.740533,-0.588930,0.114998,-0.773048,0.188004,0.599685
MFCC,52,-26.248446,-1.138199,2.074684,0.645865,-0.004990,-0.933763,0.356648,-1.833132,0.326226,1.033437,-1.264398,0.456660,-0.135845
MFCC,53,-28.289440,0.225711,1.726447,2.549903,-1.376144,-0.339165,0.479506,-0.945265,-0.728922,0.495731,-0.137828,0.794816,-0.040939
MFCC,54,-32.764404,2.129546,2.092933,1.068883,-0.781093,-0.466346,0.147269,-1.019043,-0.994713,0.733415,-0.833290,0.018148,-0.166401
MFCC,55,-36.389771,1.652038,1.964158,0.835228,-0.618110,0.917735,0.652600,-0.916883,-0.847519,0.445213,-0.969502,-0.719909,-0.222333
MFCC,56,-36.693775,2.044483,1.780675,0.256507,-0.025541,0.635997,0.476699,-0.380568,-0.843674,0.549495,-0.946365,0.024976,0.157582
MFCC,57,-38.001011,0.974502,1.594584,0.372968,-0.223478,0.573637,-0.092276,0.065840,-0.764001,0.158719,0.318647,0.570569,-0.051034
MFCC,58,-37.837597,2.086311,1.494557,0.354519,-0.286617,0.269640,0.256285,0.582491,-0.808821,0.341607,-0.309753,0.911564,0.740400
MFCC,59,-38.278660,2.011403,1.369588,-0.195688,-0.476579,0.328548,0.324479,0.827429,-0.243876,0.489458,-0.475822,-0.456863,-0.630628
MFCC,60,-31.187923,2.042651,-0.669180,0.227806,-0.294702,-2.391087,-2.581396,0.489167,0.102398,0.025607,0.860895,2.263952,-0.335829
MFCC,61,-24.678541,3.153044,-2.014759,0.168173,-0.841569,-1.613451,-1.534099,0.286752,-0.635102,-0.527679,-0.227266,0.936358,-0.726065
MFCC,62,-21.361637,2.102442,-0.990021,-0.648092,-1.368525,-1.178860,-1.744215,-1.726411,-1.033234,0.692834,-0.243848,0.833898,-0.703175
MFCC,63,-23.953430,3.142362,-1.032279,-0.266560,-0.810847,-1.236088,-1.980906,-1.049725,-0.891888,0.664988,0.002926,0.384823,-0.646343
MFCC,64,-28.392200,3.241848,-0.800999,-0.961907,-1.591673,-1.499938,-1.536599,-0.956415,-1.478318,0.438285,-0.361027,-0.384763,-0.545623
MFCC,65,-30.954210,4.050921,0.282711,-0.239595,-0.711303,-1.225736,-1.910559,-0.941622,-0.869981,0.247494,-0.850668,-0.855270,-0.850487
MFCC,66,-33.138226,4.063436,1.413504,0.068755,-0.879480,-0.557467,-1.074141,-0.537987,-0.349314,0.475114,-1.146707,-0.328905,-0.015581
MFCC,67,-34.427032,4.326437,1.497752,-0.406469,-0.864052,0.079603,-0.786881,0.209920,-0.823763,-0.234921,-1.134264,-0.810765,0.015712
MFCC,68,-35.689281,4.110811,1.331310,-0.319411,-0.273321,-0.077046,-1.024419,0.444222,-0.539863,-0.413619,-1.110235,-0.865877,-0.212445
MFCC,69,-36.010715,3.148641,1.023396,-0.089815,-0.961091,0.448704,-0.422456,0.284025,0.192736,0.080120,-0.982401,-0.168945,0.277481
MFCC,70,-35.439686,2.687708,0.685129,-0.501776,-0.244478,-0.134307,0.084026,0.574670,0.399385,0.207896,-1.201691,-0.703643,-0.169060
MFCC,71,-35.748863,1.780582,0.356347,-0.914644,-0.223851,-0.792796,-0.578084,0.013834,-0.215695,0.121161,-0.497423,0.070893,0.797947
MFCC,72,-27.804516,-0.329796,-1.145944,0.025561,0.755944,-0.914879,-0.074660,0.156358,-1.185355,0.337013,-0.603779,0.120215,0.260978
MFCC,73,-31.908205,0.654363,-0.014651,0.877344,0.398388,0.960909,0.033092,0.444913,-0.919234,-0.302550,-1.284006,-0.086196,0.392010
MFCC,74,-30.857317,1.296528,-0.676494,0.276910,0.850173,0.961087,0.311637,-0.087577,-0.978909,0.042102,-0.955809,-0.203882,0.262416
MFCC,75,-34.353371,0.331982,-0.292103,0.422136,0.204195,0.464918,-0.471375,-0.158960,-0.658435,0.595659,-0.043691,0.476937,0.522629
MFCC,76,-29.742878,-0.211545,0.186604,0.799524,0.871627,-0.177744,-0.954320,0.329512,0.101297,0.429009,-0.749114,0.734768,-0.277642
MFCC,77,-30.299082,0.262867,-0.955632,1.091210,0.320473,-0.368364,-0.182233,0.971484,0.720834,0.970638,0.823833,0.910909,-0.344442
MFCC,78,-31.793653,0.850114,-0.944064,-0.686051,0.222880,0.776226,-0.100357,0.419859,0.742303,0.706961,0.027313,0.712485,0.014336
MFCC,79,-33.874886,-0.284016,-0.626675,-0.464806,-1.040852,-0.235767,-0.619155,0.479212,0.800852,1.000021,-0.450604,1.114925,1.363974
MFCC,80,-34.018955,1.328923,-0.015024,-0.789692,-0.527593,1.150712,0.042703,0.752607,1.060999,1.646805,-0.656902,0.057355,0.097486
MFCC,81,-37.082966,1.394264,0.007621,-0.127042,-1.180994,-0.241531,-0.595061,1.190625,0.527139,0.954123,-0.701868,-0.293568,0.314733
MFCC,82,-33.272552,1.803088,-2.245553,-0.108619,0.045462,-0.584323,-0.026295,0.531219,-0.931305,0.496595,-0.045152,0.099123,-0.210255
MFCC,83,-35.227219,2.374511,-0.416905,0.105806,0.039618,0.703569,0.090939,0.242514,-1.103510,-0.188893,-1.054586,-0.117301,0.223843
MFCC,84,-27.302389,-2.906113,1.837229,-0.483274,-0.673439,1.021884,0.218039,0.222858,-1.484978,0.072225,-1.556841,-0.238343,0.429148
MFCC,85,-28.442848,-2.736820,2.191029,-0.906648,-1.577573,1.626344,-0.422725,1.232339,-1.481411,0.771813,-1.161554,-0.942076,0.459776
MFCC,86,-25.465014,-3.652810,-1.447467,-0.607521,0.061174,-0.045775,-0.467801,-0.047237,-0.788379,0.903743,0.629572,0.014848,-0.084408
MFCC,87,-27.783287,-1.019930,0.801126,0.007551,-0.977197,0.296421,-0.136855,0.558453,-0.649399,0.980652,-0.133425,0.815728,0.300331
MFCC,88,-32.936565,-0.108417,0.660802,-0.547682,-0.097510,1.415736,-0.269609,0.192956,-0.469715,0.490148,-0.752683,0.763190,0.475398
MFCC,89,-31.237360,-0.195211,-0.437046,1.308270,-1.179376,-0.210314,0.922657,0.050966,0.429218,1.748687,-0.741280,0.152651,-0.123443
MFCC,90,-35.759361,-0.748256,0.251393,0.545266,-0.635088,0.551244,1.503976,1.384338,0.098436,0.883413,-1.150269,-0.722082,-0.254491
MFCC,91,-36.013477,1.776700,0.263787,0.184348,0.018605,1.293796,0.631094,-0.014649,-0.319490,0.789895,-1.101795,-0.604341,0.480864
MFCC,92,-36.397907,1.750502,1.378453,0.392904,-1.292575,0.344567,0.542263,0.199238,-0.353540,0.339115,-0.499041,0.039468,-0.068213
MFCC,93,-34.411427,-0.539444,1.745272,-0.534647,-0.526901,0.919512,0.893089,0.289191,-0.335960,0.917244,-0.709049,1.205880,0.819187
MFCC,94,-31.302496,-0.896816,1.719594,-0.768796,-1.052425,0.247199,-0.476850,0.696016,-0.077452,0.526329,-0.959331,0.664661,0.680738
MFCC,95,-32.929398,0.150005,0.610173,-0.197352,-0.508634,0.860003,-0.043886,0.938590,-0.319617,0.143979,-0.866888,0.144011,0.317314
MFCC,96,-33.775379,2.041338,1.342964,-1.466961,-0.560172,0.064140,0.250473,0.658233,-0.046912,0.801194,-0.282684,-0.073051,0.205408
MFCC,97,-32.582756,1.155733,1.314762,-0.682507,-1.035119,0.522664,-0.061248,0.158071,0.283950,0.166665,-1.112106,0.594132,-0.119444
MFCC,98,-35.136112,1.906775,1.122543,-0.162578,-1.399325,0.350462,0.197557,0.535086,0.042738,0.357746,-0.187672,0.340873,-0.078958
[SNAPSHOT] --- END MFCC ---
INT8,30,100,99,99,99,101,98,99,99,99,97,99,99,33,102,101,99,100,100,97
[SNAPSHOT] --- BEGIN MODEL OUTPUT ---
OUT,answer,-123,1.953125
OUT,back,-107,8.203125
OUT,call,-113,5.859375
OUT,close,-122,2.343750
OUT,eight,-114,5.468750
OUT,five,-119,3.515625
OUT,four,-123,1.953125
OUT,help,-106,8.593750
OUT,left,-118,3.906250
OUT,next,-118,3.906250
OUT,nine,-117,4.296875
OUT,no,-118,3.906250
OUT,one,-119,3.515625
OUT,open,-116,4.687500
OUT,play,-110,7.031250
OUT,previous,-125,1.171875
OUT,record,-122,2.343750
OUT,right,-119,3.515625
OUT,search,-121,2.734375
OUT,set_a_timer,-127,0.390625
OUT,seven,-122,2.343750
OUT,six,-123,1.953125
OUT,start,-120,3.125000
OUT,stop,-117,4.296875
OUT,three,-123,1.953125
OUT,two,-120,3.125000
OUT,volume_down,-127,0.390625
OUT,volume_up,-126,0.781250
OUT,yes,-123,1.953125
OUT,zero,-125,1.171875
[SNAPSHOT] --- END MODEL OUTPUT ---
[SNAPSHOT] === CAPTURE COMPLETE ===

